WUSTLID,White,Black,Asian,Education,Income,Ideology,Female,GOP,Democrat,Age2016,StealShampoo,weights
989874,1,0,0,15,16,2,1,0,1,30,1,0.71
989875,1,0,0,12,3,4,1,0,0,63,1,2.31
989876,1,0,0,10,11,4,1,0,0,59,0,2.52
989877,1,0,0,9,3,8,1,1,0,48,0,1.05
989878,1,0,0,9,5,7,0,0,0,60,1,1.43
989880,0,0,0,12,3,4,0,0,0,33,0,0.23
989881,0,0,1,12,8,2,1,0,1,63,1,1.26
989882,1,0,0,9,8,7,1,1,0,31,1,2.75
989883,1,0,0,13,13,4,0,0,0,68,1,1.77
989884,1,0,0,12,10,5,1,0,0,33,1,0.73
989886,1,0,0,11,11,5,1,1,0,61,1,1.6
989888,1,0,0,11,13,6,0,1,0,64,1,0.35
989889,1,0,0,11,7,7,0,0,0,67,1,0.34
989892,1,0,0,10,4,2,1,0,1,61,0,0.86
989893,1,0,0,12,15,6,1,1,0,56,1,1.45
989897,0,0,0,13,4,1,1,0,1,59,1,0.12
989903,0,0,0,14,3,6,0,0,0,56,0,0.15
989904,1,0,0,12,6,6,1,0,0,56,1,0.19
989905,1,0,0,10,6,3,0,0,1,46,0,0.44
989906,1,0,0,13,7,6,0,1,0,62,1,0.67
989907,1,0,0,12,4,6,1,1,0,25,1,0.17
989908,1,0,0,9,3,8,1,0,1,66,0,0.15
989910,1,0,0,13,8,2,1,0,1,37,1,0.23
989911,1,0,0,12,11,6,0,1,0,76,1,1.5
989912,1,0,0,12,11,6,0,1,0,67,0,0.27
989913,1,0,0,12,11,4,0,0,1,68,1,4.48
989914,1,0,0,12,1,4,1,1,0,53,1,0.06
989916,0,1,0,10,4,2,0,0,1,47,1,0.51
989919,0,0,0,11,4,6,0,0,0,64,0,0.41
989920,1,0,0,14,7,6,0,0,0,67,1,0.22
989921,1,0,0,12,5,3,0,0,1,65,1,0.07
989922,1,0,0,14,5,5,0,0,0,59,1,0.61
989923,1,0,0,12,5,7,0,1,0,66,0,0.11
989925,0,0,0,10,5,4,0,0,1,57,0,0.43
989927,1,0,0,12,8,3,1,0,0,55,1,0.36
989928,1,0,0,12,1,5,1,0,0,68,1,0.06
989930,1,0,0,9,3,3,0,0,0,43,1,0.33
989931,1,0,0,12,7,2,1,0,1,38,1,0.53
989934,1,0,0,13,14,1,1,0,1,68,1,0.64
989937,1,0,0,9,5,6,1,1,0,80,1,0.27
989938,0,1,0,9,3,4,0,0,1,55,0,1.63
989939,0,1,0,10,3,3,0,0,1,66,0,1.41
989940,1,0,0,13,8,5,0,0,0,54,1,0.15
989944,1,0,0,13,10,3,1,0,1,64,1,2.61
989946,0,0,0,12,11,3,0,0,1,41,1,3.1
989947,1,0,0,12,9,2,1,0,0,37,1,0.45
989951,1,0,0,12,5,3,1,1,0,43,0,0.35
989953,1,0,0,13,13,5,0,1,0,52,1,0.59
989954,1,0,0,9,5,6,1,0,0,84,1,0.96
989956,1,0,0,9,4,4,0,1,0,51,0,0.11
989960,1,0,0,12,6,6,0,1,0,63,1,0.14
989964,1,0,0,10,13,2,1,0,0,39,1,1.43
989965,1,0,0,10,4,4,1,0,1,64,1,0.1
989966,1,0,0,11,3,1,1,0,1,66,1,0.15
989968,1,0,0,12,11,1,1,0,1,42,1,0.69
989969,1,0,0,11,3,4,1,0,1,55,1,0.23
989970,1,0,0,13,5,6,0,1,0,56,1,0.43
989972,0,0,1,13,8,5,1,0,1,72,1,0.5
989973,1,0,0,13,6,4,1,0,1,30,1,1.14
989975,1,0,0,14,8,4,1,0,1,76,1,0.32
989976,1,0,0,15,6,2,1,0,1,81,1,0.06
989979,1,0,0,14,5,5,1,0,0,69,0,0.09
989982,1,0,0,8,2,4,1,0,0,36,0,2.18
989983,1,0,0,11,3,4,1,1,0,90,1,0.09
989984,0,1,0,12,7,6,0,0,1,64,1,1.19
989990,1,0,0,13,11,5,0,1,0,64,0,0.56
989993,1,0,0,12,5,5,0,1,0,58,0,0.11
989994,0,1,0,12,8,3,1,0,1,78,1,1.15
989995,1,0,0,13,13,6,0,1,0,24,1,0.29
989996,1,0,0,11,5,7,0,1,0,84,1,0.13
989998,1,0,0,12,13,6,0,1,0,32,1,1.32
990000,1,0,0,12,6,3,1,0,0,59,1,0.24
990003,0,1,0,10,6,2,1,0,1,57,1,2.21
990004,1,0,0,12,12,2,0,0,1,71,0,0.45
990542,1,0,0,9,5,8,1,0,1,28,1,6.72
990543,1,0,0,9,3,4,1,0,1,79,1,0.19
990544,1,0,0,12,10,5,1,0,0,45,1,0.18
990545,1,0,0,12,5,3,0,0,0,74,1,0.3
990550,1,0,0,13,13,6,0,1,0,37,1,0.27
990553,1,0,0,6,2,6,0,0,0,50,1,1.1
990555,1,0,0,13,6,1,1,0,0,67,1,0.19
990556,0,0,1,10,7,4,1,0,1,49,1,0.26
990557,1,0,0,9,2,6,1,1,0,65,1,0.42
990558,1,0,0,9,1,6,0,1,0,72,0,1.2
990559,1,0,0,10,3,7,0,0,0,67,0,0.16
990560,1,0,0,9,4,8,1,0,0,31,0,6.06
990564,1,0,0,13,14,7,0,1,0,34,0,0.24
990570,1,0,0,12,14,6,0,1,0,61,1,0.95
990571,1,0,0,11,5,2,0,0,1,59,1,0.27
990572,0,0,0,13,9,3,1,0,1,57,1,1.9
990578,1,0,0,9,5,6,1,1,0,64,1,6.28
990583,1,0,0,13,15,6,0,1,0,58,1,0.54
990586,1,0,0,11,9,8,1,0,0,48,1,1.32
990587,1,0,0,10,3,4,1,0,0,71,1,0.76
990600,1,0,0,15,11,1,0,0,1,42,1,0.54
990605,0,0,0,10,2,8,1,0,1,66,1,1.23
990608,1,0,0,12,11,4,0,0,0,40,1,0.45
990609,1,0,0,10,4,6,1,1,0,39,1,0.56
990611,1,0,0,10,2,6,0,1,0,64,1,0.07
990613,1,0,0,10,11,6,0,1,0,40,1,2.78
990618,0,1,0,7,1,8,1,0,0,68,0,4.63
990620,1,0,0,12,10,6,1,0,0,69,1,1.45
990622,0,1,0,10,3,2,0,0,1,45,0,4.13
990623,1,0,0,10,5,3,1,0,0,44,1,2.55
990625,1,0,0,9,4,2,1,0,1,65,1,0.19
990626,1,0,0,10,5,6,0,0,0,78,1,0.56
990628,1,0,0,13,12,5,0,1,0,37,0,0.92
990633,1,0,0,14,10,6,0,1,0,78,1,0.94
990640,1,0,0,13,9,5,0,0,0,76,1,2.54
990641,1,0,0,13,1,2,1,0,0,51,1,0.15
990642,0,0,1,14,13,2,1,0,0,73,1,1.56
990644,0,1,0,11,12,3,0,0,1,36,1,2.29
990648,1,0,0,10,2,1,0,0,0,54,1,0.17
990649,1,0,0,10,9,6,1,1,0,59,0,0.32
990651,1,0,0,10,2,3,1,0,1,84,1,0.06
990653,1,0,0,12,11,5,1,0,0,80,1,0.8
990658,1,0,0,10,4,5,0,0,0,37,1,0.52
990664,0,0,0,12,6,8,1,0,0,63,0,0.7
990665,1,0,0,10,8,5,1,1,0,75,1,1.74
990666,0,1,0,9,11,8,1,0,1,62,1,7.38
990667,1,0,0,12,11,2,1,0,0,34,1,1.62
990670,0,1,0,13,9,4,1,0,1,39,1,0.51
990673,0,0,1,13,6,8,1,1,0,67,1,0.19
990684,1,0,0,10,6,6,0,1,0,56,1,0.24
990685,1,0,0,13,9,4,1,0,0,52,1,0.55
990687,1,0,0,12,11,5,0,1,0,67,1,2.69
990688,0,0,0,10,3,6,1,0,0,46,0,0.11
990689,1,0,0,13,8,1,0,0,1,69,0,0.27
990690,0,1,0,9,1,1,1,0,1,76,0,7.38
990696,0,1,0,12,6,3,1,0,1,61,1,0.74
990700,1,0,0,11,11,3,0,0,0,95,1,0.99
990703,1,0,0,12,6,6,0,1,0,48,1,0.13
990705,1,0,0,12,10,5,1,1,0,59,0,0.13
990709,0,1,0,10,5,2,1,0,1,60,1,0.6
990711,1,0,0,9,7,4,0,0,1,63,1,1.82
990737,1,0,0,13,1,3,1,0,1,52,1,0.13
990740,1,0,0,13,2,2,1,0,0,50,0,0.13
990767,1,0,0,9,3,4,0,0,0,64,1,0.49
990773,1,0,0,10,4,2,1,0,1,35,1,0.45
990783,1,0,0,10,3,1,1,0,1,30,0,0.07
990784,0,0,1,15,8,2,1,0,1,51,1,2.37
990802,1,0,0,10,5,4,0,0,0,61,1,2.7
990966,1,0,0,13,12,6,0,1,0,51,0,1.5
990970,1,0,0,12,6,3,0,0,0,38,1,0.94
990974,1,0,0,9,6,6,0,0,1,38,1,1.23
990978,1,0,0,9,6,8,1,1,0,30,1,0.88
990981,1,0,0,13,13,5,1,1,0,31,1,0.36
990984,0,1,0,9,1,7,1,0,0,41,0,7.38
990987,1,0,0,13,3,8,1,0,1,57,1,0.12
990992,1,0,0,12,11,5,0,0,1,43,1,0.13
990993,1,0,0,13,8,2,1,0,1,35,1,0.48
990994,1,0,0,12,10,5,0,0,0,52,1,1.43
990995,1,0,0,9,6,3,1,0,1,65,1,3.62
990997,0,1,0,10,4,3,0,0,1,63,1,0.46
990998,1,0,0,11,7,6,0,1,0,59,0,1.54
991002,1,0,0,12,8,6,0,1,0,61,1,0.49
991004,1,0,0,12,2,7,1,0,0,69,1,0.06
991006,1,0,0,10,2,4,1,0,0,44,1,0.06
991007,0,0,0,9,7,4,0,0,0,50,1,2.08
991008,1,0,0,10,12,2,1,0,1,70,1,1.18
991010,1,0,0,13,8,5,0,1,0,72,1,0.61
991021,1,0,0,13,5,2,1,0,1,40,1,0.09
991022,1,0,0,9,5,6,0,1,0,64,0,0.67
991024,1,0,0,13,9,5,1,1,0,66,1,0.73
991025,1,0,0,10,3,5,1,0,1,27,1,0.06
991027,0,0,0,9,2,8,0,0,0,72,0,7.38
991029,1,0,0,11,6,8,0,1,0,25,1,0.34
991030,1,0,0,15,13,3,1,0,1,70,1,1.72
991031,1,0,0,9,7,5,0,1,0,91,1,0.52
991037,0,1,0,12,4,3,1,0,1,50,1,0.06
991042,1,0,0,13,7,4,1,0,0,59,1,0.63
991043,1,0,0,15,11,3,0,0,1,43,1,0.68
991047,1,0,0,12,11,4,1,1,0,41,1,0.36
991048,1,0,0,10,3,4,1,0,0,38,1,0.77
991053,1,0,0,9,4,7,0,0,1,52,0,0.43
991054,0,1,0,10,1,1,1,0,1,29,0,0.22
991060,1,0,0,15,10,6,0,1,0,60,1,0.68
991061,1,0,0,13,4,1,1,0,0,43,0,0.57
991066,0,0,1,14,8,5,1,0,1,68,0,1.01
991067,1,0,0,12,5,1,0,0,1,85,1,1.89
991068,1,0,0,12,6,2,1,0,0,55,1,1.17
991069,0,0,0,9,5,8,0,0,1,59,0,2.03
991073,1,0,0,11,10,4,0,0,0,47,1,0.79
991081,1,0,0,13,10,2,0,0,0,71,1,0.17
991083,1,0,0,9,10,2,1,0,1,54,1,0.98
991085,1,0,0,15,9,1,0,0,1,69,1,0.48
991086,1,0,0,9,7,7,0,1,0,36,0,2.06
991087,1,0,0,12,12,3,0,0,1,58,1,1.77
991090,1,0,0,12,4,2,1,0,1,55,1,0.1
991091,1,0,0,13,11,3,1,0,0,62,1,0.34
991093,1,0,0,11,5,6,0,1,0,58,1,0.31
991094,1,0,0,14,9,4,1,1,0,41,1,0.43
991095,1,0,0,12,4,6,1,0,0,30,1,0.29
991097,1,0,0,10,6,7,0,1,0,69,1,0.13
991098,1,0,0,12,11,6,1,1,0,78,1,0.81
991099,1,0,0,12,2,3,1,0,1,43,1,0.13
991102,1,0,0,12,8,2,1,0,1,23,1,0.18
991106,0,0,0,12,4,4,0,1,0,54,1,0.08
991110,1,0,0,6,2,6,1,0,0,82,1,7.38
991113,0,0,0,13,7,6,0,0,0,84,0,1.71
991117,1,0,0,15,5,2,0,0,1,41,1,0.25
991120,1,0,0,13,12,2,1,0,1,65,1,1.37
991121,1,0,0,14,10,4,0,0,1,56,1,0.26
991123,1,0,0,12,4,6,0,0,0,62,1,0.58
991124,1,0,0,12,3,6,0,0,0,43,1,0.33
991125,1,0,0,12,4,4,1,0,1,71,1,0.67
991127,1,0,0,11,2,7,0,0,0,39,1,0.12
991131,0,0,1,9,8,5,0,0,0,45,1,1.72
991132,0,1,0,10,3,2,1,0,1,61,1,0.56
991136,0,1,0,14,13,4,0,0,0,45,1,1.48
991450,1,0,0,12,9,3,1,0,0,42,1,0.19
991453,1,0,0,12,10,6,0,0,0,73,1,0.31
991454,1,0,0,13,8,4,0,0,0,70,1,0.37
991461,0,1,0,13,10,2,1,0,1,45,0,1.97
991464,1,0,0,13,12,1,0,0,1,81,1,2.83
991467,1,0,0,12,6,2,1,1,0,70,1,0.36
991469,0,0,0,10,3,4,1,0,1,26,0,7.38
991472,1,0,0,13,10,2,1,0,1,80,1,0.73
991477,0,0,1,15,14,4,0,0,1,45,1,2.9
991485,1,0,0,12,12,7,0,1,0,58,1,1.27
991488,0,1,0,10,2,4,0,0,1,80,1,3.82
991492,1,0,0,13,9,6,1,1,0,52,1,0.06
991494,1,0,0,13,12,1,1,0,1,69,1,0.95
991497,1,0,0,12,8,2,0,0,1,46,1,0.25
991500,1,0,0,12,10,4,1,0,1,26,0,0.26
991501,0,1,0,11,9,4,0,0,1,44,1,0.54
991506,1,0,0,9,5,6,0,1,0,34,1,0.83
991507,1,0,0,12,5,6,0,1,0,36,0,0.15
991624,0,0,0,10,3,2,0,0,1,61,0,3.24
991625,1,0,0,9,3,4,1,0,0,78,1,0.25
991628,1,0,0,9,1,8,1,0,1,77,0,1.17
991629,1,0,0,12,7,2,0,0,1,50,1,0.31
991630,1,0,0,9,1,1,1,0,1,52,1,5.9
991632,1,0,0,14,7,2,0,0,1,86,0,1.7
991633,1,0,0,12,8,6,0,0,1,46,1,0.58
991638,0,1,0,12,10,3,1,0,1,77,1,0.7
991828,0,1,0,12,5,4,1,0,0,65,1,0.19
991830,1,0,0,12,12,2,0,0,1,61,1,0.48
991833,1,0,0,15,11,2,1,0,1,56,1,3.42
991834,1,0,0,12,4,2,0,0,1,45,1,0.78
991836,1,0,0,11,13,3,0,0,1,76,0,0.99
991838,1,0,0,15,14,3,0,1,0,74,1,1.15
991843,1,0,0,13,13,2,0,0,1,81,1,3.19
991848,1,0,0,12,15,4,1,0,0,61,1,0.34
991849,1,0,0,9,2,1,0,0,0,37,0,2.85
993277,1,0,0,12,13,5,0,0,0,60,1,0.68
993278,0,1,0,10,5,4,0,0,1,71,0,0.32
993286,1,0,0,13,12,2,1,0,1,39,1,0.81
993289,0,1,0,12,4,2,1,0,1,54,1,0.39
993290,1,0,0,12,8,7,0,1,0,61,1,0.42
993293,1,0,0,9,7,6,0,1,0,70,1,0.51
993294,1,0,0,9,4,8,1,1,0,31,1,6.87
993302,1,0,0,10,5,4,1,0,0,70,1,0.18
993303,1,0,0,15,12,8,0,0,0,39,1,2.69
993308,1,0,0,12,5,3,0,0,1,55,1,0.14
993309,0,1,0,11,4,4,1,0,1,79,1,0.76
993310,1,0,0,10,2,3,0,0,0,73,1,0.4
993312,1,0,0,12,8,1,1,0,1,68,1,0.32
993315,1,0,0,11,4,5,1,0,0,81,1,0.65
993316,1,0,0,15,5,3,0,0,1,77,1,0.48
993320,1,0,0,12,6,5,1,1,0,83,1,0.3
993325,1,0,0,10,5,7,0,0,0,78,1,2.22
993328,1,0,0,11,9,5,1,0,0,60,0,0.6
993332,1,0,0,10,5,4,1,1,0,69,1,1.17
993335,1,0,0,10,5,3,0,0,1,56,0,7.38
993336,0,0,0,11,8,8,0,0,1,61,1,1.09
993337,1,0,0,12,4,5,1,1,0,69,1,0.3
993339,1,0,0,13,11,3,0,0,1,34,1,0.8
993340,1,0,0,14,6,1,0,0,1,51,1,0.13
993341,0,0,0,9,3,3,1,0,1,38,1,1.14
993345,1,0,0,10,5,8,1,0,1,73,1,1.2
993349,1,0,0,13,13,4,0,0,0,42,1,0.48
993350,1,0,0,9,10,5,1,0,0,50,1,4.81
993352,1,0,0,10,9,2,1,0,1,74,1,0.34
993353,1,0,0,9,5,6,1,1,0,55,1,0.99
993356,1,0,0,12,6,6,1,1,0,61,0,4.26
993357,1,0,0,13,6,2,1,0,0,58,1,0.22
993358,1,0,0,11,15,4,1,0,1,54,1,0.67
993360,0,0,0,12,6,4,0,0,1,77,1,0.3
993361,1,0,0,12,4,5,1,1,0,74,1,0.12
993365,1,0,0,12,6,6,0,0,0,56,1,0.06
993366,1,0,0,11,7,4,1,0,0,49,0,0.82
993369,1,0,0,13,6,4,0,0,1,36,1,0.14
993371,1,0,0,13,12,2,0,0,1,52,1,1.5
993372,1,0,0,15,15,6,0,1,0,36,1,1.57
993779,0,0,0,11,4,4,0,0,0,86,1,4.07
993780,0,1,0,11,6,2,1,0,1,51,1,0.99
993781,1,0,0,12,3,6,1,1,0,83,1,0.06
993786,1,0,0,13,9,5,1,1,0,69,1,1.01
993787,1,0,0,12,10,8,1,0,0,87,1,1.01
993788,1,0,0,10,10,3,1,0,1,35,1,0.6
993794,1,0,0,9,5,4,0,0,0,71,1,0.24
993798,1,0,0,13,6,2,1,0,0,35,1,0.43
993800,1,0,0,9,10,4,0,0,1,66,1,1.5
993804,0,1,0,9,3,5,1,0,1,70,1,0.67
994546,0,0,0,11,2,2,1,0,1,54,1,1.51
994549,0,1,0,15,13,4,1,0,1,71,1,0.67
994551,1,0,0,14,12,4,0,0,0,59,1,0.53
994552,1,0,0,9,5,8,1,0,0,60,1,1.39
994553,1,0,0,9,2,4,1,1,0,72,0,0.31
994560,1,0,0,10,2,5,0,0,0,60,1,0.11
994561,1,0,0,13,12,6,0,1,0,70,0,0.54
994562,1,0,0,12,3,2,0,0,0,57,1,0.07
994564,1,0,0,9,3,4,1,0,0,80,0,0.28
994565,1,0,0,10,6,2,1,0,1,69,1,0.43
994566,1,0,0,12,12,2,0,0,1,42,1,1.49
994569,1,0,0,12,7,2,1,0,1,46,1,0.38
994570,0,0,0,10,10,6,0,0,0,32,1,0.9
994571,1,0,0,10,5,7,0,1,0,72,1,0.24
994575,1,0,0,9,8,4,1,0,1,69,1,1.73
994584,1,0,0,10,15,8,1,0,0,51,1,1.35
994587,1,0,0,12,7,2,1,0,0,50,1,0.33
994593,1,0,0,12,16,2,1,1,0,88,0,1.01
994596,1,0,0,12,5,6,0,1,0,75,1,0.17
994597,1,0,0,13,11,3,0,0,1,69,1,0.52
994599,1,0,0,10,6,6,1,1,0,41,1,0.94
994601,1,0,0,14,7,6,0,0,1,66,1,0.59
994603,0,1,0,13,4,2,1,0,1,58,1,0.35
994882,1,0,0,13,5,1,0,0,1,56,1,0.08
995902,0,1,0,9,1,8,0,0,0,56,1,2.54
995903,1,0,0,9,9,2,1,0,1,53,1,2.46
995907,1,0,0,10,11,4,1,0,0,69,1,0.63
995908,1,0,0,9,4,8,1,1,0,62,1,2.7
995911,0,1,0,13,2,2,1,0,1,47,1,0.34
995913,1,0,0,12,16,5,1,1,0,67,1,0.56
995916,1,0,0,15,7,7,0,1,0,66,1,0.29
995922,1,0,0,13,11,3,1,0,1,80,1,0.34
995923,1,0,0,10,6,8,1,0,0,57,1,0.59
995924,1,0,0,6,4,4,1,0,0,68,1,1.6
995925,1,0,0,9,5,6,0,1,0,85,1,0.37
995927,1,0,0,11,1,8,1,0,1,80,1,0.19
995928,1,0,0,11,4,6,0,1,0,44,1,0.07
995929,1,0,0,10,9,4,0,1,0,61,1,0.45
995931,1,0,0,15,11,6,0,0,0,31,1,0.33
995932,1,0,0,9,4,6,1,1,0,76,1,0.68
995935,1,0,0,11,1,6,0,1,0,62,0,0.15
995936,1,0,0,12,13,5,0,1,0,47,1,0.68
995937,1,0,0,12,4,4,0,0,0,34,1,0.45
995938,1,0,0,9,2,7,1,0,0,61,1,0.15
995939,1,0,0,10,2,4,1,0,1,81,1,0.1
995941,1,0,0,12,11,6,0,0,0,77,1,1.32
995946,1,0,0,12,12,2,1,0,0,60,1,0.71
995948,1,0,0,9,4,6,1,1,0,56,0,1.3
995949,1,0,0,15,12,2,0,0,1,75,1,0.24
995951,0,0,0,10,4,4,0,0,1,50,1,0.89
995952,1,0,0,12,10,5,0,0,0,67,0,0.26
995956,1,0,0,12,11,4,1,1,0,64,1,1.11
995957,1,0,0,13,6,6,1,1,0,45,1,0.2
995959,1,0,0,12,5,6,0,1,0,80,1,0.16
995963,0,0,1,13,11,4,0,0,0,75,1,0.35
995964,1,0,0,10,6,4,1,0,1,72,1,0.63
996404,1,0,0,9,3,2,1,0,1,70,1,1.63
996407,1,0,0,9,3,8,1,0,0,82,0,1.47
996409,1,0,0,10,9,6,0,1,0,57,1,0.6
996412,1,0,0,12,6,2,1,0,1,42,1,0.1
996413,1,0,0,9,4,5,0,0,0,67,1,0.38
996418,1,0,0,11,2,6,0,1,0,74,0,0.1
996420,1,0,0,10,9,5,1,0,1,34,1,7.38
996421,1,0,0,10,10,1,0,0,0,31,1,0.78
996422,0,0,0,13,4,8,0,0,1,68,0,1.53
996425,1,0,0,10,7,4,1,1,0,46,1,0.7
996426,0,1,0,11,6,4,0,0,1,79,0,0.89
996430,1,0,0,12,7,3,0,0,1,72,1,0.13
996431,1,0,0,11,6,8,1,0,0,55,1,0.88
996434,1,0,0,13,3,1,0,0,1,68,1,0.06
996437,1,0,0,10,5,2,1,0,1,85,1,0.4
996438,1,0,0,15,12,2,1,0,0,67,1,1.37
996439,1,0,0,12,3,7,0,1,0,76,1,0.08
996443,1,0,0,12,5,2,0,0,1,58,1,0.19
996445,1,0,0,15,8,2,0,0,0,61,1,0.48
996446,0,0,0,13,3,4,1,0,1,63,0,0.38
996447,1,0,0,10,2,6,0,0,0,63,0,0.06
996448,0,1,0,10,3,5,1,1,0,52,0,0.21
996453,1,0,0,10,2,2,1,1,0,77,1,0.09
996454,1,0,0,13,4,2,1,0,1,62,1,0.1
996455,1,0,0,13,9,6,1,1,0,50,0,0.21
996457,1,0,0,11,11,6,0,1,0,45,1,1.18
996458,1,0,0,13,7,2,1,0,1,28,1,0.43
996460,1,0,0,9,5,6,1,1,0,72,1,0.99
996461,1,0,0,13,8,5,0,1,0,65,1,0.22
996738,1,0,0,10,1,4,0,0,0,70,1,0.49
996741,0,0,0,10,11,8,1,0,0,55,1,4.05
996743,1,0,0,15,7,6,0,1,0,59,1,0.11
996744,1,0,0,13,13,5,0,1,0,68,1,0.24
996748,0,0,1,12,10,4,0,1,0,67,1,0.18
996749,1,0,0,12,3,1,1,0,1,83,1,1.17
996751,1,0,0,9,3,6,1,1,0,65,1,0.42
996752,1,0,0,10,2,2,1,1,0,69,1,0.43
996754,1,0,0,10,5,8,0,0,1,67,1,0.16
996755,1,0,0,12,7,8,0,0,0,74,1,0.43
996756,0,0,0,10,3,8,1,0,1,51,1,1.29
996758,1,0,0,12,8,1,0,0,1,61,1,0.16
996759,1,0,0,10,2,4,0,0,0,62,1,0.08
996760,1,0,0,12,12,4,0,1,0,54,1,0.25
996762,1,0,0,10,3,2,0,0,0,51,0,0.26
996763,0,0,0,10,11,7,0,1,0,61,1,0.75
996952,1,0,0,8,2,4,1,0,1,64,0,7.14
996957,1,0,0,12,9,4,0,0,0,80,1,0.45
996958,1,0,0,12,6,6,0,1,0,39,1,0.64
996960,1,0,0,12,9,6,1,1,0,73,1,0.62
996961,1,0,0,13,9,2,0,0,1,47,1,0.12
996962,1,0,0,14,14,4,0,1,0,50,1,0.24
996963,1,0,0,13,15,5,1,1,0,88,1,0.38
996965,1,0,0,14,10,3,0,0,0,73,1,0.12
996968,1,0,0,10,9,6,1,1,0,31,1,0.72
996970,1,0,0,12,11,8,1,0,0,48,1,0.4
996971,0,1,0,13,8,2,1,0,1,36,1,0.86
996975,1,0,0,9,6,5,1,0,0,33,0,1.73
996976,1,0,0,10,10,7,0,0,0,68,1,0.59
996981,0,1,0,5,1,6,0,0,1,38,1,0.74
997212,1,0,0,14,12,6,0,1,0,28,1,0.54
997216,1,0,0,12,3,2,1,0,1,38,1,0.11
997217,1,0,0,11,11,2,0,0,0,38,1,1.43
997220,1,0,0,13,7,5,1,0,0,25,0,0.38
997224,1,0,0,13,11,6,0,1,0,52,1,0.21
997225,1,0,0,11,4,6,0,0,1,54,1,0.24
997228,1,0,0,9,2,7,0,1,0,40,1,0.22
997229,1,0,0,13,11,5,0,1,0,37,1,0.54
997231,1,0,0,12,5,7,1,1,0,64,1,0.16
997232,1,0,0,13,4,1,0,0,1,61,1,0.12
997235,1,0,0,10,8,4,1,0,0,39,1,3.1
997807,0,1,0,12,2,8,1,0,1,33,1,0.17
997811,1,0,0,10,13,2,0,0,0,32,1,0.99
997812,1,0,0,15,15,6,0,1,0,64,1,0.3
997813,1,0,0,12,1,2,1,0,0,61,1,0.29
997814,1,0,0,10,11,7,1,1,0,71,0,1.18
997816,1,0,0,12,11,4,0,1,0,49,1,0.45
997817,1,1,1,14,2,1,0,0,1,76,1,0.06
997818,1,0,0,12,7,6,0,0,0,29,1,0.13
997820,1,0,0,9,2,4,1,0,1,34,1,0.07
997822,1,0,0,12,10,5,1,0,0,58,1,0.36
997823,1,0,0,12,6,2,0,0,1,64,1,0.25
997824,1,0,0,13,7,4,1,0,0,56,1,0.11
997827,1,0,0,12,3,7,1,1,0,62,1,1.27
997829,1,0,0,12,8,4,1,0,0,52,1,0.84
997831,1,0,0,11,7,6,0,0,0,48,1,0.42
997832,1,0,0,10,7,3,0,0,1,40,0,3
997833,1,0,0,9,7,5,1,0,0,48,1,2.91
997842,1,0,0,13,6,4,1,0,1,25,1,0.2
997844,1,0,0,10,6,5,1,0,0,53,1,0.97
997846,1,0,0,14,8,4,0,0,0,64,1,0.48
997851,1,0,0,13,14,4,0,0,0,64,1,0.24
997855,1,0,0,12,8,3,1,0,1,63,1,0.21
997859,1,0,0,9,9,8,0,0,0,76,0,1.65
997861,1,0,0,14,6,4,1,0,1,58,1,0.19
997864,1,0,0,10,6,6,0,1,0,83,1,0.47
997868,1,0,0,12,2,6,1,0,1,34,1,0.14
997870,1,0,0,11,3,8,1,0,0,56,1,0.06
997871,1,0,0,12,8,3,0,0,0,73,1,0.82
997872,1,0,0,11,5,5,0,1,0,61,0,0.62
998051,1,0,0,9,4,5,1,0,0,54,1,0.81
998052,1,0,0,15,14,5,1,1,0,43,1,0.76
998058,1,0,0,10,6,6,0,0,0,37,1,0.38
998062,0,1,0,9,3,3,0,0,1,81,1,5.15
998063,1,0,0,10,2,2,1,0,1,57,1,0.1
998064,1,0,0,12,4,4,1,0,0,28,1,0.1
998066,0,0,0,8,2,4,1,0,0,86,0,1.01
998068,1,0,0,10,11,2,1,0,1,40,1,2.67
998069,1,0,0,13,13,7,0,0,0,49,1,0.34
998070,1,0,0,15,9,4,1,0,1,32,1,0.34
998073,1,0,0,11,1,1,1,0,0,76,1,3.56
998075,1,0,0,13,10,6,0,1,0,69,1,0.15
998076,1,0,0,10,4,5,1,0,1,64,1,0.31
998138,1,0,0,13,7,5,1,0,0,54,1,0.2
998139,1,0,0,12,8,2,1,0,0,35,1,0.34
998140,1,0,0,10,3,2,1,0,1,48,1,0.34
998276,1,0,0,12,5,6,1,0,0,38,1,0.11
998278,1,0,0,13,14,5,1,1,0,35,1,0.36
998279,0,0,1,9,2,3,0,0,1,74,0,7.38
998281,0,1,0,11,4,2,1,0,1,58,1,0.75
998284,1,0,0,12,4,4,1,1,0,42,0,0.1
998478,1,0,0,11,8,6,1,1,0,51,1,0.35
998479,1,0,0,12,3,4,1,0,0,54,1,0.06
998481,1,0,0,10,9,5,1,0,0,70,1,0.98
998482,1,0,0,11,5,2,0,0,1,30,1,0.09
999154,1,0,0,12,6,6,0,1,0,35,1,0.28
999155,1,0,0,13,5,4,0,0,1,72,0,0.07
999157,1,0,0,12,4,4,1,0,0,64,1,0.31
999158,1,0,0,12,11,3,0,0,0,55,1,0.48
999159,1,0,0,11,9,6,1,0,0,65,1,0.52
999164,1,0,0,9,4,7,1,0,1,46,1,0.5
999172,1,0,0,10,7,6,1,1,0,75,1,0.88
999174,1,0,0,12,11,6,0,1,0,82,1,0.76
999175,1,0,0,9,13,6,1,1,0,34,1,1.6
999178,1,0,0,10,4,2,1,0,1,76,1,0.18
999182,1,0,0,10,5,6,0,1,0,60,1,0.14
999185,1,0,0,11,3,7,0,1,0,47,1,0.25
999478,0,1,0,10,1,2,1,0,1,46,1,2.56
999481,1,0,0,13,7,5,1,1,0,67,1,0.31
999486,0,0,1,15,11,5,1,0,0,64,1,2
999489,1,0,0,10,5,2,0,0,0,46,1,0.77
999490,1,0,0,13,11,1,1,0,1,54,1,0.9
999491,1,0,0,15,7,1,0,0,1,35,1,0.15
999493,1,0,0,10,6,3,1,0,1,80,1,0.41
999495,1,0,0,10,11,2,0,0,0,39,1,1.23
999498,1,0,0,13,5,7,1,1,0,67,1,0.22
999505,1,0,0,10,6,6,0,1,0,37,1,0.53
999790,1,0,0,13,2,2,0,0,1,54,1,0.22
999791,1,0,0,11,15,2,0,0,1,65,1,1.18
999792,0,0,0,7,3,6,1,1,0,68,0,2.98
999798,1,0,0,12,12,6,1,0,1,79,0,0.42
999800,1,0,0,11,14,5,1,1,0,69,1,3.11
999803,1,0,0,12,7,4,0,0,0,76,1,0.2
999807,1,0,0,15,15,1,1,0,1,35,1,0.68
999810,1,0,0,7,1,8,1,0,1,79,1,5.05
999811,1,0,0,12,11,5,0,1,0,79,1,0.99
999815,1,0,0,12,11,7,0,0,0,63,1,0.7
999816,0,0,0,12,13,6,1,1,0,62,1,2
999820,1,0,0,12,3,7,1,1,0,55,1,1.64
999822,1,0,0,12,11,6,0,1,0,39,1,4.53
999824,1,0,0,9,2,8,0,0,0,77,1,0.42
999826,1,0,0,12,9,6,0,1,0,53,1,1.43
999829,1,1,0,11,3,1,1,0,1,48,1,0.36
999830,1,0,0,10,3,2,1,0,1,43,0,0.85
999831,1,0,0,11,3,2,1,0,1,41,1,0.24
999833,0,0,0,12,11,3,1,0,1,31,1,0.74
999834,1,0,0,15,10,2,1,0,0,67,1,0.57
999836,1,0,0,12,8,6,1,1,0,75,1,1.11
999837,1,0,0,12,4,3,1,0,1,67,1,0.22
999839,1,0,0,10,13,6,0,1,0,58,1,0.49
999840,1,0,0,9,5,8,1,0,0,62,1,2.33
999841,1,0,0,13,8,7,1,1,0,36,0,1.96
999842,1,0,0,12,9,6,1,1,0,48,1,1.37
999845,1,0,0,12,8,1,0,0,1,61,1,0.26
999846,1,0,0,9,2,2,0,0,0,65,0,0.06
1000105,1,0,0,10,5,5,0,0,1,74,0,0.38
1000106,1,0,0,13,7,2,1,0,1,66,1,0.43
1000110,1,0,0,11,9,6,0,1,0,35,1,0.5
1000111,0,0,1,9,2,2,0,0,1,57,1,6.21
1000114,1,0,0,13,3,2,0,0,0,76,1,1.5
1000115,0,0,1,13,10,2,1,0,1,53,0,1.26
1000116,1,0,0,13,10,3,1,0,0,76,1,1.49
1000120,1,0,0,12,4,4,0,0,0,53,0,0.73
1000125,1,0,0,12,12,7,0,1,0,59,1,0.45
1000126,1,0,0,10,6,2,0,0,1,67,1,0.34
1000129,1,0,0,11,1,3,1,0,1,62,1,1.25
1000130,1,0,0,10,6,5,1,1,0,65,1,0.36
1000277,1,0,0,12,13,3,1,0,0,85,1,1.6
1000278,1,0,0,13,5,6,1,1,0,79,1,0.43
1000281,0,0,0,14,16,7,0,0,0,36,1,0.39
1000283,1,0,0,12,8,4,0,0,0,54,1,0.67
1000287,0,1,0,10,11,6,1,0,1,59,1,1.18
1000289,1,0,0,10,3,6,0,1,0,60,1,0.06
1000290,1,0,0,11,2,5,0,0,0,47,0,0.27
1000291,1,0,0,12,5,4,0,0,0,42,1,0.16
1000293,1,0,0,10,6,4,1,0,0,67,1,0.97
1000294,1,0,0,14,6,4,1,1,0,55,1,0.14
1000296,1,0,0,9,3,6,1,1,0,61,1,0.15
1000661,1,0,0,11,14,7,0,1,0,74,1,0.83
1000665,1,0,0,9,11,4,0,0,1,65,0,1.31
1000669,1,0,0,13,5,2,1,0,1,61,1,0.12
1000672,1,0,0,15,8,7,0,1,0,52,1,0.13
1000676,1,0,0,9,7,4,0,1,0,74,1,4.44
1000683,1,0,0,10,1,4,1,0,0,29,1,0.47
1000686,1,0,0,14,11,2,0,0,0,75,1,0.45
1000688,1,0,0,12,6,4,0,0,0,77,1,0.12
1000689,1,0,0,11,3,8,1,0,1,66,1,0.12
1000691,1,0,0,13,10,2,0,0,0,62,1,1.61
1000704,1,0,0,12,7,6,1,1,0,39,1,0.85
1000705,1,0,0,9,10,6,0,1,0,38,0,1.32
1000708,1,0,0,12,8,2,1,0,1,70,1,0.11
1000710,1,0,0,12,1,7,0,0,0,54,0,3.18
1000711,0,1,0,9,1,6,1,0,1,57,1,0.82
1000712,1,0,0,13,11,3,0,0,0,56,1,3.19
1000713,1,0,0,13,11,3,1,0,1,68,1,0.47
1000715,1,0,0,13,7,2,1,0,1,60,1,0.19
1000718,1,0,0,13,8,3,1,0,1,60,1,0.38
1000721,1,0,0,13,8,2,1,0,1,78,1,0.4
1000723,1,0,0,12,9,7,1,0,0,67,1,0.78
1000724,0,0,1,14,15,5,0,1,0,50,1,1.61
1000725,1,0,0,10,5,8,0,0,0,60,1,0.3
1000726,1,0,1,13,12,6,0,1,0,55,1,2.09
1000727,1,0,0,9,9,7,0,1,0,76,0,6.59
1000728,1,0,0,15,12,4,0,0,0,45,1,1.62
1000731,1,0,0,13,5,2,0,1,0,59,1,0.28
1000734,1,0,0,10,3,3,1,0,0,79,1,0.29
1000947,1,0,0,9,6,1,0,0,1,60,1,0.36
1000954,1,0,0,11,5,2,1,0,1,53,1,0.06
1000965,1,0,0,11,12,5,0,1,0,67,1,0.5
1000968,0,0,1,11,9,5,0,0,0,45,1,1.27
1000970,0,1,0,7,7,4,1,0,1,61,1,7.38
1000972,0,0,0,3,5,2,1,0,1,40,1,5.16
1000979,1,0,0,11,6,4,1,1,0,57,1,2.52
1001070,1,0,0,10,4,2,1,0,1,49,1,0.72
1001078,1,0,0,13,8,1,1,0,1,63,1,0.52
1001083,1,0,0,13,3,6,0,0,0,67,1,0.06
1001087,1,0,0,10,6,8,0,0,1,58,1,1.18
1001089,1,0,0,13,8,3,0,0,0,76,1,0.28
1001090,1,0,0,11,9,4,1,0,0,43,1,0.77
1001091,1,0,0,11,10,5,1,0,0,49,1,0.66
1001094,1,0,0,10,13,1,0,0,1,78,1,1.29
1001097,1,0,0,12,11,2,0,0,1,58,1,0.64
1001098,1,0,0,13,10,6,1,1,0,29,1,0.17
1001099,1,0,0,13,4,1,0,0,1,55,1,0.07
1001100,0,0,1,12,15,6,0,1,0,82,1,0.88
1001101,1,0,0,11,7,6,0,1,0,83,1,0.61
1001102,1,0,0,12,9,7,1,0,0,72,1,0.35
1001103,1,0,0,13,8,4,0,0,1,60,1,0.61
1001105,1,0,0,14,6,6,1,1,0,52,1,0.91
1001106,1,0,0,13,5,1,0,0,0,37,0,0.2
1001108,1,0,0,9,4,1,0,0,1,69,1,0.54
1001110,1,0,0,13,10,6,0,1,0,56,1,0.46
1001111,1,0,0,9,6,3,0,0,1,60,1,0.4
1001113,1,0,0,13,12,1,0,0,0,54,1,0.7
1001114,1,0,1,10,11,2,1,0,1,69,1,7.38
1001115,0,0,0,10,6,4,0,0,1,55,1,0.87
1001120,1,0,1,12,11,8,1,1,0,72,1,2.03
1001122,1,0,0,10,2,6,1,0,1,38,1,0.43
1001123,1,0,0,11,14,6,0,0,0,77,1,0.59
1001125,0,1,0,11,7,2,0,0,1,36,1,1.98
1001127,1,0,0,12,2,3,0,1,0,40,0,0.06
1001130,1,0,0,12,11,6,1,1,0,72,1,0.52
1001435,1,0,0,11,4,6,0,1,0,49,0,0.67
1001440,0,1,0,12,3,2,1,0,1,38,1,0.2
1001442,1,0,0,13,4,4,1,1,0,64,1,0.11
1001443,0,0,1,13,10,4,1,0,1,51,0,0.31
1001444,0,0,0,13,11,4,0,0,1,31,1,0.96
1001446,0,1,0,12,3,2,0,0,1,64,1,1.39
1001448,1,0,0,10,3,7,1,1,0,69,1,0.14
1001451,0,1,0,10,11,2,1,0,1,72,1,3.28
1001456,1,0,0,10,8,6,1,0,0,72,1,1.03
1001463,1,0,0,12,9,6,0,1,0,65,1,0.24
1001519,0,1,0,10,3,4,0,0,1,58,0,2.94
1001522,1,0,0,12,12,4,0,0,0,68,1,0.48
1001523,1,0,0,12,4,5,1,1,0,67,1,3.25
1001525,1,0,0,10,4,7,1,1,0,80,1,0.31
1001530,1,0,0,12,12,1,0,0,1,43,1,2.19
1001531,1,0,0,13,8,6,0,0,0,64,0,0.99
1001532,0,0,0,13,16,4,0,0,0,46,1,0.76
1001533,1,0,0,9,3,4,1,0,1,60,0,0.4
1001536,0,1,0,10,3,8,1,0,1,64,1,0.41
1002771,0,1,0,9,1,2,0,0,1,83,1,6.53
1002772,1,0,0,10,2,2,1,0,1,39,1,1.29
1002775,1,0,0,12,8,6,0,0,0,59,1,0.19
1002778,1,0,0,15,12,2,0,0,1,60,1,0.7
1002779,1,0,0,10,4,5,0,1,0,29,0,0.24
1002780,1,0,0,10,11,2,0,0,1,63,1,0.58
1002782,1,0,0,12,7,8,1,0,0,45,1,0.11
1002783,1,0,0,10,3,4,1,0,1,73,1,0.11
1002784,1,0,0,13,16,6,0,0,0,58,1,1.32
1002786,1,0,0,13,11,2,1,0,1,66,1,0.55
1002788,0,1,0,12,7,4,1,0,1,63,1,2.17
1002789,0,0,1,10,12,4,1,1,0,52,1,2.71
1002793,1,0,0,10,4,5,1,0,0,59,1,0.2
1002794,1,0,0,9,2,3,1,0,1,53,0,0.3
1002795,1,0,0,12,4,6,0,1,0,50,1,0.21
1002802,1,0,0,12,7,5,0,1,0,29,1,0.18
1002804,0,0,1,15,14,8,0,0,1,70,0,2.9
1002805,1,0,0,10,7,4,0,0,0,72,1,1.33
1002806,0,1,0,15,9,6,1,1,0,53,0,0.34
1002808,1,0,0,10,11,3,1,0,1,71,1,1.24
1002815,1,0,0,12,8,3,0,0,1,53,1,0.34
1002820,1,0,0,13,13,4,1,0,0,69,1,0.37
1002821,1,0,0,15,2,2,1,0,1,56,1,0.06
1002823,1,0,0,12,3,4,0,0,1,50,1,0.07
1002891,1,0,0,10,9,4,0,0,0,62,1,2.63
1002892,1,0,0,10,5,3,1,0,0,64,1,0.17
1002893,1,0,0,13,9,2,0,0,1,50,1,0.23
1002894,1,0,0,9,4,8,0,0,0,54,1,0.57
1002904,1,0,0,12,3,5,0,0,0,68,1,0.12
1002905,1,0,0,12,11,3,0,0,1,71,1,0.25
1002907,1,0,0,15,2,4,1,0,0,56,1,0.13
1002909,1,0,0,13,6,6,0,1,0,54,1,0.09
1002912,1,0,0,9,1,8,0,0,0,71,0,0.39
1002913,1,0,0,10,4,6,0,1,0,49,1,1
1002914,0,0,0,14,12,7,0,1,0,59,1,0.19
1002917,0,0,1,13,10,3,0,0,1,65,0,0.31
1003387,1,0,0,12,8,2,0,0,1,61,1,0.25
1003388,1,0,0,10,2,4,1,0,0,52,1,0.1
1003390,0,1,0,15,7,2,0,0,1,77,1,0.17
1003391,1,0,0,9,4,8,0,0,1,56,1,1.35
1003395,1,1,0,10,3,8,1,0,0,54,1,0.18
1003396,1,0,0,9,10,6,1,0,1,40,1,2.34
1003399,1,0,0,11,5,2,1,0,1,39,1,0.25
1003404,1,0,0,10,1,4,0,0,1,58,1,0.06
1003406,1,0,0,8,5,4,1,0,0,35,1,4.52
1003949,1,0,0,8,4,8,1,0,0,48,0,3.18
1003952,0,0,0,12,3,2,0,0,1,70,1,1.21
1003953,1,0,0,13,12,4,0,0,1,39,1,0.83
1003956,1,0,0,11,7,6,1,1,0,56,1,1.21
1003957,1,0,0,15,4,6,0,0,0,63,0,0.07
1004378,1,0,0,14,10,1,0,0,1,48,1,0.12
1004379,1,0,0,10,1,6,1,1,0,46,1,0.09
1004380,0,0,0,11,6,1,0,0,1,58,0,0.28
1004381,1,0,0,9,1,7,1,1,0,47,1,0.06
1004385,1,0,0,12,3,4,0,0,0,44,1,0.35
1004989,1,0,0,11,7,6,1,1,0,73,1,0.18
1004991,1,0,0,9,8,7,0,1,0,72,0,1.72
1004992,1,0,0,12,8,3,0,0,1,59,1,0.24
1004993,1,0,0,9,4,4,1,0,0,48,1,1.74
1004994,1,0,0,10,1,1,1,0,1,66,1,0.23
1004995,1,0,0,9,5,8,1,0,1,36,1,0.48
1004999,1,0,0,12,13,6,0,1,0,63,1,1.15
1005001,1,0,0,9,7,5,1,0,0,65,1,0.25
1005006,1,0,0,10,7,5,0,0,0,73,0,0.45
1005007,1,0,0,10,14,5,0,0,1,60,0,5.71
1005008,1,0,0,13,12,2,0,0,1,55,1,0.68
1005009,1,0,0,13,11,6,0,1,0,69,1,0.34
1005012,1,0,0,12,4,6,1,1,0,49,1,0.1
1005373,1,0,0,12,10,6,1,1,0,66,1,0.8
1005375,1,0,0,10,8,4,0,0,0,65,1,0.5
1005376,1,0,0,13,13,4,1,0,0,56,1,0.71
1005377,1,0,0,12,5,3,0,0,0,36,1,0.06
1005379,1,0,0,9,3,5,0,0,0,58,1,1.1
1005380,1,0,0,9,5,8,0,0,0,33,1,0.99
1005381,0,0,0,10,5,4,1,0,1,59,1,0.8
1005836,1,0,0,10,4,6,0,0,0,59,0,0.29
1005838,1,0,0,10,10,5,0,0,0,70,1,0.46
1005923,1,0,0,15,13,6,0,1,0,74,1,0.48
1005924,1,0,0,12,4,6,1,0,0,36,0,0.22
1005925,1,0,0,10,8,6,1,0,1,83,1,0.98
1006141,1,0,0,12,8,6,0,0,0,46,1,0.15
1006142,1,0,0,10,8,6,0,0,0,37,1,0.66
1006143,1,0,0,9,2,8,0,0,0,78,1,2.85
1007076,1,0,0,13,8,1,1,0,1,67,1,0.36
1007082,1,0,0,10,4,3,0,0,1,28,1,0.07
1007084,1,0,0,13,8,2,1,0,0,57,1,0.09
1007381,0,0,1,15,13,5,0,1,0,27,0,1.14
1007382,1,0,0,10,2,2,0,0,0,70,1,0.54
1007383,1,0,0,9,1,6,0,1,0,49,1,1.01
1007384,1,0,0,12,10,2,0,0,1,74,1,0.22
1007387,1,0,0,12,7,2,0,0,1,33,1,0.16
1007388,0,0,0,11,10,5,1,0,1,55,1,2.72
1007574,1,0,0,11,9,4,1,1,0,43,1,0.51
1007575,1,0,0,9,5,6,1,1,0,35,0,6.23
1007577,1,0,0,11,11,2,0,0,1,64,1,0.63
1007580,1,0,0,9,14,6,0,1,0,63,0,2.86
1007835,1,0,0,12,11,6,0,0,0,45,1,0.31
1007837,1,0,0,12,10,2,0,0,1,52,1,0.45
1007838,1,0,0,15,1,1,1,0,1,72,1,0.06
1007839,1,0,0,12,4,3,0,0,0,70,1,0.33
1007840,1,0,0,12,11,6,0,1,0,36,1,0.35
1007841,1,0,0,10,9,6,0,1,0,66,1,0.51
1008361,1,0,0,12,11,3,1,0,1,55,1,0.55
1008363,1,0,0,14,8,3,0,0,0,39,1,0.39
1008426,1,0,0,9,6,4,0,0,1,39,1,2.96
1008428,1,0,0,10,6,6,0,1,0,73,1,0.53
1008429,0,0,0,10,8,6,1,0,0,27,1,0.6
1008431,1,0,0,9,3,7,0,0,0,62,1,7.38
1008826,1,0,0,12,4,3,1,0,1,54,1,0.21
1008832,1,0,0,13,10,4,0,0,1,88,1,0.27
1008834,0,1,0,15,5,4,0,0,1,37,0,0.51
1008836,1,0,0,9,11,4,1,0,0,71,1,1.72
1008838,1,0,0,13,8,4,0,1,0,35,1,0.17
1008840,1,0,0,13,10,5,0,1,0,58,1,0.62
1008843,1,0,0,12,5,2,1,0,1,51,0,0.35
1009129,0,1,0,12,5,2,1,0,1,63,1,0.18
1009130,1,0,0,13,9,4,0,0,0,66,1,0.23
1009131,1,0,0,9,6,5,1,1,0,23,0,0.97
1009132,1,0,0,12,8,4,0,0,0,71,1,0.18
1009133,1,0,0,11,11,7,0,0,0,58,1,1.18
1009136,1,0,0,12,6,6,1,1,0,48,1,0.56
1009139,1,0,0,15,7,1,1,0,0,35,1,0.22
1009142,0,0,1,10,2,8,1,0,1,36,1,0.19
1009266,1,0,0,12,4,3,1,0,1,75,1,0.06
1009270,1,0,0,11,1,6,0,1,0,52,1,0.19
1009274,0,0,0,12,1,2,0,0,1,79,1,0.5
1009279,1,0,0,13,12,4,0,0,0,55,1,1.15
1009289,1,0,0,12,6,8,0,0,1,32,1,0.92
1009294,1,0,0,12,11,4,0,0,0,48,1,0.24
1009295,1,0,0,9,8,7,0,1,0,45,1,3.61
1009302,1,0,0,10,11,4,1,1,0,73,1,2.36
1009303,1,0,0,13,13,4,0,0,0,49,1,0.54
1009304,1,0,0,12,8,2,1,0,1,63,1,0.33
1009565,1,0,0,10,2,7,1,0,0,72,1,0.12
1009566,1,0,0,12,13,4,0,0,0,38,1,1.26
1009567,1,0,0,9,5,2,1,0,1,70,1,0.81
1009569,0,0,1,12,11,3,0,0,1,51,1,0.31
1009845,1,0,0,15,9,6,0,1,0,41,1,0.27
1009853,1,0,0,13,5,2,1,0,1,78,1,0.4
1009916,1,0,0,12,7,5,1,1,0,61,1,0.34
1009917,1,0,0,10,6,6,0,0,0,46,1,0.53
1009921,1,0,0,12,7,7,0,1,0,74,1,0.24
1009923,1,0,0,15,13,4,0,0,0,44,1,0.7
1009928,1,0,0,14,12,2,1,0,1,63,1,0.36
1009934,0,1,0,9,5,2,0,0,0,84,1,7.38
1010279,1,0,0,15,8,3,0,0,1,25,1,0.29
1010282,1,0,0,15,15,2,0,0,1,35,1,0.45
1010286,1,0,0,10,1,6,0,0,0,72,0,0.35
1010314,1,0,0,11,5,4,1,0,0,55,1,0.22
1010315,1,0,0,9,3,2,1,0,1,31,0,1.42
1010316,1,0,0,12,12,6,1,1,0,29,1,7.38
1010318,1,0,0,10,11,5,0,0,0,72,0,0.54
1010319,1,0,0,11,9,5,0,0,0,33,0,1.17
1010511,0,1,0,11,4,2,1,0,1,66,1,0.18
1010517,0,0,0,12,9,4,0,0,0,61,1,0.92
1010975,1,0,0,13,5,1,1,0,0,68,1,0.12
1010978,1,0,0,11,5,6,1,1,0,85,1,0.37
1010981,1,0,0,13,10,3,0,0,1,26,1,0.45
1010982,1,0,0,12,14,6,0,0,0,68,1,0.88
1010984,1,0,0,14,5,5,1,0,0,72,1,0.48
1011251,1,0,0,13,1,5,0,1,0,58,1,0.2
1011399,1,0,0,13,9,2,0,0,0,80,1,0.15
1011401,1,0,0,11,5,6,0,1,0,56,1,0.22
1011761,1,0,0,12,4,7,0,0,0,69,1,0.34
1011764,1,0,0,13,11,2,1,0,1,69,1,0.55
1012022,1,0,0,10,13,5,0,0,0,72,0,1.09
1012024,1,0,0,10,9,2,0,0,1,65,1,1.82
1012824,1,0,0,13,6,4,0,0,1,65,1,0.47
1012826,1,0,0,9,11,6,0,0,0,76,1,7.38
1012830,1,0,0,9,8,7,0,1,0,70,1,1.48
1012837,1,0,0,10,3,2,1,0,1,56,1,0.22
1012842,1,0,0,11,13,3,0,0,1,78,1,1.42
1012844,1,0,0,11,4,4,0,0,1,50,1,0.13
1012846,1,0,0,12,11,6,0,0,1,47,1,0.41
1012848,0,1,0,10,7,2,1,0,1,28,1,1.35
1012853,1,0,0,11,6,6,1,0,1,70,1,0.2
1012854,1,0,0,12,10,6,1,1,0,58,1,0.19
1012864,1,0,0,10,10,6,0,1,0,83,1,0.58
1012865,1,0,0,13,7,4,0,0,0,32,1,0.28
1012867,1,0,0,11,5,8,1,0,1,67,1,6.86
1012868,1,0,0,12,13,3,0,0,1,61,1,0.54
1012870,1,0,0,9,4,8,1,1,0,72,1,0.88
1012874,1,0,0,12,11,5,0,1,0,58,1,0.31
1012875,1,0,0,13,4,4,0,1,0,51,1,0.12
1012876,1,0,0,15,8,6,0,1,0,85,0,0.23
1012878,1,0,0,12,10,4,1,0,1,44,0,0.29
1013050,1,0,0,13,14,4,0,0,1,68,1,0.45
1013054,1,0,0,13,15,7,0,1,0,53,1,0.62
1013055,1,0,0,10,7,8,1,1,0,62,1,1.6
1013056,1,0,0,12,9,7,0,1,0,44,1,0.64
1013057,1,0,0,12,13,3,0,0,1,53,1,0.41
1013058,1,0,0,12,14,2,0,0,1,72,1,0.25
1013059,1,0,0,13,12,6,0,0,0,52,1,1.5
1013061,0,1,0,12,3,2,0,0,1,60,1,0.43
1013063,1,0,0,10,2,8,0,0,1,71,1,0.09
1013068,1,0,0,12,5,2,1,0,1,77,1,0.12
1013072,1,0,0,12,3,2,0,0,0,59,1,0.1
1013073,1,0,0,10,4,2,1,0,0,56,1,1.34
1013074,1,0,0,12,8,5,0,0,0,57,1,0.25
1013179,1,0,0,11,7,4,1,0,0,42,1,0.37
1013184,1,0,0,13,12,5,1,1,0,71,1,0.37
1013186,1,0,0,9,4,6,1,1,0,37,0,1.05
1013190,1,0,0,12,11,3,1,0,1,63,1,0.98
1013334,1,0,0,11,5,6,0,1,0,46,1,2.75
1013335,1,0,0,10,1,8,0,1,0,53,1,0.93
1013339,1,0,0,10,5,6,1,1,0,52,1,0.22
1013342,1,0,0,12,12,5,0,1,0,50,1,0.59
1013344,1,0,0,15,9,6,0,1,0,77,1,0.13
1013595,1,0,0,12,12,4,0,0,0,55,1,0.39
1013596,1,0,0,9,11,6,0,0,0,63,1,3.27
1013597,1,0,0,9,5,2,1,0,0,47,1,2.59
1013600,1,0,0,14,11,5,0,1,0,60,1,1.26
1013635,1,0,0,10,11,7,0,1,0,66,1,1.29
1013639,1,0,0,12,12,4,1,1,0,52,1,3.27
1013640,1,0,0,11,10,6,0,1,0,51,1,7.36
1013641,1,0,0,9,7,6,0,1,0,27,1,1.39
1013642,1,0,0,11,11,7,1,1,0,37,1,0.88
1013644,1,0,0,12,11,2,1,0,1,76,1,1.72
1013758,1,0,0,15,6,6,1,0,0,61,1,0.34
1013759,1,1,0,10,7,4,0,0,1,33,0,1.51
1013791,0,1,0,12,9,7,0,0,0,79,1,0.42
1013794,1,0,0,13,12,4,0,0,0,49,1,0.28
1013795,1,0,0,12,3,2,1,0,0,55,1,0.12
1013796,1,0,0,10,10,7,1,1,0,49,1,2.34
1014039,1,0,0,10,11,3,1,0,1,60,1,1.02
1014115,1,0,0,10,4,4,1,0,1,40,1,0.45
1014118,0,0,0,12,13,4,0,0,0,42,1,0.54
1014121,1,0,0,11,10,3,0,0,1,60,1,0.82
1014226,1,0,0,13,14,6,0,1,0,43,1,0.97
1014361,1,0,0,14,6,4,1,0,0,27,1,0.19
1014458,1,0,0,12,12,1,1,0,1,46,1,0.34
1014460,1,0,0,10,10,4,0,0,1,74,1,0.3
1014535,1,0,0,12,12,5,0,1,0,68,1,0.48
1014826,1,0,0,11,6,7,0,1,0,59,1,0.36
1014828,1,0,0,10,7,6,0,1,0,54,1,0.16
1014874,1,0,0,12,4,4,0,1,0,56,1,0.07
1015065,1,0,0,13,8,2,0,0,1,81,1,0.34
1015081,1,0,0,13,11,2,0,0,1,66,1,0.24
1015088,0,1,0,12,9,2,1,0,1,49,1,0.96
1015090,1,0,0,12,15,6,0,0,0,32,1,1
1015091,1,0,0,12,9,2,0,0,0,71,1,0.49
1015093,0,1,0,11,5,4,1,0,1,28,1,0.35
1015096,1,0,0,10,4,6,0,1,0,28,1,0.31
1015100,1,0,0,12,12,6,0,1,0,72,0,1.12
1015101,1,0,0,12,12,5,0,0,0,57,1,0.59
1015103,1,0,0,10,5,8,1,0,0,58,1,0.63
1015106,1,0,0,7,2,8,1,0,0,76,1,2.98
1015110,0,0,0,11,3,6,1,0,0,35,0,0.63
1015173,0,1,0,12,12,2,0,0,1,66,1,0.22
1015174,0,1,0,10,2,2,1,0,1,42,1,0.73
1015179,1,0,0,10,4,7,0,1,0,82,1,0.45
1015180,1,0,0,10,5,7,1,0,0,62,1,0.31
1015181,1,0,0,12,2,2,1,0,1,52,1,1.29
1015185,0,0,1,14,3,3,1,0,1,32,1,0.06
1015186,1,0,0,12,11,4,0,0,1,32,1,0.32
1015249,1,0,0,12,12,5,0,0,0,29,1,0.33
1015250,1,0,0,9,9,1,0,0,1,26,0,3.54
1015254,1,0,0,13,8,6,0,1,0,55,1,0.27
1015318,1,0,0,9,2,4,0,1,0,25,0,0.13
1015320,0,0,0,13,6,5,0,1,0,44,1,0.67
1015321,0,0,0,12,6,8,1,0,1,46,1,1.26
1015322,1,0,0,10,9,6,0,0,0,80,0,0.3
1015324,0,0,1,12,11,3,0,0,1,65,1,1.14
1015326,1,0,0,12,11,1,0,0,0,53,1,0.83
1015388,0,0,0,10,4,4,1,0,0,74,1,0.47
1015448,1,0,0,12,11,4,0,0,0,78,1,1.15
1015450,1,0,0,9,9,8,0,0,0,61,1,3.67
1015451,1,0,0,13,13,6,0,1,0,25,0,0.24
1015452,1,0,0,12,10,5,0,0,0,81,1,0.59
1015583,1,0,0,11,5,5,1,0,1,59,0,0.28
1015767,1,0,0,11,8,6,0,1,0,60,1,0.58
1015866,1,0,0,12,11,6,0,0,0,71,1,2.91
1015867,0,1,0,13,3,7,1,0,1,33,1,0.59
1015868,0,1,0,13,9,3,0,0,1,32,1,0.6
1015999,1,0,0,10,11,4,0,1,0,68,1,1.07
1016069,1,0,0,12,5,2,0,0,1,57,1,0.2
1016215,1,0,0,9,7,5,1,1,0,82,1,0.96
1016288,0,1,0,13,4,4,0,0,1,77,1,0.09
1016324,1,0,0,11,11,2,1,0,1,60,1,1.76
1018525,1,0,0,10,3,5,0,1,0,60,1,0.13
1018526,1,0,0,12,10,7,0,0,0,72,1,0.37
1018527,1,0,0,10,4,6,0,0,0,43,1,0.72
1018528,1,0,0,10,3,4,1,0,1,34,1,0.12
1018529,1,0,0,11,4,5,1,0,0,77,1,0.31
1018534,1,0,0,10,6,6,0,1,0,27,0,0.58
1053280,1,0,0,10,5,6,1,1,0,60,1,0.56
1053281,1,0,0,11,9,2,0,0,1,67,1,3.04
1053286,1,0,0,13,14,4,0,0,0,84,1,0.8
1053289,1,0,0,15,12,4,0,0,1,75,1,0.47
1053290,1,0,0,9,3,8,0,0,1,45,1,3.24
1053291,1,0,0,10,3,3,0,0,1,47,0,0.72
1053293,1,0,0,9,3,3,0,0,1,69,0,0.34
1053294,1,0,0,12,8,7,1,1,0,62,1,0.35
1053296,0,0,0,12,5,7,0,0,0,67,0,0.06
1053299,1,0,0,13,8,4,1,0,1,74,1,0.19
1053304,1,0,0,12,3,4,1,0,1,86,1,0.32
1053306,1,0,0,10,6,8,1,0,1,75,1,2.62
1053308,1,0,0,12,9,6,0,1,0,59,1,0.22
1053309,1,0,0,12,4,2,1,0,1,43,1,0.11
1053312,1,0,0,15,4,5,0,0,0,71,1,0.07
1053317,1,0,0,13,8,2,1,0,1,57,1,0.23
1053318,1,0,0,10,3,8,0,0,1,69,1,2.46
1053319,1,0,0,13,5,6,0,0,0,67,1,0.17
1053320,0,1,0,10,10,4,1,0,1,67,0,0.76
1053321,1,0,0,10,5,4,1,0,1,70,1,0.06
1053572,1,0,0,4,2,6,1,0,0,45,0,7.38
1053573,1,0,0,12,4,3,0,0,1,69,1,0.28
1053574,1,0,0,12,6,7,0,0,0,48,1,0.25
1053576,1,0,0,10,1,2,1,0,0,30,1,1.63
1053577,0,0,0,8,1,2,0,0,1,82,1,7.38
1053578,1,0,0,12,6,5,1,0,1,77,1,0.2
1053579,1,0,0,13,9,2,0,0,1,53,1,0.14
1053580,0,1,0,13,14,1,0,0,1,80,0,1.11
1053581,0,0,0,9,3,6,1,1,0,62,1,3.77
1053731,0,0,0,10,7,6,0,0,1,83,0,0.51
1053732,0,0,0,9,2,8,0,0,0,58,0,0.38
1053733,1,0,0,15,13,1,0,0,1,61,1,0.32
1053735,0,1,0,12,5,4,0,0,1,55,1,0.41
1053736,1,0,0,10,4,6,0,0,0,57,1,0.13
1053737,1,0,0,10,8,4,0,0,0,71,1,0.32
1053739,0,1,0,12,5,2,1,0,0,66,1,0.85
1053740,1,0,0,9,3,5,0,0,0,60,0,0.62
1053741,1,0,0,14,3,2,1,0,1,71,1,0.31
1054047,1,0,0,12,10,6,1,1,0,49,1,0.3
1054050,1,0,0,10,4,4,0,0,0,50,0,0.06
1054051,1,0,0,11,7,6,0,1,0,64,1,0.51
1054055,1,0,0,13,11,2,0,0,1,60,1,0.25
1054059,0,0,0,15,11,4,1,0,0,29,1,1.23
1054062,1,0,0,9,5,5,0,0,0,63,1,1.01
1054067,1,0,0,11,11,6,0,1,0,59,1,1.02
1054071,0,0,0,13,2,8,0,0,1,59,1,0.26
1054072,1,0,0,13,11,8,1,0,0,34,1,0.98
1054076,1,0,0,10,4,2,0,0,0,62,1,0.25
1054077,1,0,0,9,8,5,1,1,0,31,1,1.44
1054078,1,0,0,9,5,8,1,0,0,67,0,1.22
1054079,1,0,0,10,2,6,0,1,0,33,0,0.28
1054081,1,0,0,11,5,4,1,0,0,61,1,0.35
1054082,1,0,0,13,13,6,1,1,0,65,0,0.66
1054090,1,0,0,10,1,2,0,0,1,61,1,0.08
1054379,1,0,0,12,1,3,1,0,1,32,1,0.92
1054385,1,0,0,12,9,3,1,0,0,56,1,0.73
1054386,1,0,0,15,5,3,0,0,0,57,1,0.41
1054517,1,0,0,13,16,6,0,1,0,46,1,0.9
1054846,1,0,0,12,6,6,0,1,0,65,1,1.17
1054848,1,0,0,8,4,8,1,0,1,87,1,2.68
1054849,1,0,0,13,11,2,1,0,1,36,1,1.44
1054851,1,0,0,10,3,6,0,0,0,76,1,0.2
1054966,1,0,0,12,5,2,1,0,1,66,1,2.33
1054968,1,0,0,14,7,3,1,0,1,67,1,0.93
1054970,1,0,0,12,6,1,0,0,1,46,1,0.25
1054972,1,0,0,9,3,6,1,1,0,64,1,0.97
1054973,1,0,0,10,5,6,1,0,0,66,1,0.47
1054976,1,0,0,12,7,3,0,0,0,66,1,0.13
1054978,1,0,0,10,4,6,1,0,1,58,1,0.23
1055064,0,0,0,12,6,2,0,0,0,66,0,2.98
1055065,1,0,0,10,6,5,0,0,1,68,1,7.38
1055070,1,0,0,9,3,4,0,1,0,57,0,1.33
1055627,0,0,0,12,6,3,1,0,0,68,1,0.18
1055628,1,0,0,9,6,3,1,0,1,39,1,1.79
1055630,1,0,0,9,3,8,1,0,0,44,1,1.33
1056055,1,0,0,11,3,6,1,0,1,61,1,0.58
1056058,1,0,0,12,1,4,0,0,0,55,1,0.28
1056260,1,0,0,9,7,6,1,1,0,56,1,0.99
1056261,1,0,0,14,6,1,0,0,1,66,1,0.14
1056262,1,0,0,12,10,6,0,0,1,54,1,0.39
1056263,1,0,0,10,6,5,0,0,0,64,1,0.14
1056267,1,0,0,13,1,2,0,0,1,40,1,0.06
1056270,1,0,0,12,3,3,1,0,1,44,1,0.06
1056272,1,0,0,15,11,1,0,0,1,75,1,0.66
1056275,1,0,0,12,2,2,1,0,1,84,1,1.82
1056276,1,0,0,10,3,8,1,0,0,32,1,0.1
1056277,1,0,0,12,8,4,1,0,0,51,1,1.68
1056278,1,0,0,12,7,4,0,0,0,46,1,0.9
1056501,1,0,0,11,12,1,0,0,1,65,1,1.18
1056502,0,1,0,9,5,1,0,0,1,65,0,0.57
1056503,0,1,0,13,11,5,1,0,1,43,1,0.83
1056504,1,0,0,10,6,8,0,0,0,56,1,0.46
1056505,0,1,0,13,5,1,1,0,0,56,1,0.76
1056507,0,1,0,9,8,3,1,0,1,72,1,7.38
1056508,0,1,0,5,1,7,1,0,0,31,0,7.38
1056682,1,0,0,11,1,1,1,0,1,75,1,0.13
1056684,1,0,0,10,10,7,1,1,0,80,1,1.27
1056687,1,0,0,12,13,6,0,1,0,69,1,1.3
1056692,1,0,0,9,4,5,0,1,0,70,1,0.46
1056693,1,0,0,10,2,6,1,0,0,36,1,1.67
1056694,1,0,0,12,4,7,0,1,0,90,1,0.82
1056695,1,0,0,13,8,3,1,0,1,65,1,0.22
1056703,1,0,0,10,4,3,1,0,1,58,0,0.53
1056704,1,0,0,12,7,1,0,0,0,78,1,0.21
1056708,1,0,0,13,14,6,0,1,0,33,1,0.69
1056711,1,0,0,13,11,3,0,0,1,58,1,0.49
1056714,1,0,0,12,11,7,0,0,0,57,1,0.47
1056715,1,0,0,10,6,2,1,0,1,72,1,0.42
1057515,1,0,0,12,2,4,0,0,1,45,0,0.1
1057520,1,0,0,11,9,4,0,0,1,76,1,0.3
1057521,1,0,0,15,10,4,0,1,0,87,0,0.21
1057522,1,0,0,14,8,7,1,1,0,27,1,1.23
1057523,0,0,0,13,7,5,1,0,1,80,1,0.42
1057524,1,0,0,12,12,4,0,1,0,45,1,0.73
1057533,1,0,0,10,8,2,0,0,1,74,1,0.69
1057538,1,0,0,10,3,3,0,0,0,49,1,0.2
1057539,1,0,0,10,5,5,1,0,0,66,1,0.49
1057545,1,0,0,14,8,8,0,0,1,30,1,0.84
1057548,1,0,0,12,7,6,0,1,0,61,1,0.1
1057549,1,0,0,10,6,6,1,0,0,58,1,0.45
1057551,1,0,0,13,7,2,1,0,1,57,1,0.69
1058161,1,0,0,13,6,3,1,0,0,69,1,0.18
1058163,1,0,0,11,2,5,0,0,0,64,1,0.14
1058164,1,0,0,13,14,2,0,0,1,58,1,0.72
1058756,1,0,0,12,10,4,1,0,0,48,1,0.41
1058757,1,0,0,10,6,8,1,0,0,70,1,0.4
1058758,1,0,0,11,9,5,1,1,0,40,1,0.65
1058759,1,0,0,15,13,5,0,0,0,52,0,1.3
1058760,1,0,0,10,8,2,0,0,1,41,1,0.39
1058761,1,0,0,15,14,2,1,0,1,66,1,0.83
1058762,1,0,0,13,3,2,1,0,1,41,1,0.06
1058831,1,0,0,13,9,1,0,0,1,65,1,0.78
1059573,1,0,0,10,7,2,0,0,1,43,1,0.33
1059577,1,0,0,12,9,5,0,1,0,68,1,0.39
1059581,0,1,0,12,6,6,0,1,0,68,1,0.57
1059930,1,0,0,12,4,2,0,0,0,44,0,0.1
1059934,1,0,0,12,13,2,1,0,1,32,1,0.2
1059935,1,0,0,13,11,6,0,1,0,78,1,0.72
1060266,1,0,0,10,11,5,1,1,0,75,1,0.54
1060269,1,0,0,10,7,6,1,1,0,73,1,0.2
1060270,1,0,0,12,8,6,1,0,0,83,0,0.41
1060273,0,1,0,13,8,3,1,0,1,54,1,0.93
1060576,1,0,0,12,14,6,0,1,0,33,1,0.47
1061036,0,1,0,10,1,8,1,0,0,84,0,0.64
1061037,1,0,0,13,4,4,1,0,1,81,1,0.06
1061041,1,0,0,12,6,5,0,0,0,64,1,0.07
1061042,1,0,0,9,5,4,0,0,1,76,1,0.19
1061044,1,0,0,10,10,4,0,0,0,61,1,0.47
1062343,1,0,0,12,13,2,1,0,1,39,1,0.33
1096139,1,0,0,9,2,4,0,0,0,67,0,0.27
1096140,1,0,0,13,3,2,0,0,1,39,1,0.06
1096221,1,0,0,13,16,5,0,0,0,57,1,0.62
1096223,0,0,1,12,14,5,1,0,1,67,1,1.51
1096225,1,0,0,11,6,6,1,0,1,70,0,1.31
1096226,1,0,0,12,7,2,0,0,1,77,1,2.36
1096227,1,0,0,13,4,2,1,0,1,62,1,0.33
1096228,1,0,0,15,10,2,0,0,1,94,1,0.14
1096229,1,0,0,12,4,3,0,0,1,47,1,0.18
1096232,1,0,0,10,2,8,0,0,0,59,0,0.14
1096233,1,0,0,11,5,6,0,1,0,64,1,0.59
1096418,1,0,0,12,3,1,0,0,0,50,1,0.28
1096421,1,0,0,9,3,3,0,0,0,64,1,0.18
1096422,1,0,0,13,7,3,0,0,0,34,1,0.83
1096426,1,0,0,13,5,2,1,0,1,30,1,0.12
1096427,1,0,0,13,11,2,0,0,0,50,1,0.56
1096429,0,0,0,11,11,6,1,0,1,34,0,1.98
1096430,1,0,0,9,6,5,0,0,0,62,1,1.75
1096431,1,0,0,10,11,4,1,0,1,51,1,0.22
1096434,0,1,0,13,12,4,1,0,1,38,1,1.38
1096435,1,0,0,11,9,6,0,0,0,29,0,0.53
1096436,1,0,0,13,9,4,0,1,0,32,1,0.9
1096437,1,0,0,15,9,7,0,0,0,59,1,0.34
1096440,1,0,0,12,8,4,0,1,0,42,1,0.78
1096445,0,0,0,13,2,6,0,1,0,51,1,0.07
1096449,1,0,0,10,2,6,0,1,0,44,0,0.18
1096452,1,0,0,15,7,2,1,0,1,35,1,0.34
1096454,1,0,0,13,8,3,0,0,0,52,1,0.12
1096455,1,0,0,10,2,7,1,1,0,64,1,0.11
1096456,1,0,0,11,1,2,1,0,0,63,1,0.62
1096457,1,0,0,9,8,8,1,0,1,60,1,3.98
1096458,1,0,0,13,11,4,1,0,1,62,1,0.46
1096464,1,0,0,10,11,4,0,0,0,45,1,0.54
1096465,1,0,0,11,9,2,0,0,0,50,1,7.38
1096466,1,0,0,12,10,4,1,0,0,71,1,0.46
1096580,1,0,0,11,11,7,1,1,0,71,1,3.06
1096584,1,0,0,13,11,2,0,0,1,29,1,0.34
1096585,0,0,0,12,7,2,1,0,1,40,0,0.95
1096590,1,0,0,10,2,8,1,0,1,64,1,0.16
1096594,1,0,0,10,3,6,1,0,0,28,1,0.13
1096595,1,0,0,10,3,2,1,0,0,73,1,0.43
1096597,1,0,0,13,5,7,1,1,0,25,1,0.18
1096598,1,0,0,10,4,6,0,0,0,69,1,0.11
1096603,1,0,0,12,16,4,1,0,1,51,1,0.59
1096604,0,1,0,10,3,8,1,0,1,78,1,0.95
1096607,1,0,0,8,1,5,0,0,1,59,1,0.86
1096608,1,0,0,5,3,6,0,0,0,44,1,1.11
1096609,1,0,0,9,4,8,1,0,0,42,1,1.55
1096610,0,1,0,12,7,2,0,0,1,38,0,0.36
1096688,1,0,0,12,3,1,0,0,0,53,1,0.57
1096691,1,0,0,12,12,2,1,0,1,59,1,0.87
1096693,1,0,0,15,13,2,1,0,1,43,1,0.78
1096697,1,0,0,12,6,6,0,1,0,68,1,0.74
1096700,1,0,0,9,3,2,0,0,1,56,1,0.4
1096702,1,0,0,12,6,4,1,1,0,59,1,0.06
1096703,1,0,0,12,4,6,0,1,0,48,0,0.93
1096704,1,0,0,8,4,6,0,0,0,73,1,0.18
1096793,1,0,0,12,12,2,1,0,1,28,1,0.92
1096794,1,0,0,12,3,5,1,0,1,71,1,0.13
1096796,1,0,0,10,4,4,1,0,1,54,0,1.05
1096797,0,1,0,12,2,2,0,0,1,57,0,0.78
1096798,0,1,0,8,3,4,1,0,1,69,1,0.28
1096799,1,0,0,12,11,5,1,0,1,37,1,0.4
1096800,1,0,0,12,9,4,0,0,0,58,1,2.05
1096946,1,0,0,11,12,5,0,0,0,62,1,1.74
1096948,0,0,1,12,5,4,0,0,1,59,1,0.25
1096949,1,0,0,13,11,6,0,1,0,42,1,0.48
1096952,1,0,0,15,9,1,0,0,1,31,0,0.15
1096954,1,0,0,10,4,6,0,1,0,79,1,0.11
1096955,1,0,0,9,2,2,1,0,1,42,1,0.16
1096964,1,0,0,10,4,4,0,1,0,54,1,2.15
1096966,1,0,0,15,8,4,0,0,0,55,1,0.15
1096969,1,0,0,10,3,5,0,0,0,68,1,3.33
1097075,0,0,0,12,2,8,1,0,1,84,1,0.34
1097076,1,0,0,10,6,7,1,1,0,81,0,0.27
1097078,1,0,0,9,1,1,1,0,1,84,0,2.38
1097079,1,0,0,13,4,3,1,0,1,80,1,0.68
1097080,1,0,0,14,3,5,1,0,0,40,0,0.71
1097081,1,0,0,12,2,4,1,0,1,65,1,0.21
1097082,1,0,0,13,5,2,1,0,0,56,1,0.21
1097086,1,0,0,11,13,8,1,0,0,45,1,1.24
1097087,1,0,0,9,10,6,0,1,0,62,1,1.26
1097089,1,0,0,9,4,5,1,0,0,72,1,0.6
1097090,1,0,0,12,9,7,0,1,0,38,0,0.3
1097176,1,0,0,13,3,2,1,0,1,61,1,1.56
1097181,1,0,0,12,11,6,1,1,0,35,1,0.37
1097182,1,0,0,9,3,8,1,0,0,58,1,1.52
1097184,0,1,0,13,7,3,1,0,1,46,1,0.39
1097245,1,0,0,9,4,8,0,0,0,73,0,1.71
1097247,1,0,0,12,4,2,1,0,1,70,1,0.22
1097357,1,0,0,11,6,6,0,1,0,69,1,1.09
1097359,0,1,0,13,3,4,1,0,1,80,1,1.32
1098484,1,0,0,10,6,7,1,1,0,70,1,0.62
1098485,1,0,0,9,2,7,0,0,0,27,0,1.25
1098769,1,0,0,12,12,6,0,0,0,69,0,0.48
1098773,1,0,0,10,2,3,1,1,0,59,1,0.06
1098774,1,0,0,9,6,4,0,0,0,81,1,0.72
1099095,1,0,0,14,7,2,1,0,1,47,1,5.46
1099096,1,0,0,9,4,8,1,0,0,53,1,1.22
1099097,1,0,0,11,11,6,1,1,0,69,1,1.36
1099098,1,0,0,9,3,7,0,1,0,46,0,0.81
1099099,1,0,0,15,13,6,0,0,0,42,1,0.1
1099102,0,1,0,11,6,4,1,0,1,44,1,0.19
1099103,1,0,0,12,5,2,1,0,1,71,1,0.74
1099534,1,0,0,11,8,4,0,0,1,36,1,0.99
1099535,1,0,0,9,5,2,1,0,1,61,1,0.74
1099536,1,0,0,13,6,4,1,0,1,77,1,0.34
1099537,1,0,0,11,5,5,0,1,0,76,1,0.41
1099538,0,0,1,14,11,6,0,0,0,49,1,0.15
1099539,1,0,0,13,4,6,1,1,0,53,1,0.21
1101653,0,0,0,10,3,6,1,0,0,46,1,0.45
1101655,1,0,0,8,5,8,0,0,0,74,1,7.38
1101656,1,0,0,12,4,7,1,1,0,43,1,0.21
1101658,1,0,0,7,12,2,1,0,0,78,1,7.38
1102524,1,0,0,9,1,5,0,0,0,61,1,2.79
1102526,1,0,0,8,4,8,0,0,1,64,1,7.38
1102534,1,0,0,15,10,2,0,0,1,56,1,0.52
1102536,1,0,0,13,11,2,1,0,1,45,1,0.78
1102541,1,0,0,10,8,5,1,0,0,82,1,1.03
1102542,1,0,0,14,13,5,0,0,0,62,1,0.52
1102543,1,0,0,10,3,8,1,0,0,61,1,0.12
1102545,1,0,0,13,6,3,1,0,1,53,1,0.33
1102547,0,1,0,10,3,2,1,0,1,61,1,0.11
1102548,1,0,0,11,5,2,1,0,1,71,1,0.12
1102549,1,0,0,12,8,2,1,0,1,38,1,0.12
1102551,1,0,0,10,2,6,1,0,0,54,1,0.06
1102552,1,0,0,10,1,8,1,1,0,61,1,0.12
1102555,1,0,0,12,10,2,1,0,1,58,1,1.12
1102559,1,0,0,8,4,4,0,0,0,70,0,0.15
1102563,1,0,0,3,4,3,0,0,0,31,0,2.01
1102565,1,0,0,11,1,8,0,0,0,60,0,0.23
1102567,1,0,0,12,11,6,0,1,0,70,1,0.81
1102569,1,0,0,13,5,4,0,0,0,40,1,0.08
1102574,1,0,0,10,4,7,1,1,0,78,1,0.46
1102577,1,0,0,9,8,6,1,0,0,73,0,2
1102578,0,0,0,12,13,8,0,1,0,68,1,0.62
1102579,1,0,0,15,11,3,0,0,0,81,1,0.68
1102580,1,0,0,13,9,4,1,0,1,78,1,0.71
1102581,1,0,0,13,10,4,1,0,0,60,1,0.24
1103506,1,0,0,11,2,6,1,0,0,84,1,0.2
1104203,1,0,0,9,4,4,1,0,0,60,1,7.38
1106235,1,0,0,14,11,6,0,1,0,65,1,1.02
1106238,1,0,0,10,8,6,0,1,0,37,1,0.28
1106239,1,0,0,9,7,7,0,1,0,56,0,2.73
1106243,1,0,0,9,4,6,1,1,0,60,0,0.89
1106244,1,0,0,10,4,6,1,1,0,68,1,0.62
1106246,1,0,0,10,6,7,1,1,0,52,1,0.43
1106247,1,0,0,12,14,6,0,1,0,38,0,1.01
1106249,1,0,0,12,6,4,0,0,0,74,1,0.22
1106250,0,1,0,12,8,4,0,0,1,40,1,0.86
1106253,1,0,0,9,5,6,1,1,0,47,1,2.01
1106254,1,0,0,11,6,5,1,1,0,41,1,0.76
1106255,1,0,0,12,6,6,1,1,0,50,1,0.39
1106970,1,0,0,12,8,7,1,1,0,61,1,0.36
1107398,1,0,0,10,11,3,1,0,1,58,1,2.14
1110032,1,0,0,10,3,6,1,1,0,70,1,0.36
1110033,1,0,0,12,6,3,0,0,1,78,1,0.38
1114947,1,0,0,11,2,6,0,0,0,74,1,0.14
1115273,0,1,0,10,3,3,1,0,1,45,1,0.2