"ISO3","Year","Region","country","iso3c","Population","UrbanPopulation","BirthRatePer1K","FertilityRate","PrimarySchoolAge","TotalTrade","FDIIn","PublicEdExpend","PublicHealthExpend","WomenBusLawIndex","MilitaryExpenditures","CO2Emissions"
"AFG",2019,"South Asia","Afghanistan","AFG",37856121,25.754,36.466,4.87,7,NA,0.124495985291258,NA,0.49705607,38.125,1.17096838242129,0.196742291689104
"ALB",2019,"Europe & Central Asia","Albania","ALB",2854191,61.229,10.343,1.414,6,75.3821602848745,7.70621785587149,3.91623997688293,2.92877913,91.25,1.28080596201472,1.73653410020563
"DZA",2019,"Middle East & North Africa","Algeria","DZA",43294546,73.189,23.298,2.988,6,46.5068426081672,0.713947308015691,5.57536554336548,3.68985248,57.5,5.99969025937654,4.07061665457815
"ASM",2019,"East Asia & Pacific","American Samoa","ASM",50209,87.147,NA,NA,6,156.568778979907,NA,NA,NA,NA,NA,0.00199167479933876
"AND",2019,"Europe & Central Asia","Andorra","AND",76474,87.984,7,NA,6,NA,NA,3.15060997009277,5.22278023,NA,NA,NA
"AGO",2019,"Sub-Saharan Africa","Angola","AGO",32375632,66.177,39.725,5.442,6,57.8295381183036,-5.78081314286635,2.07306432723999,1.12356877,73.125,1.73907015919852,0.78227353214294
"ATG",2019,"Latin America & Caribbean","Antigua and Barbuda","ATG",91364,24.506,11.485,1.468,5,137.625175755884,7.7612308574784,2.30307745933533,2.55713224,66.25,NA,3.56486143338733
"ARG",2019,"Latin America & Caribbean","Argentina","ARG",44973465,91.991,14.783,1.994,6,32.6306150458499,1.48500687570697,4.7716498374939,6.08225393,76.25,0.699696134379197,3.94773229058513
"ARM",2019,"Europe & Central Asia","Armenia","ARM",2962500,63.219,12.892,1.575,6,96.1141541288708,0.736361516844353,2.57191228866577,1.41,85,4.78770584078564,2.08675105485232
"ABW",2019,"Latin America & Caribbean","Aruba","ABW",109203,43.546,9.138,1.486,6,145.343572735289,-2.21528256776249,4.43504333496094,NA,NA,NA,4.88814409860535
"AUS",2019,"East Asia & Pacific","Australia","AUS",25334826,86.124,12.1,1.657,5,46.1875018936291,2.78196787472132,5.50858879089355,7.53585672,96.875,1.88104345418486,16.3048406174173
"AUT",2019,"Europe & Central Asia","Austria","AUT",8879920,58.515,9.6,1.46,6,108.207284904426,-2.85255617561831,5.21779012680054,7.85,94.375,0.75035965749035,7.72037360696943
"AZE",2019,"Europe & Central Asia","Azerbaijan","AZE",10024283,56.031,14.1,1.81,6,85.8181454084561,3.12183056112494,3.1764600276947,1.07,78.75,3.87341170306515,3.64070926569012
"BHS",2019,"Latin America & Caribbean","Bahamas, The","BHS",394675,83.132,11.487,1.398,5,72.547364054025,3.70483940313609,2.6171863079071,3.01476622,81.25,NA,4.29644644327611
"BHR",2019,"Middle East & North Africa","Bahrain","BHR",1483756,89.394,13.198,1.857,6,135.417543398211,2.32837980010521,2.38460445404053,2.30751538,46.25,4.02986101554975,24.8197816891726
"BGD",2019,"South Asia","Bangladesh","BGD",164913055,37.405,18.35,2.031,6,31.5780544912404,0.543244141585066,1.68138802051544,0.44679779,49.375,1.24410082330294,0.649800587345859
"BRB",2019,"Latin America & Caribbean","Barbados","BRB",281207,31.158,10.885,1.623,5,NA,0.480777908770262,4.0863299369812,2.78261447,76.875,NA,2.74424178629977
"BLR",2019,"Europe & Central Asia","Belarus","BLR",9419758,79.044,9.3,1.382,6,130.850132114123,1.97686317571178,4.97948980331421,4.13,75.625,1.20086453042742,6.50765125813211
"BEL",2019,"Europe & Central Asia","Belgium","BEL",11488980,98.041,10.2,1.6,6,165.46547893199,-1.97252997818916,6.33397006988525,8.12080002,100,0.888487292252087,8.70842320205971
"BLZ",2019,"Latin America & Caribbean","Belize","BLZ",385829,45.866,18.886,2.106,5,102.122848888331,3.93209570419852,5.96499013900757,3.29100513,79.375,1.01069424875085,0.665320647229731
"BEN",2019,"Sub-Saharan Africa","Benin","BEN",12726755,47.861,37.675,5.13,6,63.68133231423,1.51620780935646,2.96520113945007,0.31146821,74.375,0.473313905552082,0.635975156275107
"BMU",2019,"North America","Bermuda","BMU",64107,100,8.2,1.3,5,77.5601016506443,0.0591344675296509,1.92679822444916,NA,NA,NA,5.34886985820581
"BTN",2019,"South Asia","Bhutan","BTN",764824,41.612,12.871,1.46,6,76.123516713179,0.475617042374335,4.50982761383057,2.65109873,75,NA,2.61811867828415
"BOL",2019,"Latin America & Caribbean","Bolivia","BOL",11671386,69.773,22.323,2.688,6,56.3973067329667,-0.529735011404666,8.09103965759277,4.89661789,88.75,1.4512711273205,1.87387342000342
"BIH",2019,"Europe & Central Asia","Bosnia and Herzegovina","BIH",3345533,48.626,8.819,1.368,6,94.5161278874242,2.18661377542075,4.04449987411499,6.13,85,0.818512096528728,6.75264599093777
"BWA",2019,"Sub-Saharan Africa","Botswana","BWA",2332083,70.172,24.887,2.883,6,83.0929813601175,0.559653498041764,8.39899635314941,4.37294102,63.75,3.08122244554008,3.14611443932313
"BRA",2019,"Latin America & Caribbean","Brazil","BRA",207455459,86.824,13.633,1.703,6,28.8902578679414,3.69267321290613,5.96346998214722,3.91701889,81.875,1.38279724638797,2.25597341355091
"VGB",2019,"Latin America & Caribbean","British Virgin Islands","VGB",36395,48.116,7.29,0.948,5,NA,NA,2.50096988677979,NA,NA,NA,2.08545129825525
"BRN",2019,"East Asia & Pacific","Brunei Darussalam","BRN",442680,77.942,14.585,1.819,6,108.509658347138,2.77118008258428,NA,2.07140136,53.125,3.07858724948281,16.7342098129574
"BGR",2019,"Europe & Central Asia","Bulgaria","BGR",6975761,75.347,8.8,1.58,7,125.029963140694,3.23647694746529,4.19902992248535,4.19,90.625,3.13216297473719,6.38892301499435
"BFA",2019,"Sub-Saharan Africa","Burkina Faso","BFA",20961952,29.98,36.689,4.971,6,60.4086928753226,1.0164787373679,5.40713691711426,2.22393513,82.5,2.23847580473471,0.252796113644378
"BDI",2019,"Sub-Saharan Africa","Burundi","BDI",12255336,13.366,36.323,5.271,7,29.0262099997889,1.1756059367353,5.34668445587158,2.27517176,73.125,2.8078168112503,0.0619077273768749
"CPV",2019,"Sub-Saharan Africa","Cabo Verde","CPV",514104,66.195,17.463,1.932,6,103.602656463726,5.45788753383782,4.16529989242554,2.89716864,86.25,0.490772924543077,1.7152171545057
"KHM",2019,"East Asia & Pacific","Cambodia","KHM",16481304,23.805,20.28,2.402,6,115.736679072448,9.98500044202808,2.82565474510193,1.66501212,75,2.19648130355774,0.973685091907776
"CMR",2019,"Sub-Saharan Africa","Cameroon","CMR",25506095,56.968,36.147,4.623,6,43.3785132480415,2.58340602489157,3.04739952087402,0.40687224,60,1.06457837839838,0.39981031984708
"CAN",2019,"North America","Canada","CAN",37618495,81.482,9.9,1.47,6,66.1714852804959,2.80676687017653,4.77293014526367,7.65233946,100,1.28451224366918,15.7895577693898
"CYM",2019,"Latin America & Caribbean","Cayman Islands","CYM",67327,100,9.2,NA,5,114.838539695171,18.1830873197548,1.13670003414154,NA,NA,NA,5.35297874552557
"CAF",2019,"Sub-Saharan Africa","Central African Republic","CAF",4944703,41.77,41.92,6.008,6,50.0658000014868,NA,1.76792073249817,0.81894016,77.5,1.78995351694328,0.0559588715439532
"TCD",2019,"Sub-Saharan Africa","Chad","TCD",16685223,23.279,44.229,6.412,6,74.5705255558558,NA,2.37245798110962,0.69896412,66.25,2.13540448781191,0.135467173558304
"CHL",2019,"Latin America & Caribbean","Chile","CHL",19197744,87.643,11.855,1.545,6,57.6117545680829,4.87956164130548,5.62630987167358,4.7671833,77.5,1.86200539727185,4.93893449146942
"CHN",2019,"East Asia & Pacific","China","CHN",1407745000,60.308,10.41,1.496,6,35.8900960342425,1.31071593247948,4.05939483642578,2.99503422,75.625,1.68291101151296,8.39595118434091
"COL",2019,"Latin America & Caribbean","Colombia","COL",49907985,81.104,14.682,1.765,6,37.558533980839,4.33058240931506,NA,5.43606472,81.875,3.14565669372153,1.63266258896247
"COM",2019,"Sub-Saharan Africa","Comoros","COM",786578,29.164,30.4,4.125,6,42.2680785350184,0.359894031144375,NA,0.83244753,65,NA,0.38483151067027
"COD",2019,"Sub-Saharan Africa","Congo, Dem. Rep.","COD",92947442,45.046,42.656,6.253,6,55.2351580399854,2.60931448015292,NA,0.55490303,78.75,0.700795464424695,0.0360666192405811
"COG",2019,"Sub-Saharan Africa","Congo, Rep.","COG",5616661,67.373,31.676,4.296,6,91.5757547930374,-10.214754646531,3.55946898460388,1.11432433,49.375,2.34540553524246,1.2840903162929
"CRI",2019,"Latin America & Caribbean","Costa Rica","CRI",4999553,80.076,12.847,1.632,6,65.7605300176622,4.22094016659811,6.73808002471924,5.23799706,83.125,NA,1.63800643777554
"CIV",2019,"Sub-Saharan Africa","Cote d'Ivoire","CIV",28193009,51.239,34.554,4.538,6,44.6604105830795,1.40583048179049,3.4130699634552,0.97108036,83.125,0.915612640909431,0.468016734219466
"HRV",2019,"Europe & Central Asia","Croatia","HRV",3949390,57.242,8.9,1.47,7,101.382013330328,6.47277176941678,3.92007994651794,5.55,93.75,1.60930358927584,4.54120762953266
"CUB",2019,"Latin America & Caribbean","Cuba","CUB",11202846,77.109,9.752,1.551,6,22.8207944494506,NA,9.04696941375732,9.86756992,NA,NA,2.19099682348575
"CUW",2019,"Latin America & Caribbean","Curacao","CUW",157441,89.098,10.1,1.6,6,NA,6.71586638933495,NA,NA,NA,NA,NA
"CYP",2019,"Europe & Central Asia","Cyprus","CYP",1286671,66.805,10.794,1.332,6,150.506169561162,201.684997312247,5.21260023117065,3.83,91.25,1.78674474437728,5.60733862813415
"CZE",2019,"Europe & Central Asia","Czechia","CZE",10671870,73.921,10.5,1.71,6,138.154609993871,4.18705737619005,4.54246997833252,6.43771982,93.75,1.15229255021758,9.67728242566673
"DNK",2019,"Europe & Central Asia","Denmark","DNK",5814422,87.994,10.5,1.7,6,111.891475065653,-1.10067098319484,7.25505018234253,8.5,100,1.29509238115422,5.17387626835479
"DJI",2019,"Middle East & North Africa","Djibouti","DJI",1088709,77.915,22.748,2.891,6,320.939002998625,5.66550040200762,NA,1.04547822,71.25,NA,0.621929275867105
"DMA",2019,"Latin America & Caribbean","Dominica","DMA",67880,70.786,13.272,1.611,5,NA,10.3084171305166,5.53449010848999,3.33201027,62.5,NA,1.1859163229228
"DOM",2019,"Latin America & Caribbean","Dominican Republic","DOM",10894043,81.828,19.291,2.344,6,51.0111449209557,3.1809718229246,4.04276895523071,2.59220481,86.25,0.689583104134605,2.38129223466439
"ECU",2019,"Latin America & Caribbean","Ecuador","ECU",17340021,63.986,17.338,2.088,6,48.0828499402147,0.910242994868348,4.2457799911499,4.8712554,89.375,2.18363240921904,2.35116208913472
"EGY",2019,"Middle East & North Africa","Egypt, Arab Rep.","EGY",107553158,42.73,23.568,3.001,6,41.1240171551108,2.82732944960686,NA,1.29722774,45,1.18097179684711,2.17883699890988
"SLV",2019,"Latin America & Caribbean","El Salvador","SLV",6222318,72.746,16.416,1.838,7,76.0420130991468,2.59024369040438,3.38710999488831,4.71487188,88.75,1.18000962074512,1.30232816773428
"GNQ",2019,"Sub-Saharan Africa","Equatorial Guinea","GNQ",1670177,72.627,31.874,4.429,7,94.8787924253545,1.4609579276168,NA,0.64643157,51.875,1.30196407170833,3.49681500822967
"ERI",2019,"Sub-Saharan Africa","Eritrea","ERI",3240194,40.712,28.941,3.997,6,NA,NA,NA,0.78535897,69.375,NA,0.219925103249991
"EST",2019,"Europe & Central Asia","Estonia","EST",1326898,69.051,10.6,1.66,7,140.352147998549,9.76819364646981,5.26041984558105,5.069736,97.5,2.04936301781519,11.0864587933662
"SWZ",2019,"Sub-Saharan Africa","Eswatini","SWZ",1179874,23.981,25.118,2.921,6,NA,2.78511396914947,5.69914817810059,3.82977176,46.25,1.89023924327776,0.994851992670404
"ETH",2019,"Sub-Saharan Africa","Ethiopia","ETH",115737383,21.225,33.123,4.323,7,28.8153010070423,2.65736016138456,4.48086929321289,0.73088509,71.875,0.579949536836241,0.158779294327054
"FRO",2019,"Europe & Central Asia","Faroe Islands","FRO",51795,42.225,13.3,2.4091,NA,108.623704975373,NA,NA,NA,NA,NA,0.0405444540978859
"FJI",2019,"East Asia & Pacific","Fiji","FJI",914899,56.75,19.962,2.519,6,107.411463822998,5.91952095846727,5.15273189544678,2.62435222,79.375,1.43529925860875,2.15083850785715
"FIN",2019,"Europe & Central Asia","Finland","FIN",5521606,85.446,8.3,1.35,7,80.5641502947367,6.09707710249334,6.41695022583008,7.35,97.5,1.35371761625629,7.91561368196137
"FRA",2019,"Europe & Central Asia","France","FRA",67382061,80.709,11.2,1.86,6,66.4289771741449,1.96486943301562,5.35443019866943,8.33430767,100,1.8364614707329,4.77381658005385
"PYF",2019,"East Asia & Pacific","French Polynesia","PYF",279034,61.897,13.088,1.712,6,63.3061124024003,0.343974592418758,NA,NA,NA,NA,3.9851774335744
"GAB",2019,"Sub-Saharan Africa","Gabon","GAB",2267706,89.741,28.354,3.615,6,73.4280894486644,-0.200179556365882,2.8743097782135,1.66962576,57.5,1.58168467646335,2.45966628831074
"GMB",2019,"Sub-Saharan Africa","Gambia, The","GMB",2456844,61.931,34.281,4.869,7,55.9979116186993,3.9194379121789,2.80809712409973,1.30072176,69.375,0.769340979399031,0.216415857091456
"GEO",2019,"Europe & Central Asia","Georgia","GEO",3720161,59.039,13.451,2.011,6,117.810080239714,7.92523222582948,3.82985997200012,2.72,85.625,1.77655401596637,3.15413768382605
"DEU",2019,"Europe & Central Asia","Germany","DEU",83092962,77.376,9.4,1.54,6,79.1337471144706,1.90698688059703,5.11552000045776,9.04012394,100,1.26215025653133,8.34620746820892
"GHA",2019,"Sub-Saharan Africa","Ghana","GHA",31258945,56.707,28.572,3.683,6,76.824802732152,5.67741697977102,3.15307116508484,2.30539036,75,0.343818434751391,0.642635252085443
"GIB",2019,"Europe & Central Asia","Gibraltar","GIB",35494,100,11.015,1.863,5,NA,NA,NA,NA,NA,NA,20.2118667943878
"GRC",2019,"Europe & Central Asia","Greece","GRC",10721582,79.388,7.8,1.34,6,80.590100891173,2.41172201156202,3.58612990379333,3.99746466,97.5,2.62239872406513,5.73101059153397
"GRL",2019,"Europe & Central Asia","Greenland","GRL",56225,87.052,15.1,2.08,NA,92.1907515607492,NA,NA,NA,NA,NA,9.07781236104936
"GRD",2019,"Latin America & Caribbean","Grenada","GRD",115981,36.396,16.617,2.042,5,NA,17.1914579813983,NA,2.04134059,80.625,NA,1.23899604245523
"GUM",2019,"East Asia & Pacific","Guam","GUM",161808,94.859,16.624,2.623,6,78.0645161290323,NA,NA,NA,NA,NA,0.00185404924354791
"GTM",2019,"Latin America & Caribbean","Guatemala","GTM",17103803,51.439,22.858,2.61,7,45.5167427491815,1.51707101923107,3.19297003746033,2.37258744,73.75,0.430081218533133,1.15257407957751
"GIN",2019,"Sub-Saharan Africa","Guinea","GIN",13034346,36.5,35.436,4.576,7,78.4153132285974,0.330286821832839,1.85812997817993,0.92095226,73.75,1.44513568163751,0.253560861434858
"GNB",2019,"Sub-Saharan Africa","Guinea-Bissau","GNB",1967696,43.777,32.093,4.172,6,50.1820475053207,4.51069669962484,NA,0.45877996,40,1.56801327840185,0.154749514152593
"GUY",2019,"Latin America & Caribbean","Guyana","GUY",807665,26.689,20.828,2.44,6,NA,32.7649489760172,NA,2.90384364,86.875,1.29961278504611,3.45848835841593
"HTI",2019,"Latin America & Caribbean","Haiti","HTI",11105163,56.192,24.304,2.919,6,44.5687187758294,0.499464210439719,1.75941300392151,0.40745705,61.25,0.0820730320346067,0.31582607117068
"HND",2019,"Latin America & Caribbean","Honduras","HND",9943633,57.73,21.628,2.427,6,99.4599779937589,3.83846408231678,5.93245983123779,2.87275672,75,1.62394902602413,1.02183980442561
"HKG",2019,"East Asia & Pacific","Hong Kong SAR, China","HKG",7507900,100,7,1.064,6,353.743521139731,16.0571325877868,3.81017994880676,NA,89.375,NA,5.774424273099
"HUN",2019,"Europe & Central Asia","Hungary","HUN",9771141,71.644,9.5,1.55,7,160.751343279331,59.9103508132077,4.22488021850586,4.29,93.75,1.33550194403956,5.32923432381131
"ISL",2019,"Europe & Central Asia","Iceland","ISL",360563,93.855,12.3,1.74,6,82.8627457813882,-2.25459249123475,7.60129976272583,7.1,100,NA,8.77877097761001
"IND",2019,"South Asia","India","IND",1389030312,34.472,17.049,2.109,6,39.9054035306442,1.78482633957161,3.89732360839844,1.04,71.875,2.54862217391745,1.82959722192153
"IDN",2019,"East Asia & Pacific","Indonesia","IDN",272489381,55.985,16.91,2.215,7,37.6277775357108,2.23336204275137,0.964399099349976,1.39791656,64.375,0.728563743551525,2.33693914112565
"IRN",2019,"Middle East & North Africa","Iran, Islamic Rep.","IRN",87051648,75.391,15.118,1.77,6,50.7543343501077,0.0254320122041021,3.24005007743835,2.78996778,31.25,2.00613630912015,7.62882168525977
"IRQ",2019,"Middle East & North Africa","Iraq","IRQ",41192171,70.678,28.078,3.604,6,68.9899384202806,-1.31640616709339,NA,2.10075927,45,3.27892893664877,4.54082160418299
"IRL",2019,"Europe & Central Asia","Ireland","IRL",4934340,63.405,12,1.71,5,249.745765682248,7.67631524338682,3.2961699962616,4.981359,97.5,0.278633920598915,7.34785199236372
"IMN",2019,"Europe & Central Asia","Isle of Man","IMN",83957,52.735,8.888,1.614,NA,NA,NA,NA,NA,NA,NA,NA
"ISR",2019,"Middle East & North Africa","Israel","ISR",9054000,92.501,20.1,3.01,6,56.66650339602,4.34441479379109,6.04147005081177,4.65,80.625,5.0528461529668,7.15431853324497
"ITA",2019,"Europe & Central Asia","Italy","ITA",59729081,70.736,7,1.27,6,58.6941902594738,1.77066894209208,4.09527015686035,6.38,97.5,1.31150962472626,5.5548268020397
"JAM",2019,"Latin America & Caribbean","Jamaica","JAM",2823271,55.985,11.994,1.37,6,90.1106076335994,4.20330596139907,5.16364002227783,3.97861576,68.125,1.68152578167608,2.98848392520591
"JPN",2019,"East Asia & Pacific","Japan","JPN",126633000,91.698,7,1.36,6,35.2164181084145,0.780785313301259,3.15533995628357,9.21,78.75,0.99223146563367,8.90561386052609
"JOR",2019,"Middle East & North Africa","Jordan","JOR",10671891,91.203,22.6,2.918,6,85.6878334964204,1.63970565115644,2.98847007751465,3.00427818,40.625,4.56624818837005,2.20716272308254
"KAZ",2019,"Europe & Central Asia","Kazakhstan","KAZ",19209555,57.54,21.73,2.9,7,64.8586165517565,2.05367649290766,3.35382127761841,1.67,69.375,1.02091636689134,11.1761620714275
"KEN",2019,"Sub-Saharan Africa","Kenya","KEN",51202827,27.507,28.46,3.469,6,31.759461841481,0.468168547481475,5.37359189987183,2.00870633,83.75,1.11257115441069,0.379182188514708
"KIR",2019,"East Asia & Pacific","Kiribati","KIR",123921,54.835,28.064,3.368,6,98.3140539567767,-0.257289476242624,13.7686548233032,11.43,76.25,NA,0.693183560494186
"PRK",2019,"East Asia & Pacific","Korea, Dem. People's Rep.","PRK",26037632,62.134,13.487,1.84,7,NA,NA,NA,NA,NA,NA,2.16636827803696
"KOR",2019,"East Asia & Pacific","Korea, Rep.","KOR",51764822,81.43,5.9,0.918,6,75.757138965219,0.58339386057331,4.68465995788574,4.73187208,85,2.67129907792582,12.5848843834525
"KWT",2019,"Middle East & North Africa","Kuwait","KWT",4442316,100,12.437,2.159,6,91.6857123834172,0.366059041808318,6.72789573669434,4.72437525,26.25,5.42100598376451,22.1065093073073
"KGZ",2019,"Europe & Central Asia","Kyrgyz Republic","KGZ",6590211,36.591,26.9,3.3,7,94.4302823542939,4.3096066288398,6.07318115234375,2.31,76.875,1.45350773178251,1.54189296822211
"LAO",2019,"East Asia & Pacific","Lao PDR","LAO",7237636,35.645,22.786,2.571,6,NA,4.03149139231071,2.12201404571533,0.96142328,85.625,NA,2.67342817461392
"LVA",2019,"Europe & Central Asia","Latvia","LVA",1913822,68.222,9.8,1.61,7,125.29163170793,3.37100266711483,4.43584012985229,3.96,100,2.01443055910716,4.11271267651851
"LBN",2019,"Middle East & North Africa","Lebanon","LBN",5794594,88.758,15.822,2.13,6,62.98091601016,3.69413245000342,2.60026550292969,4.28537226,52.5,4.24221838501955,4.66365719496482
"LSO",2019,"Sub-Saharan Africa","Lesotho","LSO",2209405,28.585,26.839,3.094,6,140.51663349168,1.49464839144428,7.19406890869141,5.77186584,78.125,1.84049776969628,0.317823124325327
"LBR",2019,"Sub-Saharan Africa","Liberia","LBR",5043721,51.615,32.181,4.257,6,NA,2.61121194879185,2.16508197784424,1.35628378,81.25,0.940305253925036,0.274856598927657
"LBY",2019,"Middle East & North Africa","Libya","LBY",6951033,80.393,18.732,2.539,6,78.9939691850138,0.543647010925689,NA,NA,50,NA,8.31795792078674
"LIE",2019,"Europe & Central Asia","Liechtenstein","LIE",38563,14.371,9.2,1.48,7,NA,NA,NA,NA,NA,NA,NA
"LTU",2019,"Europe & Central Asia","Lithuania","LTU",2794137,67.855,9.8,1.61,7,148.374996011818,6.23035300556358,3.9640998840332,4.55,93.75,1.99761905657542,5.11420878790124
"LUX",2019,"Europe & Central Asia","Luxembourg","LUX",620001,91.223,10,1.34,6,382.348369203003,252.920356064947,3.73606991767883,4.7,100,0.546705762701995,15.6023941896868
"MAC",2019,"East Asia & Pacific","Macao SAR, China","MAC",672000,100,10.295,1.077,6,114.703063841274,11.784127030041,3.0654399394989,NA,NA,NA,4.04196428571429
"MDG",2019,"Sub-Saharan Africa","Madagascar","MDG",28219554,37.861,31.701,3.978,6,62.6013230457128,3.36279830994654,3.01338386535645,0.68268955,66.875,0.545343037675691,0.141756315496694
"MWI",2019,"Sub-Saharan Africa","Malawi","MWI",19025752,17.174,33.598,4.072,6,NA,0.499715013992528,NA,1.67412877,77.5,0.760781826918983,0.288982007123818
"MYS",2019,"East Asia & Pacific","Malaysia","MYS",33440596,76.607,15.58,1.834,6,123.028562027943,2.50697705748044,3.97953963279724,2.00959897,50,0.894622791765709,7.60821966211368
"MDV",2019,"South Asia","Maldives","MDV",487731,40.238,15.001,1.736,6,137.125230822792,16.7834728448357,4.12356948852539,6,73.75,NA,5.19651201174418
"MLI",2019,"Sub-Saharan Africa","Mali","MLI",21068405,43.136,42.376,6.103,7,63.6587027665939,4.97152245435128,3.55504989624023,1.1192745,63.75,2.75247053080834,0.274614998145327
"MLT",2019,"Middle East & North Africa","Malta","MLT",504062,94.678,8.6,1.14,5,233.070643812248,198.19959042815,4.8993501663208,5.72,88.75,0.505680519746359,3.31804420884732
"MHL",2019,"East Asia & Pacific","Marshall Islands","MHL",44007,77.417,20.744,2.824,6,153.007728638901,2.21765571320359,9.92057037353516,6.81249571,56.25,NA,0
"MRT",2019,"Sub-Saharan Africa","Mauritania","MRT",4467708,54.507,33.723,4.521,6,93.4866941351317,-11.1917343784634,1.82317996025085,1.24474764,48.125,1.99633301217738,0.923001234637537
"MUS",2019,"Sub-Saharan Africa","Mauritius","MUS",1265985,40.766,10.2,1.4,5,96.4919509166035,0.39972037303759,4.54195022583008,2.83796334,89.375,0.148796738188038,3.32697464819883
"MEX",2019,"Latin America & Caribbean","Mexico","MEX",125762982,80.444,15.71,1.916,6,77.4619722694466,2.29631050141129,NA,2.67861629,88.75,0.523424227075094,3.83500130427887
"FSM",2019,"East Asia & Pacific","Micronesia, Fed. Sts.","FSM",110282,22.812,21.059,2.801,6,95.8493908629442,NA,10.2259998321533,3.19510603,61.25,NA,0
"MDA",2019,"Europe & Central Asia","Moldova","MDA",2664224,42.726,12.894,1.78,7,87.6322371148906,4.44218297010915,6.22576999664307,3.88,87.5,0.355027517384174,3.39213219308887
"MCO",2019,"Europe & Central Asia","Monaco","MCO",38109,100,NA,NA,6,NA,NA,1.15890002250671,3.34121513,NA,NA,NA
"MNG",2019,"East Asia & Pacific","Mongolia","MNG",3267673,68.543,23.292,2.937,6,124.396514621165,17.1989395200126,3.65236973762512,2.11976218,85,0.690477400694624,7.20895267060076
"MNE",2019,"Europe & Central Asia","Montenegro","MNE",622028,67.15,11.6,1.77,6,108.844577462214,7.53492922355211,NA,5.07,78.75,1.33441196432034,NA
"MAR",2019,"Middle East & North Africa","Morocco","MAR",36210898,62.994,18.337,2.382,6,75.9981158798422,1.33479789567415,5.00325679779053,2.02342105,75.625,3.08214912136127,1.98398559461298
"MOZ",2019,"Sub-Saharan Africa","Mozambique","MOZ",29884380,36.528,37.345,4.783,6,105.591171401921,21.7841914901932,6.2863941192627,1.84061074,82.5,1.41998694334012,0.288712698740948
"MMR",2019,"East Asia & Pacific","Myanmar","MMR",52640713,30.852,17.663,2.2,5,NA,2.31211211194364,1.99976003170013,0.66,58.75,2.18974002099593,0.673201367922201
"NAM",2019,"Sub-Saharan Africa","Namibia","NAM",2650494,51.042,28.433,3.404,7,82.9011507426355,-1.40710628631612,9.32253170013428,3.98556781,80,3.29742631401913,1.59777762183201
"NRU",2019,"East Asia & Pacific","Nauru","NRU",11587,100,29.124,3.618,6,156.361049485333,NA,6.01101303100586,10.3461647,NA,NA,0
"NPL",2019,"South Asia","Nepal","NPL",28414064,20.153,20.868,2.08,5,49.2495265869012,0.542801979747667,3.48568081855774,1.1,80.625,1.23581135255825,0.488765000318152
"NLD",2019,"Europe & Central Asia","Netherlands","NLD",17344874,91.876,9.8,1.57,6,160.676671884999,-13.6740358407126,5.15986013412476,6.69,97.5,1.31836099648855,9.10032554863183
"NCL",2019,"East Asia & Pacific","New Caledonia","NCL",283606,71.104,15.2,2.1,6,NA,0.804257409006776,NA,NA,NA,NA,22.8683455216039
"NZL",2019,"East Asia & Pacific","New Zealand","NZL",4979200,86.615,11.96,1.72,5,54.4644432407336,1.36988342750905,5.17797994613647,7.13066435,94.375,1.29327542803534,7.54884318766067
"NIC",2019,"Latin America & Caribbean","Nicaragua","NIC",6483657,58.76,21.305,2.377,6,94.04228104628,3.9609327954937,4.59991979598999,5.27607536,86.25,0.605020089397565,0.819259871396652
"NER",2019,"Sub-Saharan Africa","Niger","NER",22947757,16.517,45.859,6.961,7,37.1025664250801,5.56378872795104,3.52622723579407,2.02236509,56.875,1.91733600650351,0.101073059122946
"NGA",2019,"Sub-Saharan Africa","Nigeria","NGA",209485641,51.157,37.849,5.379,6,NA,0.485777628049364,0.358478993177414,0.46980387,63.125,0.459170524387093,0.588610748743395
"MKD",2019,"Europe & Central Asia","North Macedonia","MKD",1876262,58.208,9.6,1.34,6,138.576231840539,4.35892493383855,NA,4.26,85,1.15911628553257,4.62701904105077
"MNP",2019,"East Asia & Pacific","Northern Mariana Islands","MNP",48129,91.708,13.2,NA,NA,104.749787955895,NA,NA,NA,NA,NA,0
"NOR",2019,"Europe & Central Asia","Norway","NOR",5347896,82.616,10.2,1.53,6,70.8958205272987,3.99513402641074,7.8645601272583,8.95,96.875,1.84373537818427,8.34105599660128
"OMN",2019,"Middle East & North Africa","Oman","OMN",4591241,85.443,19.298,2.776,6,86.4782010313236,2.26908923371353,5.06363010406494,3.33252549,32.5,7.43921190765759,18.7895603824761
"PAK",2019,"South Asia","Pakistan","PAK",230800899,36.907,28.276,3.62,5,28.9055757994453,0.696146480411465,2.21491765975952,0.94301248,52.5,3.28551548641494,0.846870618125279
"PLW",2019,"East Asia & Pacific","Palau","PLW",17798,80.47,11.2,NA,6,115.048663674764,15.8586054512626,NA,6.91780424,56.25,NA,71.25519721317
"PAN",2019,"Latin America & Caribbean","Panama","PAN",4234700,68.059,18.228,2.375,6,80.4286505649569,6.00846150660602,3.09329414367676,4.80475616,79.375,NA,3.09481191111531
"PNG",2019,"East Asia & Pacific","Papua New Guinea","PNG",9609010,13.25,26.37,3.322,7,NA,1.35581279335553,0.736999988555908,1.3562634,60,0.362887828162291,0.748308098336873
"PRY",2019,"Latin America & Caribbean","Paraguay","PRY",6515058,61.879,21.281,2.525,6,71.2221617342433,1.07942153674295,3.48983025550842,3.31885815,94.375,0.973840384070445,1.30413267234152
"PER",2019,"Latin America & Caribbean","Peru","PER",32449303,78.099,18.042,2.242,6,46.9435053754409,2.09128983397663,3.822429895401,3.25723219,95,1.20589146228792,1.79215559730204
"PHL",2019,"East Asia & Pacific","Philippines","PHL",110804683,47.149,22.254,2.805,6,68.8418422585097,2.30117498594757,3.40748643875122,1.69,78.75,1.13133132483668,1.34290984795291
"POL",2019,"Europe & Central Asia","Poland","POL",37965475,60.037,9.9,1.44,7,101.581033817373,3.15455649244208,4.67881011962891,4.61,93.75,1.97509539032691,8.22691932604557
"PRT",2019,"Europe & Central Asia","Portugal","PRT",10286263,65.764,8.4,1.43,6,86.7709889083586,4.29794091554859,4.63002014160156,5.78,100,1.37469631433049,4.51123989343846
"PRI",2019,"Latin America & Caribbean","Puerto Rico","PRI",3193694,93.576,6.4,0.982,6,107.571456836722,NA,NA,NA,81.25,NA,3.83975421565122
"QAT",2019,"Middle East & North Africa","Qatar","QAT",2638657,99.188,10.743,1.834,6,90.0463755501859,-1.59472537646872,2.80378007888794,2.72214365,29.375,NA,38.9003193670113
"ROU",2019,"Europe & Central Asia","Romania","ROU",19371648,54.084,10.3,1.77,6,84.3677121619338,2.92654448293784,3.56695008277893,4.58,90.625,1.83559871426307,4.15962544849049
"RUS",2019,"Europe & Central Asia","Russian Federation","RUS",145453291,74.587,10.1,1.504,7,49.2287536619033,1.88851731564914,3.69561433792114,3.45,73.125,3.86033750437073,12.9046499195401
"RWA",2019,"Sub-Saharan Africa","Rwanda","RWA",12776103,17.313,30.776,3.939,7,57.9756628637954,2.54289976673387,3.23868060112,2.51631737,81.25,1.19677367403908,0.118173749851578
"WSM",2019,"East Asia & Pacific","Samoa","WSM",209780,18.056,27.895,4.047,5,83.3310795816457,-0.238656491573745,4.39581727981567,4.31464434,75,NA,1.96872914481838
"SMR",2019,"Europe & Central Asia","San Marino","SMR",34663,97.368,6.7,NA,6,307.264778080283,NA,3.37969994544983,7.23374033,80,NA,NA
"STP",2019,"Sub-Saharan Africa","Sao Tome and Principe","STP",213392,73.598,28.917,3.964,6,NA,5.85791781434654,5.89931058883667,2.1570518,83.125,NA,0.743233110894504
"SAU",2019,"Middle East & North Africa","Saudi Arabia","SAU",30063799,84.065,18.451,2.504,6,60.1981862343852,0.367200871217531,NA,4.03419256,70.625,8.13356689975746,19.2885170633292
"SEN",2019,"Sub-Saharan Africa","Senegal","SEN",16352922,47.653,33.47,4.517,6,64.2362506061005,4.55247618583037,5.03527021408081,1.05768847,63.75,1.53113424194311,0.758084701926665
"SRB",2019,"Europe & Central Asia","Serbia","SRB",6945235,56.26,9.3,1.52,7,107.577309546092,7.92487427143519,3.61647009849548,5.05642891,93.75,2.21441908263068,NA
"SYC",2019,"Sub-Saharan Africa","Seychelles","SYC",97625,57.119,16.4,2.36,6,173.407846880196,13.7575701960234,4.05055141448975,3.49421597,76.25,1.28748760895455,10.409218950064
"SLE",2019,"Sub-Saharan Africa","Sierra Leone","SLE",7731991,42.484,32.549,4.192,6,37.5619529967261,5.24865375257823,7.44701194763184,1.24274659,63.125,0.672477267518061,0.124211215455372
"SGP",2019,"East Asia & Pacific","Singapore","SGP",5703569,100,8.8,1.14,6,323.070429953395,28.0949935764636,2.72951006889343,2.27491283,82.5,2.77012373006203,9.8163448184812
"SXM",2019,"Latin America & Caribbean","Sint Maarten (Dutch part)","SXM",40385,100,9.6,1.601,6,NA,5.24677633401135,NA,NA,NA,NA,NA
"SVK",2019,"Europe & Central Asia","Slovak Republic","SVK",5454147,53.729,10.5,1.57,6,183.722608631236,2.15394548631738,4.27311992645264,5.45,94.375,1.70483154448324,6.32091507617965
"SVN",2019,"Europe & Central Asia","Slovenia","SVN",2088385,54.822,9.3,1.61,6,160.044275685249,3.99098612082388,4.89153003692627,6.15,93.75,1.0543316103123,7.1272777768467
"SLB",2019,"East Asia & Pacific","Solomon Islands","SLB",728147,24.21,30.762,4.104,6,82.9983376152335,2.02495081496878,NA,3.25913024,56.875,NA,0.507589813595332
"SOM",2019,"Sub-Saharan Africa","Somalia","SOM",16030971,45.554,44.564,6.531,6,70.3106083602176,NA,NA,NA,46.875,NA,0.0518933007863342
"ZAF",2019,"Sub-Saharan Africa","South Africa","ZAF",59587885,66.856,21.276,2.475,7,53.8979964081406,1.31407752293306,5.91158008575439,4.80993271,88.125,0.884244501867417,8.02763682584136
"SSD",2019,"Sub-Saharan Africa","South Sudan","SSD",10423384,19.899,29.058,4.619,6,NA,NA,NA,1.00942552,67.5,3.34971373830548,NA
"ESP",2019,"Europe & Central Asia","Spain","ESP",47134837,80.565,7.6,1.23,6,66.3662250440692,2.16052375036307,4.23021984100342,6.45209455,97.5,1.23270491757212,5.45484012175538
"LKA",2019,"South Asia","Sri Lanka","LKA",21803000,18.585,14.534,2.019,5,49.4255258543722,0.835214752952834,NA,1.85,63.125,1.75219928060225,1.08398844195753
"KNA",2019,"Latin America & Caribbean","St. Kitts and Nevis","KNA",46952,30.799,12.693,1.568,5,NA,5.63784923622053,2.98651361465454,2.55490351,71.25,NA,2.54728233089112
"LCA",2019,"Latin America & Caribbean","St. Lucia","LCA",177661,18.754,11.834,1.424,5,NA,3.6036587546418,3.27267003059387,2.08110976,83.75,NA,1.68016615914579
"MAF",2019,"Latin America & Caribbean","St. Martin (French part)","MAF",34267,NA,16.483,2.485,NA,NA,NA,NA,NA,NA,NA,NA
"VCT",2019,"Latin America & Caribbean","St. Vincent and the Grenadines","VCT",104167,52.614,13.346,1.838,5,NA,7.55828893565454,NA,2.86912751,68.125,NA,0.932157017097545
"SDN",2019,"Sub-Saharan Africa","Sudan","SDN",45548175,34.936,34.823,4.617,6,26.1196204552625,2.55226968828806,NA,1.03844607,29.375,1.63015149648972,0.521680616182756
"SUR",2019,"Latin America & Caribbean","Suriname","SUR",605768,66.095,18.409,2.394,6,NA,2.09560541663346,6.77857303619385,6.14175844,63.125,NA,4.39194543125421
"SWE",2019,"Europe & Central Asia","Sweden","SWE",10278887,87.708,11.1,1.71,7,92.5210834810288,2.98447516897391,7.63851022720337,9.22,100,1.09340922552771,3.91123085602556
"CHE",2019,"Europe & Central Asia","Switzerland","CHE",8575280,73.849,10,1.48,6,124.127612180467,1.21642491474438,5.01438999176025,3.72409916,85.625,0.696324324760463,4.47608707820619
"SYR",2019,"Middle East & North Africa","Syrian Arab Republic","SYR",20353534,54.821,18.883,2.835,6,41.9994711236162,NA,NA,NA,40,NA,1.35630500334733
"TJK",2019,"Europe & Central Asia","Tajikistan","TJK",9529966,27.309,28.267,3.281,7,56.0450159145896,2.56372135277231,5.48427629470825,1.9,78.75,1.01529515863987,0.948366447477357
"TZA",2019,"Sub-Saharan Africa","Tanzania","TZA",59174891,34.5,37.113,4.864,7,33.0185892502311,1.99459353959394,3.59683632850647,1.57168376,81.25,1.02236539691676,0.258030048589359
"THA",2019,"East Asia & Pacific","Thailand","THA",71522271,50.692,9.377,1.352,6,109.689514715166,1.01734877580041,3.02221417427063,2.71524906,78.125,1.35138503031835,3.93655704808367
"TLS",2019,"East Asia & Pacific","Timor-Leste","TLS",1300945,30.947,25.511,3.336,6,70.6142440551536,-11.7583732762401,4.17968893051147,3.47624707,86.25,1.69575076407375,0.512781093743394
"TGO",2019,"Sub-Saharan Africa","Togo","TGO",8463068,42.248,32.756,4.385,6,56.1423934002099,4.94369187810029,4.20166826248169,0.86334223,84.375,3.14621707722131,0.258156970970811
"TON",2019,"East Asia & Pacific","Tonga","TON",105669,23.107,23.424,3.315,6,90.3147767761719,-1.23601851661012,5.27322959899902,2.89456606,58.75,NA,1.8349752529124
"TTO",2019,"Latin America & Caribbean","Trinidad and Tobago","TTO",1363985,53.187,12.359,1.643,5,NA,0.773786178680069,3.54284954071045,3.14093018,75,0.707947748096899,23.5153612393098
"TUN",2019,"Middle East & North Africa","Tunisia","TUN",11875081,69.254,17.215,2.148,6,102.334485111325,1.94487649950903,6.1737322807312,3.56713367,64.375,2.38327777746153,2.54919524338402
"TUR",2019,"Europe & Central Asia","Turkiye","TUR",82579440,75.63,15.594,1.967,6,63.1932929004145,1.24926755538016,4.44776010513306,3.39,82.5,2.69365024001119,5.02842353980603
"TKM",2019,"Europe & Central Asia","Turkmenistan","TKM",6803944,52.048,23.055,2.74,6,44.2857594037204,NA,3.12054991722107,1.00934052,NA,NA,9.70032969113208
"TCA",2019,"Latin America & Caribbean","Turks and Caicos Islands","TCA",43166,93.36,12.849,1.692,6,NA,NA,3.02971601486206,NA,NA,NA,2.40235370430431
"TUV",2019,"East Asia & Pacific","Tuvalu","TUV",10581,63.215,23.619,3.199,6,NA,0,NA,17.16871262,NA,NA,0
"UGA",2019,"Sub-Saharan Africa","Uganda","UGA",42999637,24.361,37.667,4.809,6,39.3610539647435,3.68620371225002,2.30828070640564,0.57418674,73.125,1.74757281238647,0.160299027640629
"UKR",2019,"Europe & Central Asia","Ukraine","UKR",44957458,69.473,8.1,1.228,6,90.5112342910763,3.76649676088543,5.44129991531372,3.18,79.375,3.52015241588676,4.48261331857331
"ARE",2019,"Middle East & North Africa","United Arab Emirates","ARE",9445785,86.789,9.75,1.334,6,170.06811882535,5.07815357562375,3.86020994186401,2.2531426,59.375,NA,21.0191106403544
"GBR",2019,"Europe & Central Asia","United Kingdom","GBR",66836327,83.652,10.7,1.63,5,64.6651336372235,0.694070007703284,5.26115989685059,7.9679575,97.5,1.98132730031255,5.35458808201713
"USA",2019,"North America","United States","USA",328329953,82.459,11.4,1.706,6,26.2584806245428,1.46696501417689,4.95746994018555,8.63399315,91.25,3.43456772038844,15.1279840739964
"URY",2019,"Latin America & Caribbean","Uruguay","URY",3397206,95.426,10.822,1.546,6,49.7448699575412,2.35703295005515,4.62833976745605,6.25397635,88.75,1.88538746667702,2.0951923433551
"UZB",2019,"Europe & Central Asia","Uzbekistan","UZB",32964701,50.433,24.3,2.785,7,64.9639227632407,3.44235052410005,6.29534673690796,2.26,67.5,NA,3.73707014663958
"VUT",2019,"East Asia & Pacific","Vanuatu","VUT",291985,25.394,30.4,3.813,6,99.3829688227082,5.64318738616692,1.77407002449036,1.90440345,55.625,NA,0.868195284004315
"VEN",2019,"Latin America & Caribbean","Venezuela, RB","VEN",28938098,88.24,16.888,2.25,6,NA,NA,NA,0.81175309,85,1.79230375763991,3.94544244061928
"VNM",2019,"East Asia & Pacific","Viet Nam","VNM",97173776,36.628,15.663,1.948,6,164.704215031408,4.821074861051,3.08499836921692,2.02046871,81.875,NA,3.43318962926788
"VIR",2019,"Latin America & Caribbean","Virgin Islands (U.S.)","VIR",106669,95.832,12.3,2.05,6,155.4234409124,NA,NA,NA,NA,NA,0.0018749589852722
"PSE",2019,"Middle East & North Africa","West Bank and Gaza","PSE",4685306,76.44,29.466,3.642,6,68.9934922812035,0.769720046510608,NA,NA,26.25,NA,NA
"YEM",2019,"Middle East & North Africa","Yemen, Rep.","YEM",35111408,37.273,31.778,3.963,6,NA,0.0152196574218719,NA,NA,26.875,NA,0.354608393944213
"ZMB",2019,"Sub-Saharan Africa","Zambia","ZMB",18513839,44.072,35.462,4.451,7,68.791204936096,2.35091904331731,4.41824007034302,2.25831556,81.25,1.255654723075,0.445315528562174
"ZWE",2019,"Sub-Saharan Africa","Zimbabwe","ZWE",15271368,32.21,31.518,3.599,6,55.7959609733657,0.970159909292993,NA,0.46116894,86.875,0.729567173018744,0.710702538240189
