"ID","SexistRemarks","GainPower","HarrisTherm","TrumpTherm","RFemale","RAge","RConservative"
200078,1,1,95,0,1,40,3
200096,1,1,85,0,1,29,2
200340,3,3,10,8,1,35,1
200363,3,1,85,15,1,80,4
200380,3,1,85,0,0,62,3
200391,4,2,90,0,1,32,2
200469,1,1,80,0,0,30,2
200481,1,1,60,0,1,22,1
200577,1,1,100,0,0,58,1
200632,2,3,15,70,0,44,4
200638,2,2,95,10,1,57,5
200702,1,1,90,0,1,46,2
200715,4,3,80,0,1,61,3
200721,3,3,85,50,0,57,2
200772,3,2,60,40,0,30,4
200854,2,2,75,14,0,35,2
200860,1,1,15,15,1,32,2
200922,1,1,60,10,1,42,4
200952,3,3,40,70,0,34,3
201019,3,2,85,0,1,39,3
201030,4,3,65,0,0,38,2
201048,3,1,70,0,0,54,4
201089,4,3,0,85,1,67,6
201127,2,1,90,0,0,32,2
201163,1,1,85,0,1,36,2
201169,3,1,100,0,1,62,2
201186,2,1,80,0,1,45,3
201192,2,2,85,0,0,60,2
201216,3,3,15,90,1,80,6
201276,1,1,100,0,0,80,2
201300,1,1,85,0,0,54,1
201305,4,3,90,0,0,80,2
201364,3,3,70,0,0,74,2
201457,2,1,100,0,0,67,4
201529,1,1,70,0,1,45,3
201560,1,3,0,100,0,61,6
201576,2,1,60,0,1,31,1
201583,3,3,70,70,0,72,1
201715,4,1,40,0,0,47,3
201745,1,1,70,0,1,27,1
201763,3,3,15,15,0,65,6
201771,3,3,80,70,0,51,7
201788,1,1,0,100,1,70,1
201830,2,1,85,0,1,45,3
201871,4,1,85,0,0,46,2
201912,2,1,70,0,1,36,2
201935,2,1,40,50,1,29,4
201947,1,1,85,30,0,32,4
201964,4,3,40,60,0,48,4
201982,3,3,0,100,1,34,7
202039,2,5,70,0,0,58,4
202045,1,1,100,0,1,36,2
202057,5,3,0,80,1,47,5
202068,3,3,0,85,0,80,6
202098,5,5,0,100,0,55,6
202104,3,4,10,95,0,80,6
202111,2,2,100,0,0,44,4
202117,3,3,15,70,1,56,6
202199,1,1,85,0,1,26,2
202278,2,3,85,0,1,38,2
202284,1,1,70,0,1,22,2
202290,1,1,60,0,0,34,2
202320,1,1,100,0,1,48,2
202361,2,1,60,0,1,21,1
202379,2,1,100,0,0,71,4
202391,4,2,85,0,1,30,2
202480,3,3,0,50,0,79,6
202498,3,2,30,85,0,39,4
202530,3,2,90,0,0,54,2
202536,4,1,100,60,1,45,1
202542,1,1,100,0,0,66,3
202572,2,4,0,70,1,30,5
202589,3,3,67,36,0,38,3
202595,5,5,50,58,1,61,1
202601,5,3,0,90,0,30,4
202619,3,3,75,0,0,47,3
202630,4,1,85,0,0,71,3
202648,5,5,0,100,0,69,6
202671,1,3,0,100,1,80,6
202689,3,3,0,85,0,71,6
202721,3,2,50,50,1,26,6
202732,3,3,15,95,1,30,4
202791,4,3,70,0,1,31,2
202818,3,3,85,0,0,77,2
202835,3,5,60,100,1,51,2
202861,1,1,85,0,0,58,4
202873,2,2,70,0,0,35,2
202879,4,1,60,30,1,45,2
202903,2,1,70,0,1,34,4
202951,2,3,55,0,0,63,4
203035,4,2,70,0,1,56,3
203053,2,2,60,40,1,71,4
203103,3,1,60,15,1,61,6
203145,1,1,30,15,0,42,2
203177,3,3,0,85,1,30,3
203189,4,1,0,100,1,38,1
203201,3,3,70,0,1,49,2
203207,2,1,70,30,1,45,4
203219,1,1,90,0,1,33,1
203225,1,1,85,0,1,33,2
203248,3,1,85,0,0,63,4
203254,3,3,60,40,0,55,4
203290,4,1,100,0,0,60,4
203307,4,3,65,60,0,39,5
203325,4,3,85,0,0,80,6
203331,4,2,65,5,0,25,2
203349,2,1,30,40,1,75,5
203372,3,3,0,80,1,59,6
203384,3,1,90,0,0,78,2
203408,4,1,15,60,1,78,4
203414,3,1,100,0,1,74,2
203462,1,3,0,70,1,54,6
203489,5,1,100,0,0,62,2
203494,3,3,15,100,0,26,4
203512,4,4,30,30,1,49,4
203698,3,3,85,0,1,54,7
203758,3,3,50,50,1,68,4
203764,4,4,0,75,0,28,6
203770,2,2,70,0,0,40,3
203800,4,3,85,0,0,45,4
203818,1,2,15,50,1,65,5
203862,3,2,75,15,1,69,2
203886,3,1,85,0,1,45,2
203892,1,1,85,0,0,34,2
203904,1,1,85,0,1,18,1
203916,4,2,60,40,1,70,4
203928,4,3,80,0,0,71,3
203951,5,3,60,60,1,78,4
203999,3,1,0,100,0,76,6
204029,5,5,30,70,1,33,6
204041,4,3,0,70,0,76,5
204052,3,2,0,100,1,32,6
204077,4,3,100,0,0,77,4
204113,2,2,70,0,1,48,4
204130,2,4,85,0,0,46,6
204148,3,2,100,0,1,20,4
204172,1,1,100,0,1,23,2
204184,3,2,90,0,1,51,2
204207,2,3,0,100,0,30,7
204292,4,4,0,60,0,32,5
204346,4,3,50,10,0,48,4
204411,2,2,95,0,0,49,5
204423,1,1,75,0,1,71,4
204458,2,1,85,0,0,42,1
204470,5,5,0,85,0,54,5
204499,2,3,0,85,1,35,6
204563,3,3,100,0,0,66,4
204568,4,3,0,100,0,72,6
204609,3,3,60,0,1,76,4
204615,3,1,85,0,1,65,3
204638,5,4,40,70,1,29,4
204649,3,3,85,0,1,72,4
204776,3,2,15,70,0,62,6
204782,3,1,50,60,1,22,2
204788,3,1,0,70,0,70,5
204824,1,1,100,0,1,80,2
204830,3,3,100,0,0,73,2
204877,3,3,85,0,0,74,2
204924,3,3,0,100,0,57,6
204941,2,4,0,70,1,43,7
204978,4,5,0,85,0,26,6
204990,3,3,0,85,0,36,4
205062,3,4,0,95,0,69,6
205158,1,1,70,0,1,31,2
205176,3,3,40,50,0,50,5
205188,3,3,0,75,0,26,6
205200,3,1,100,0,0,61,1
205218,1,1,100,0,0,56,2
205236,2,2,60,5,0,19,4
205272,4,3,30,40,0,64,4
205296,5,3,0,75,1,64,6
205321,2,1,100,0,1,57,2
205345,3,3,80,30,0,73,4
205363,1,1,100,0,0,65,2
205405,4,1,85,0,0,65,3
205435,3,3,0,100,1,77,6
205446,3,3,0,100,0,70,6
205452,4,2,0,100,1,54,6
205471,3,3,10,90,0,40,6
205536,3,3,60,60,1,36,4
205554,2,1,35,75,1,23,4
205577,3,3,15,60,1,34,5
205589,4,3,85,0,0,63,4
205695,4,3,70,0,0,58,4
205742,4,3,0,85,0,69,6
205748,4,1,85,0,1,39,2
205754,4,2,0,100,1,64,7
205760,3,3,50,0,1,36,4
205796,3,3,15,70,1,65,6
205801,3,3,15,85,0,55,6
205820,2,1,85,0,1,76,4
205832,1,1,85,0,1,40,2
205844,1,1,100,0,0,70,2
205885,3,3,0,60,1,22,5
205897,3,3,0,85,1,38,6
205914,1,5,0,100,1,65,6
205926,4,3,0,100,1,70,6
206002,3,4,5,85,0,66,6
206071,2,1,15,30,0,32,4
206209,2,3,0,85,0,39,6
206232,4,3,40,50,1,65,4
206279,3,3,0,70,0,34,6
206291,3,3,100,30,0,70,4
206296,3,3,0,100,0,73,6
206326,4,4,0,85,1,63,6
206338,4,3,0,75,1,44,7
206373,2,2,0,5,1,67,4
206385,4,1,0,70,0,79,6
206403,3,3,85,0,1,71,4
206445,1,1,0,85,0,24,5
206505,3,4,0,85,1,57,7
206557,2,1,85,15,0,70,3
206562,4,3,100,0,1,74,2
206568,2,1,90,0,1,44,4
206574,3,3,50,50,0,47,4
206580,5,5,50,15,0,26,5
206598,3,3,15,70,0,66,5
206616,1,1,60,40,0,56,4
206622,4,3,85,0,1,35,4
206634,3,3,85,0,0,72,3
206717,4,4,0,70,0,68,6
206745,3,3,50,0,1,68,4
206793,3,3,60,0,0,76,5
206822,3,4,0,100,0,48,6
206828,3,3,0,85,0,73,6
206846,3,3,15,100,1,53,6
206852,4,3,0,85,0,80,6
206865,5,4,5,95,0,44,6
206901,4,4,100,60,1,25,3
207003,1,1,100,0,1,27,1
207021,3,5,60,15,1,30,2
207027,1,1,60,15,0,21,4
207033,1,1,85,0,0,30,1
207045,3,3,50,0,0,35,4
207065,3,3,85,15,0,31,4
207077,1,1,60,100,1,34,1
207089,4,1,70,0,0,72,2
207095,3,3,40,60,0,26,4
207100,4,4,85,30,0,65,5
207124,1,1,85,0,1,34,1
207154,3,3,70,0,1,43,6
207160,5,5,15,60,0,32,5
207215,2,1,100,0,1,74,1
207238,3,2,85,30,0,74,4
207244,3,3,100,0,0,76,4
207261,3,3,85,0,1,56,4
207267,4,2,100,0,1,75,4
207290,1,1,80,5,0,26,2
207320,2,1,60,60,0,21,3
207355,4,3,70,0,0,75,4
207361,2,4,60,40,0,31,4
207384,4,3,60,0,0,64,3
207419,3,3,15,85,1,42,4
207448,2,3,85,1,0,25,2
207556,3,3,54,67,0,23,3
207565,3,3,85,0,1,75,2
207583,3,2,100,0,1,63,2
207654,3,1,50,40,1,23,4
207702,3,3,50,20,0,39,3
207720,3,1,85,0,1,56,2
207744,3,3,50,60,1,48,4
207750,1,1,70,0,0,56,1
207762,3,1,75,0,1,71,4
207768,2,1,0,85,0,69,6
207789,3,3,70,50,0,41,4
207813,3,3,70,60,0,56,4
207848,2,1,100,0,0,63,2
207866,1,1,100,0,1,36,2
207872,1,1,60,0,1,66,2
207890,4,4,90,0,0,54,4
207914,4,2,5,75,0,36,5
207938,3,4,0,100,1,28,6
207956,4,2,50,15,0,29,3
208033,4,2,85,0,1,63,3
208065,5,2,0,60,0,28,4
208090,2,2,95,10,1,27,3
208134,4,4,60,5,1,61,4
208140,4,3,70,0,1,33,4
208164,3,3,50,0,1,40,4
208194,3,3,85,0,0,61,2
208200,1,2,40,0,1,22,1
208206,1,4,85,10,0,50,2
208224,1,1,100,15,0,54,6
208248,4,3,0,60,0,61,4
208254,2,1,70,0,1,63,4
208284,4,2,50,60,1,51,4
208290,1,1,80,0,1,23,2
208302,1,1,85,0,0,77,6
208308,3,1,30,60,1,42,5
208336,2,1,60,0,0,33,3
208342,1,1,100,0,0,35,1
208360,3,3,70,40,0,36,4
208366,1,1,90,0,0,44,3
208372,3,2,75,0,0,73,4
208390,1,1,70,0,0,61,3
208402,5,1,0,100,0,42,4
208425,1,1,60,0,1,27,3
208431,4,2,60,30,0,46,4
208443,2,1,85,0,0,64,2
208455,3,3,0,70,0,27,5
208461,4,4,90,0,1,73,3
208485,3,3,85,100,0,44,4
208491,4,2,0,60,0,71,4
208503,4,1,95,0,1,70,2
208527,1,3,0,100,0,80,6
208570,3,3,85,15,1,31,4
208599,2,2,85,0,1,43,4
208623,2,3,15,85,0,80,6
208647,3,1,15,100,1,38,6
208682,3,3,0,100,1,80,6
208712,1,1,0,100,1,25,7
208765,5,5,0,50,0,27,5
208805,3,3,70,30,0,32,4
208811,1,1,70,0,0,34,2
208859,2,2,85,0,0,36,2
208883,2,1,95,0,0,62,3
208901,4,4,5,50,0,45,5
208907,1,4,0,100,1,79,6
208937,3,3,0,85,1,54,5
208943,4,4,0,100,0,61,5
208963,3,3,100,0,1,74,2
208980,3,2,90,5,0,48,3
208992,1,1,85,0,1,72,2
209010,3,3,85,0,1,75,3
209016,3,3,100,0,0,78,3
209052,2,1,15,85,1,50,6
209076,1,1,85,0,0,33,2
209082,4,4,0,80,0,57,6
209088,4,3,70,0,0,70,2
209152,3,3,0,90,1,43,6
209212,3,3,5,70,1,29,6
209287,4,3,30,30,0,58,4
209293,3,1,75,0,0,77,2
209299,3,3,50,50,1,31,4
209316,1,1,40,0,0,50,1
209322,2,1,70,0,1,63,2
209328,2,3,70,0,1,38,4
209334,1,2,85,70,1,50,4
209340,1,1,88,0,1,59,1
209364,1,1,85,0,1,25,1
209382,2,1,30,60,0,41,6
209394,2,1,100,0,1,42,4
209508,2,1,50,60,0,45,4
209519,4,2,85,0,0,72,4
209525,2,1,75,15,1,39,3
209549,3,3,70,0,0,34,2
209555,3,1,85,0,1,67,4
209603,3,3,40,50,0,66,4
209633,4,4,0,100,1,57,6
209635,4,3,0,85,0,55,6
209700,2,2,100,0,1,72,2
209730,3,4,0,85,1,20,7
209736,4,4,75,0,1,57,4
209778,3,3,60,0,0,37,4
209806,3,3,40,0,0,24,6
209855,5,3,0,0,0,56,4
209893,4,1,60,15,0,29,2
209899,2,1,85,3,0,40,3
209905,3,3,50,50,1,59,3
209940,4,3,0,85,1,33,4
209969,3,2,0,85,0,75,7
209981,3,3,15,75,0,66,6
210022,3,4,20,70,0,43,4
210045,4,2,85,10,1,54,4
210063,4,1,70,0,0,78,4
210080,5,5,70,0,0,45,2
210092,1,1,0,100,1,29,6
210111,3,3,85,0,1,75,2
210135,2,1,80,0,0,44,2
210141,4,3,85,0,1,71,2
210159,3,3,85,0,0,76,3
210165,2,1,85,15,1,80,3
210177,1,1,85,15,1,79,2
210183,1,1,100,0,1,37,2
210201,1,1,85,0,1,54,3
210207,4,4,0,100,1,65,6
210213,3,3,85,0,1,53,4
210219,3,3,100,0,1,73,4
210225,4,1,85,0,0,80,2
210231,2,3,70,15,1,48,4
210237,4,2,0,85,1,59,6
210243,3,3,0,85,0,32,5
210249,1,2,100,0,1,64,1
210261,1,1,85,0,0,42,2
210267,4,3,75,0,0,73,5
210273,3,1,15,85,1,31,5
210297,3,2,0,85,0,54,6
210363,1,5,40,100,0,38,1
210387,1,1,85,0,1,21,1
210405,3,3,55,60,0,22,4
210440,4,3,0,85,1,35,6
210544,3,3,65,30,0,27,5
210602,3,1,0,60,1,73,6
210608,1,3,100,0,1,62,2
210614,1,1,30,0,1,18,1
210650,2,5,100,0,0,35,2
210698,4,5,0,70,1,35,7
210722,3,3,40,40,1,58,4
210728,4,3,0,75,1,65,6
210734,3,3,30,40,0,67,4
210741,1,1,100,0,1,29,1
210759,3,3,90,0,0,77,2
210765,3,2,80,0,1,50,4
210783,2,4,70,0,0,73,4
210854,4,3,0,85,0,77,5
210860,3,3,0,60,1,39,4
210913,2,3,85,0,0,26,2
210950,3,3,0,85,0,55,6
210956,1,1,50,50,1,35,2
210992,4,4,0,100,0,31,5
210998,3,3,50,60,0,19,4
211016,1,1,30,0,1,59,6
211022,3,4,0,85,1,33,5
211030,3,4,85,10,1,21,7
211093,4,3,100,85,0,47,3
211099,2,1,75,0,1,67,4
211111,3,1,80,0,1,61,2
211128,1,1,85,0,0,49,5
211134,2,2,85,0,1,72,3
211164,3,3,0,85,1,40,3
211176,4,3,50,50,1,28,4
211187,2,1,100,0,0,73,2
211193,2,2,15,70,0,68,6
211211,3,3,60,75,0,28,4
211223,1,2,100,0,1,46,1
211235,1,1,100,0,1,41,2
211241,1,1,100,0,0,26,2
211306,3,4,0,55,0,40,6
211336,2,1,85,0,1,66,4
211383,1,1,90,0,1,63,2
211389,3,3,15,60,0,76,6
211395,3,3,10,95,0,80,6
211430,5,4,30,15,0,74,6
211450,2,4,50,50,0,43,1
211468,3,3,0,85,0,27,5
211474,4,1,5,75,1,43,7
211492,4,1,0,70,1,56,6
211566,4,4,0,70,1,26,6
211621,1,1,100,0,1,28,3
211626,1,1,85,0,0,64,3
211638,1,1,15,85,1,55,4
211656,3,3,75,0,0,32,3
211662,4,4,70,0,0,64,4
211673,1,1,50,0,0,31,1
211739,4,1,95,0,0,29,3
211745,3,3,15,50,0,39,4
211810,3,4,80,30,1,80,6
211834,3,3,70,0,1,71,4
211840,4,1,70,0,0,80,2
211852,2,1,90,0,1,43,3
211876,1,1,75,0,1,26,1
211887,3,5,50,0,0,75,5
211911,3,3,100,0,0,66,2
211929,3,2,70,30,0,80,4
211941,1,5,0,85,0,55,6
211958,3,4,30,60,0,36,4
211982,3,3,0,100,1,67,6
211994,4,2,45,0,0,76,5
212006,4,4,0,100,1,34,7
212018,4,2,13,40,0,42,5
212113,1,3,85,0,1,39,2
212125,3,2,0,85,1,25,6
212149,3,3,15,0,0,32,4
212191,2,1,85,0,1,22,4
212214,4,4,0,0,1,40,5
212220,3,2,60,70,0,26,2
212237,2,3,15,85,0,78,3
212289,3,3,70,0,1,37,4
212294,5,1,0,90,0,50,5
212300,3,3,0,100,0,44,6
212318,1,1,70,0,1,29,2
212359,3,1,75,5,1,26,3
212370,3,3,0,80,0,45,4
212382,3,1,60,0,1,57,3
212388,4,4,0,60,1,36,5
212400,3,1,0,85,1,42,6
212405,1,1,70,0,1,21,1
212411,3,3,0,85,1,69,6
212417,4,3,0,85,1,36,5
212423,3,1,65,70,0,56,4
212441,5,5,10,75,0,55,6
212463,3,3,70,0,1,44,2
212475,1,4,85,0,0,60,1
212487,4,3,85,0,1,67,2
212493,2,1,70,0,1,53,2
212504,3,2,100,0,0,58,1
212510,2,4,0,70,0,49,6
212534,3,3,0,100,0,68,7
212540,1,1,0,85,1,48,4
212558,4,5,15,85,0,69,6
212564,1,1,0,100,1,74,6
212570,3,2,0,100,0,31,6
212581,1,1,85,0,1,39,3
212599,4,2,0,100,1,27,6
212670,4,1,15,85,1,72,4
212687,1,1,100,0,0,48,2
212711,5,5,40,0,0,60,4
212729,2,3,0,85,1,23,6
212747,3,3,30,50,1,31,4
212753,5,5,0,0,0,38,4
212783,4,2,40,60,0,18,4
212817,5,5,15,70,0,38,6
212823,4,3,10,75,1,72,6
212842,2,2,85,0,0,48,4
212866,2,1,15,0,0,42,6
212872,3,3,0,100,0,39,6
212884,1,1,100,0,0,66,2
212932,1,1,90,0,1,51,1
212950,2,1,70,0,1,22,3
212956,4,3,0,70,1,53,4
212980,3,3,0,70,1,37,6
212998,2,2,75,15,0,52,3
213012,3,3,15,30,0,68,5
213024,4,2,100,0,0,73,2
213053,3,4,0,85,0,33,7
213059,1,1,80,0,0,40,3
213094,3,2,50,30,1,54,4
213100,4,3,30,30,1,36,5
213124,1,2,15,40,1,64,6
213135,4,2,60,30,1,65,4
213147,4,3,30,85,0,64,6
213188,4,2,100,0,1,66,3
213201,4,4,0,60,1,80,4
213212,4,4,0,85,0,63,4
213218,5,4,100,85,1,29,1
213259,3,3,0,85,1,53,4
213300,3,3,0,85,0,60,6
213387,3,3,50,15,0,52,4
213429,4,1,30,40,0,35,5
213435,3,3,40,0,1,64,6
213453,3,3,0,85,0,73,7
213471,4,2,30,85,1,55,5
213477,3,2,0,90,1,34,5
213489,5,4,5,90,0,52,6
213524,4,2,5,97,0,58,7
213530,3,3,0,85,1,58,6
213536,4,4,100,0,0,80,4
213542,3,3,0,70,0,48,6
213560,4,3,0,100,0,59,7
213572,2,4,0,0,0,75,5
213578,5,5,0,70,0,56,5
213595,4,4,0,100,0,34,7
213601,2,3,85,15,0,80,4
213607,3,3,85,15,0,75,3
213631,3,1,85,0,1,28,2
213643,2,1,100,0,1,67,3
213649,3,3,30,80,1,78,6
213660,4,1,60,0,1,53,4
213666,3,1,85,0,0,66,2
213690,3,1,0,40,0,37,4
213696,4,1,80,15,1,67,5
213702,5,5,0,100,0,52,1
213708,4,2,30,0,1,80,6
213720,5,3,15,85,0,64,7
213725,3,3,40,60,0,69,6
213731,2,5,0,100,1,73,7
213749,4,3,0,70,1,63,6
213755,3,1,0,85,0,18,7
213779,3,3,0,70,1,71,6
213785,4,3,0,100,1,60,6
213791,1,4,0,100,0,76,7
213798,4,3,0,95,1,54,6
213834,2,2,60,15,1,37,5
213845,3,2,50,65,0,25,4
213869,2,4,70,0,1,20,1
213893,1,1,87,0,1,34,4
213899,2,1,0,100,1,32,6
213916,3,1,70,0,1,59,4
213952,4,4,50,60,0,34,3
213997,1,5,60,85,1,26,2
214020,5,5,15,85,0,63,6
214054,2,1,15,85,1,51,6
214063,5,1,100,0,1,76,2
214069,2,2,100,0,0,58,5
214075,1,2,40,0,0,35,3
214092,3,3,15,0,0,47,4
214098,4,3,85,70,1,66,4
214128,3,3,50,70,1,37,5
214134,3,2,0,100,0,34,6
214139,5,4,0,85,1,46,5
214163,3,5,0,100,0,51,6
214175,4,3,15,90,1,73,4
214187,5,5,0,100,0,49,7
214216,4,1,60,0,0,73,6
214228,3,1,0,85,0,35,7
214234,3,3,0,85,1,74,4
214243,2,1,100,0,1,62,4
214249,3,1,85,0,0,48,4
214267,2,1,90,0,1,33,2
214278,5,3,12,95,1,30,6
214296,4,1,100,0,1,65,2
214314,3,3,0,60,1,76,5
214319,3,3,0,50,1,47,4
214337,2,3,0,96,0,71,6
214428,4,4,0,70,1,22,6
214486,1,3,0,100,1,69,6
214505,4,1,0,0,0,18,4
214522,4,4,60,0,1,62,6
214582,3,2,70,0,1,47,3
214594,2,1,50,75,1,43,4
214612,3,3,0,70,1,43,5
214647,4,3,0,100,1,61,7
214664,2,1,65,0,1,50,3
214670,3,3,85,0,0,72,2
214688,4,4,0,100,1,24,7
214717,5,5,5,100,0,32,6
214723,4,2,0,100,1,53,6
214729,3,3,0,100,0,75,6
214740,2,1,0,70,0,54,6
214746,2,1,50,15,1,48,5
214752,4,4,0,100,1,60,6
214772,3,3,100,0,0,78,2
214796,4,3,15,100,0,36,6
214832,4,4,0,100,1,51,6
214843,4,4,0,85,1,36,6
214855,4,3,0,100,0,44,6
214873,3,3,0,100,0,45,6
214897,3,1,0,90,0,48,6
214915,4,2,0,85,0,72,6
214920,4,3,0,70,0,65,6
214932,3,3,15,60,0,33,5
214962,2,1,70,0,1,48,4
214986,1,2,80,0,1,43,2
215033,2,3,50,0,1,28,4
215045,2,1,60,0,1,33,3
215091,3,3,40,70,0,61,6
215114,3,3,0,100,0,20,7
215155,4,4,0,95,0,26,4
215185,3,3,85,0,1,23,3
215202,3,3,0,85,0,49,5
215214,3,3,30,70,1,47,6
215262,4,3,0,100,0,46,7
215291,3,3,15,30,1,71,5
215301,1,1,100,0,1,64,1
215319,3,1,100,0,0,60,1
215343,4,2,70,15,0,34,3
215361,5,3,0,100,0,73,7
215391,4,1,0,60,1,80,4
215415,5,4,0,100,1,41,6
215421,3,3,0,100,0,67,7
215445,4,4,0,85,0,41,7
215451,2,1,100,0,0,60,3
215457,4,3,70,15,0,68,5
215487,3,3,95,0,1,40,4
215540,3,3,100,0,1,33,4
215581,2,3,100,0,1,35,1
215617,5,3,70,0,0,62,4
215629,3,3,70,0,1,36,4
215658,2,1,85,0,1,43,3
215815,3,2,50,70,1,44,6
215821,3,3,100,2,0,38,4
215985,3,3,100,0,1,36,6
216020,2,2,90,15,1,35,2
216085,3,4,15,60,0,34,5
216091,1,1,40,60,0,30,4
216103,3,3,5,70,1,55,4
216109,2,1,60,0,0,58,4
216162,4,1,95,0,0,61,2
216210,4,1,80,0,1,56,2
216216,3,3,55,15,0,57,4
216251,4,5,0,100,1,20,7
216257,2,2,15,85,1,80,7
216281,3,3,0,80,1,26,6
216318,3,3,50,0,1,50,4
216383,1,1,100,0,1,70,2
216395,1,1,85,0,1,43,3
216407,1,1,85,0,1,41,2
216413,2,3,0,100,1,28,6
216419,1,1,90,0,1,39,3
216442,4,1,0,100,1,69,5
216448,4,4,0,100,1,79,7
216454,4,3,0,100,1,63,6
216466,1,1,0,100,0,74,7
216478,3,3,0,85,0,75,6
216484,4,4,15,70,0,65,6
216510,1,1,100,0,1,50,1
216522,2,1,70,0,1,22,1
216528,5,1,85,0,1,26,4
216593,2,3,30,70,1,40,5
216687,3,3,50,80,0,38,1
216735,4,4,50,50,1,27,4
216746,1,1,85,0,1,71,2
216752,3,4,0,99,0,29,7
216804,1,1,85,15,1,34,3
216816,1,3,50,50,0,32,4
216852,2,2,30,60,1,28,5
216874,4,2,90,0,1,27,5
216880,3,3,100,0,1,57,4
216934,3,3,100,0,1,55,3
216982,5,1,100,0,1,80,4
216988,1,1,85,0,1,33,2
216993,4,3,100,0,1,56,2
217011,2,1,85,0,1,34,2
217017,3,4,30,60,0,34,6
217023,3,3,70,0,1,47,4
217041,2,3,70,15,1,63,4
217059,1,1,100,0,0,62,2
217071,3,3,55,80,1,23,4
217119,3,2,15,70,1,29,3
217125,3,3,70,0,1,29,4
217131,4,4,15,70,1,80,6
217136,4,4,0,100,1,47,5
217148,3,1,0,100,1,40,6
217182,3,3,85,0,0,38,4
217223,1,1,85,0,1,30,2
217228,4,2,85,0,1,72,2
217240,3,3,85,0,1,80,3
217258,3,1,100,0,1,64,2
217263,2,1,70,0,1,80,2
217275,4,3,20,40,0,41,5
217287,2,1,75,0,1,27,3
217298,4,2,85,0,0,68,2
217369,2,4,10,60,0,20,6
217431,4,4,15,70,1,25,5
217497,3,3,40,0,1,35,3
217527,4,1,85,0,1,65,3
217533,1,3,60,50,0,61,4
217610,3,3,0,85,0,43,3
217634,3,3,85,0,0,54,3
217701,1,1,85,0,1,35,2
217719,3,1,85,0,1,57,3
217731,3,3,80,0,1,32,3
217737,1,2,60,15,1,26,3
217808,4,3,15,70,1,55,3
217890,1,1,100,0,0,57,2
217907,3,2,75,0,1,48,3
217948,1,1,90,0,1,42,1
217954,1,1,80,0,0,25,2
217972,2,1,60,0,1,61,4
217995,3,1,30,10,0,44,4
218013,1,1,100,0,1,49,2
218031,1,2,85,0,1,41,3
218037,1,1,85,0,1,33,2
218066,3,3,70,0,0,19,2
218090,1,1,85,0,1,26,2
218160,5,5,0,100,0,71,6
218166,3,3,50,60,1,56,4
218236,3,4,60,0,0,35,4
218284,3,3,70,0,0,78,2
218296,4,2,70,0,0,80,2
218331,3,1,85,0,1,46,4
218349,3,1,85,0,0,71,1
218361,4,2,60,15,1,42,5
218373,1,1,0,100,1,46,6
218379,4,2,85,15,0,61,3
218408,4,2,85,0,1,80,2
218414,3,3,100,0,1,67,3
218420,4,3,0,95,1,76,6
218426,4,1,30,60,1,43,5
218444,5,3,0,70,1,78,6
218450,3,3,75,0,0,70,4
218516,1,3,50,30,1,26,4
218575,3,3,70,70,1,39,1
218598,3,3,70,30,1,60,4
218622,1,1,85,0,1,22,1
218628,3,3,0,85,0,32,6
218657,3,3,70,0,1,42,4
218681,3,4,65,45,1,42,4
218693,3,3,0,20,1,35,4
218739,3,3,0,40,0,35,5
218787,4,2,85,0,1,54,2
218805,1,3,70,40,1,37,4
218906,3,2,70,30,0,63,4
218935,3,3,100,0,1,68,4
219000,2,1,85,0,1,51,2
219014,4,3,85,0,0,73,3
219032,2,1,75,0,0,19,4
219050,2,2,20,80,0,60,4
219056,4,1,100,0,0,32,4
219092,3,3,40,60,0,62,5
219098,3,3,0,100,1,63,7
219104,4,3,0,85,0,80,6
219155,3,3,50,30,0,36,3
219173,4,4,0,85,0,53,2
219232,3,3,30,50,1,37,5
219244,3,3,85,0,1,59,4
219303,3,1,40,30,1,24,4
219350,4,2,100,85,0,50,7
219373,4,3,40,70,0,40,7
219391,2,2,60,15,1,19,3
219397,1,1,100,60,0,25,5
219491,3,3,40,85,1,23,6
219521,1,1,50,0,1,21,2
219556,3,4,60,0,0,40,4
219562,5,5,0,100,1,28,2
219568,3,3,70,70,0,37,2
219586,4,4,60,60,0,30,5
219621,3,3,15,60,0,30,6
219697,2,1,30,0,1,33,4
219703,4,4,0,100,0,36,7
219709,2,1,15,70,1,20,5
219745,1,1,55,0,1,44,2
219756,1,1,15,0,0,30,5
219776,3,3,100,0,1,70,4
219853,3,4,30,85,0,29,2
219888,3,1,85,0,1,53,3
219894,2,3,60,0,0,49,3
219900,4,1,60,15,1,49,2
220006,3,3,55,25,0,43,3
220035,3,2,85,15,1,72,4
220047,1,1,10,88,1,24,4
220059,4,4,0,80,0,58,6
220088,3,3,50,30,1,69,4
220142,3,3,0,50,0,59,6
220171,5,5,0,90,0,60,6
220183,2,3,0,85,0,78,7
220189,2,3,100,0,1,56,2
220202,3,3,38,60,0,56,5
220244,3,1,100,0,0,71,2
220274,3,3,100,0,0,56,1
220303,1,1,100,0,0,50,2
220315,1,1,100,0,1,71,1
220321,4,2,52,20,0,49,3
220327,3,1,70,0,0,37,1
220339,1,1,85,15,1,51,1
220398,3,1,75,0,0,29,2
220458,4,3,0,85,0,74,6
220464,4,1,80,0,1,49,6
220476,3,3,30,78,1,42,6
220493,1,4,0,85,0,72,7
220508,4,4,100,50,0,78,2
220666,3,3,70,50,1,34,4
220702,2,1,85,0,0,71,1
220760,4,3,0,100,0,32,6
220778,4,3,0,100,0,32,6
220813,4,4,100,0,1,45,1
220819,2,1,100,0,0,80,2
220858,4,4,50,70,1,36,5
220882,1,2,99,0,1,25,3
220922,3,3,60,0,0,44,4
220946,3,1,70,30,1,61,5
220960,3,3,0,85,0,37,6
220984,3,3,100,0,0,25,4
221037,1,1,75,0,0,29,1
221067,4,1,85,0,1,61,2
221073,2,2,85,0,0,68,3
221180,2,1,15,85,1,55,6
221186,3,3,100,0,1,22,3
221210,3,1,85,0,0,62,5
221222,1,1,93,0,0,67,4
221263,1,1,70,0,1,41,3
221311,2,1,85,0,0,67,3
221346,3,3,0,100,1,41,6
221358,3,3,0,40,1,33,6
221382,4,4,0,100,1,47,4
221406,1,1,70,0,0,65,4
221445,5,1,100,0,1,69,3
221469,1,2,60,0,1,54,4
221474,2,1,70,0,1,54,2
221486,1,1,85,0,1,43,2
221492,1,1,0,60,1,67,4
221510,3,3,85,0,0,80,4
221522,1,1,85,15,1,80,2
221527,3,1,70,0,1,66,2
221545,4,4,85,0,1,67,3
221569,2,1,100,0,0,59,3
221581,3,3,96,30,0,80,4
221586,1,1,85,0,1,42,2
221592,3,2,85,0,1,52,3
221616,2,2,15,60,0,53,5
221645,4,4,0,70,0,78,5
221651,3,4,70,30,0,58,5
221693,3,1,0,100,1,70,7
221698,3,3,0,0,1,80,7
221751,5,5,0,70,0,41,7
221768,1,1,50,0,1,25,3
221774,3,1,100,0,1,48,1
221786,4,5,85,30,0,22,4
221816,3,3,85,0,1,28,4
221834,3,3,85,0,1,40,7
221869,2,1,100,0,0,25,2
221911,3,2,50,85,1,31,4
221959,3,3,50,30,0,38,4
222018,2,1,0,80,0,71,6
222066,1,1,15,15,0,31,7
222159,2,1,70,0,1,43,3
222189,2,1,100,0,0,50,1
222218,3,3,15,30,0,36,4
222294,1,1,95,0,1,47,2
222300,4,1,100,0,1,78,1
222306,2,1,100,20,0,64,4
222348,2,2,40,0,0,27,1
222389,4,4,0,85,0,80,7
222425,4,3,0,90,0,70,6
222436,3,3,50,50,0,67,5
222460,4,1,0,75,0,61,6
222466,3,3,0,0,0,49,7
222472,1,3,15,85,1,55,6
222502,4,4,0,100,1,69,6
222535,3,3,1,60,0,25,5
222541,5,1,75,0,1,38,2
222547,4,4,0,100,0,74,7
222565,3,2,95,0,0,80,3
222583,4,3,50,15,0,40,4
222589,4,3,85,0,1,74,2
222607,3,3,60,20,0,74,4
222613,3,1,15,85,1,80,5
222619,3,3,0,100,1,79,6
222631,3,3,0,60,0,35,6
222643,2,1,70,0,1,68,2
222655,3,3,70,0,1,38,4
222666,1,1,0,100,1,67,7
222678,3,3,0,85,0,64,5
222690,3,3,15,85,1,66,6
222702,5,5,0,100,0,59,7
222803,5,4,0,100,0,44,5
222868,2,1,100,0,1,44,4
222951,3,3,50,60,0,30,3
222969,1,1,85,0,1,28,2
223020,3,3,0,0,0,46,1
223044,4,3,15,60,1,40,5
223092,3,1,15,50,1,25,4
223104,2,3,0,0,0,35,4
223128,3,1,0,85,1,58,4
223152,4,3,0,85,1,37,5
223183,3,3,100,0,1,49,2
223290,3,3,60,7,0,45,3
223296,3,2,85,30,1,68,4
223331,4,4,15,70,0,75,4
223343,3,3,0,100,0,61,6
223361,4,3,40,0,0,45,4
223385,2,1,100,0,1,75,2
223432,2,2,0,90,0,67,6
223438,4,3,0,85,0,63,6
223462,3,1,0,100,1,44,4
223468,4,1,2,96,0,64,6
223480,2,1,10,90,0,22,6
223533,4,3,0,100,0,55,7
223572,3,3,70,0,0,80,2
223577,1,1,75,0,0,41,1
223583,3,1,85,50,0,80,4
223636,3,3,60,70,0,74,4
223659,3,3,85,0,0,80,4
223665,5,5,0,85,1,71,6
223677,3,5,0,90,1,40,6
223689,3,3,45,85,0,23,4
223718,4,4,15,99,1,43,2
223730,3,2,15,85,1,66,6
223753,4,1,55,0,1,40,4
223765,3,3,5,98,1,52,7
223771,3,3,10,90,0,56,6
223800,3,3,0,100,0,68,6
223806,3,3,10,70,1,47,7
223812,5,3,50,70,1,69,6
223825,5,4,74,85,0,41,4
223890,1,1,45,0,1,23,1
223967,2,2,75,0,1,59,4
223979,3,2,40,30,0,29,3
224056,5,5,85,15,0,47,2
224079,3,2,0,50,0,41,2
224174,4,1,0,60,1,28,5
224180,3,3,100,0,1,46,2
224287,3,4,5,35,0,20,5
224316,1,1,0,30,1,36,6
224322,3,2,70,30,0,41,4
224416,3,1,100,0,0,61,2
224422,3,3,70,0,1,37,5
224440,3,4,70,70,1,72,5
224463,4,4,60,0,0,55,4
224475,1,1,85,0,0,36,1
224516,3,3,40,55,0,39,4
224534,3,3,85,0,0,71,2
224551,2,3,0,85,0,25,4
224557,1,1,60,0,1,27,2
224575,4,3,85,0,0,60,4
224587,5,5,85,50,0,22,4
224616,2,3,60,30,1,30,4
224622,3,3,0,80,0,54,6
224634,2,2,15,70,1,51,6
224734,3,4,0,100,0,72,7
224739,4,3,40,70,1,66,5
224745,2,1,40,75,1,54,4
224782,4,1,85,0,1,59,1
224800,3,3,85,0,0,69,4
224841,2,3,50,40,0,50,3
224853,2,1,85,0,0,49,2
224882,3,3,85,0,0,72,5
224918,2,2,0,85,0,60,4
224947,2,3,85,0,1,80,4
224959,5,3,10,75,0,74,6
224976,3,2,40,15,0,77,3
224982,3,3,0,100,1,45,7
225000,3,2,0,100,0,59,6
225012,4,4,15,70,0,68,6
225029,4,2,70,0,1,78,4
225035,4,3,0,85,0,48,5
225159,1,1,85,0,1,54,1
225195,4,4,0,100,1,43,7
225296,3,3,50,60,0,50,4
225314,3,3,100,0,1,44,4
225361,1,4,0,100,1,28,4
225426,2,2,70,0,0,27,2
225461,1,1,70,85,0,38,2
225508,5,4,40,70,1,45,6
225514,4,2,30,70,0,61,3
225520,2,2,45,40,1,19,2
225526,2,1,80,10,0,22,3
225538,2,3,0,85,0,51,6
225550,1,1,60,40,0,45,5
225604,2,2,80,0,1,27,3
225634,4,1,100,0,1,80,1
225652,4,1,0,85,1,43,6
225658,1,1,15,70,1,38,3
225664,4,4,0,100,0,44,6
225681,3,3,0,0,0,50,4
225699,3,3,60,0,1,69,2
225717,3,3,100,0,0,31,2
225800,3,3,0,100,1,44,5
225805,5,4,0,90,1,57,7
225817,3,3,0,100,0,61,6
225847,4,3,85,0,0,49,4
225876,3,3,0,100,0,51,7
225900,3,1,0,100,0,66,6
225924,5,3,100,0,1,59,2
225936,5,2,100,0,0,74,2
225972,4,1,70,0,1,56,3
225978,4,4,30,40,1,42,5
225984,4,4,70,60,0,73,4
225990,3,1,75,15,0,56,4
226007,2,4,0,100,0,73,6
226055,4,1,85,0,0,80,4
226061,4,1,60,0,0,58,4
226091,3,3,0,100,1,35,6
226097,3,4,0,85,1,38,7
226120,3,3,0,50,0,33,6
226197,3,1,50,50,1,46,4
226274,4,2,100,0,1,67,4
226405,5,5,0,100,1,18,7
226442,3,3,100,30,1,59,4
226490,4,2,0,85,0,52,5
226513,3,3,50,30,0,43,5
226525,1,1,85,0,1,18,3
226537,4,4,15,0,1,36,2
226608,2,5,50,85,0,42,6
226632,3,3,85,0,1,58,2
226638,1,1,85,0,1,66,2
226673,3,1,100,0,0,69,5
226697,3,3,0,60,0,52,5
226726,3,2,60,40,0,62,3
226779,3,1,40,0,1,38,5
226791,5,5,0,70,1,34,6
226838,3,1,0,100,0,32,7
226879,3,1,40,70,0,44,5
226897,3,3,0,100,0,57,7
226927,3,3,0,100,1,50,6
226997,3,1,85,0,0,56,3
227014,2,3,90,0,0,72,4
227032,3,3,30,1,0,29,5
227044,4,1,100,0,0,77,2
227062,3,3,30,30,1,39,5
227068,2,4,0,85,0,63,6
227121,2,3,0,90,1,72,6
227127,3,3,50,15,0,76,4
227133,3,3,15,85,0,65,6
227145,3,3,0,85,0,61,6
227151,4,3,0,98,0,41,7
227198,3,3,0,100,1,62,6
227204,3,3,10,70,0,58,4
227210,4,3,60,0,0,67,5
227258,4,3,10,90,0,55,6
227358,3,3,60,40,1,69,4
227400,1,1,85,0,0,51,4
227411,1,1,85,20,1,43,4
227447,3,3,0,60,0,31,4
227459,2,3,0,100,0,80,7
227584,5,3,0,100,0,61,6
227600,3,1,100,0,1,40,2
227606,4,3,60,0,0,21,2
227623,4,1,70,50,1,39,3
227629,3,1,95,0,1,54,4
227641,2,1,100,0,1,74,2
227647,4,2,100,15,0,65,4
227659,2,4,85,15,1,26,3
227677,4,1,60,0,1,30,2
227706,3,4,60,70,1,33,4
227712,3,3,50,50,0,47,5
227724,2,4,50,95,1,56,4
227730,4,1,100,0,1,60,3
227741,2,1,15,60,1,47,4
227771,2,1,70,15,1,21,1
227789,3,3,0,85,0,48,4
227795,2,2,10,50,1,53,6
227806,3,5,100,0,0,51,4
227877,2,1,80,0,0,26,1
227895,3,1,70,0,1,67,5
227913,4,4,0,100,1,73,7
227978,3,3,20,80,0,39,6
227989,3,3,0,50,1,26,6
228001,4,3,0,85,1,53,4
228013,5,3,0,100,0,62,4
228042,3,2,15,70,0,67,4
228048,5,3,100,0,1,80,3
228054,4,4,50,50,1,33,6
228066,4,3,100,0,1,79,3
228096,4,1,100,0,0,78,2
228108,4,1,85,0,0,80,4
228143,2,1,15,70,1,60,4
228161,1,1,40,100,1,54,6
228179,3,3,85,0,1,41,4
228197,4,2,15,60,0,59,4
228203,2,1,15,65,0,80,6
228208,1,1,0,85,1,79,6
228214,3,3,0,100,1,44,6
228220,4,3,0,85,0,74,5
228250,4,4,0,100,0,55,6
228280,4,3,40,60,1,55,5
228303,4,3,12,100,0,80,6
228309,3,3,15,70,1,77,6
228339,3,3,0,90,0,80,6
228351,3,2,0,70,0,69,5
228475,3,3,0,100,1,72,6
228545,2,2,0,70,0,68,5
228622,3,3,0,100,0,34,4
228627,4,4,30,60,0,51,4
228751,4,4,0,100,1,45,4
228791,1,1,85,0,0,28,3
228797,3,3,30,70,0,27,5
228833,3,3,100,0,1,46,4
228944,2,1,100,0,1,73,2
228962,5,4,0,100,0,38,7
228980,4,4,15,86,1,64,3
228991,4,2,70,0,1,53,4
229003,4,2,89,0,0,40,2
229027,3,4,15,90,0,26,6
229115,4,2,40,60,1,66,6
229126,3,3,0,100,0,42,7
229144,3,3,0,100,1,54,4
229150,3,3,0,85,0,70,6
229156,4,4,0,70,1,20,7
229162,3,5,70,40,1,37,3
229185,3,1,5,90,1,54,6
229259,3,2,85,0,1,73,2
229289,5,4,0,100,1,54,7
229301,1,4,0,60,1,41,5
229319,3,3,0,60,0,56,7
229325,3,1,30,15,1,73,4
229348,5,5,0,100,0,29,5
229378,1,1,0,100,1,18,4
229396,3,3,0,97,1,61,7
229401,4,3,0,100,0,50,6
229417,5,5,100,70,1,29,4
229446,2,2,15,15,1,33,5
229511,2,1,15,60,1,49,4
229570,3,3,70,0,1,26,4
229606,4,4,15,70,1,50,4
229630,3,3,15,80,1,45,6
229724,3,3,0,15,0,22,5
229736,4,1,40,70,1,26,4
229771,4,4,50,0,0,52,4
229788,3,1,40,30,1,30,4
229794,3,4,35,85,1,59,4
229812,3,3,0,100,1,78,7
229817,2,2,15,70,0,50,4
229834,2,2,30,15,1,53,4
229845,2,1,0,85,1,45,6
229851,4,2,0,85,1,70,7
229898,3,3,60,0,0,23,3
229928,3,2,100,0,0,58,2
229951,5,5,0,0,1,62,4
230004,3,3,15,85,0,73,6
230022,4,2,0,100,1,45,2
230033,4,3,0,100,0,53,6
230045,3,3,0,90,0,62,6
230057,2,4,0,100,0,64,4
230069,4,3,5,85,0,36,6
230086,3,3,0,100,0,39,6
230098,2,2,0,60,0,60,5
230116,4,4,5,90,0,57,6
230133,3,2,30,30,1,57,4
230157,4,3,0,100,1,36,7
230186,4,3,0,70,0,69,7
230214,4,3,60,0,0,56,5
230238,4,3,75,5,0,56,4
230255,5,1,0,100,0,78,7
230261,3,2,85,0,0,62,4
230267,5,4,0,60,0,73,4
230302,4,5,0,100,0,57,7
230337,5,4,0,85,1,59,6
230355,4,4,0,100,0,80,7
230361,4,4,0,95,0,80,7
230396,3,3,0,70,1,47,4
230402,4,4,0,100,1,80,7
230414,3,3,0,60,1,25,5
230420,4,4,15,85,1,79,7
230425,4,3,40,70,0,63,6
230449,4,4,0,100,1,42,7
230532,5,3,0,99,1,73,6
230567,4,2,0,100,1,32,5
230597,4,4,40,50,0,43,4
230603,3,3,40,70,1,27,4
230655,3,3,40,100,1,61,4
230667,3,3,0,100,1,19,6
230708,5,1,15,60,0,72,4
230751,4,2,60,0,0,47,4
230798,5,2,0,100,1,30,7
230804,3,2,30,70,1,64,4
230810,2,3,0,100,0,54,6
230827,3,3,0,70,1,37,4
230856,3,4,0,70,0,70,4
230878,3,3,30,60,0,26,5
230972,3,3,15,90,0,52,6
230978,2,4,10,60,0,40,6
230984,2,1,85,0,1,39,3
230990,1,1,80,0,1,30,2
231013,5,5,30,60,1,47,4
231025,1,1,100,0,1,29,2
231031,3,3,15,70,0,49,6
231037,3,1,100,0,0,70,4
231042,3,1,60,0,0,64,3
231107,3,3,30,30,0,65,4
231166,4,4,0,85,1,41,6
231178,3,3,50,50,0,40,4
231189,3,1,75,30,1,67,4
231225,4,3,0,90,1,22,6
231236,4,4,0,100,1,20,7
231277,2,1,70,0,0,32,3
231324,1,1,99,0,0,61,3
231360,4,4,0,85,0,35,5
231383,4,4,0,85,0,74,6
231389,2,2,0,30,1,32,3
231401,5,1,0,100,0,71,7
231407,3,4,0,100,1,72,6
231448,4,4,0,100,0,32,7
231466,3,3,15,85,0,74,5
231496,3,3,0,100,0,77,6
231501,4,3,30,60,0,56,5
231519,4,3,0,100,1,71,6
231525,4,4,0,90,1,35,6
231531,3,2,0,70,0,62,6
231543,4,3,0,85,1,78,6
231549,3,5,0,60,0,21,4
231555,3,3,0,85,0,68,6
231615,1,1,100,0,1,23,1
231650,2,4,60,0,1,22,2
231739,4,1,90,0,1,65,4
231746,5,1,85,0,1,40,2
231770,2,2,65,0,0,28,2
231788,2,1,70,40,1,42,4
231800,4,3,70,0,0,39,1
231806,4,4,100,50,1,59,1
231818,1,1,85,0,1,36,1
231824,4,1,70,30,0,54,3
231898,2,2,90,0,0,37,2
231962,1,1,99,0,0,67,2
231993,3,3,50,50,1,23,3
232015,3,3,30,75,1,30,4
232071,2,1,100,0,1,65,3
232077,1,1,85,0,1,61,2
232101,1,1,59,0,0,32,1
232118,4,2,70,60,0,22,4
232229,1,1,70,0,1,47,2
232282,3,3,100,0,0,65,2
232311,3,3,55,30,1,74,4
232323,3,3,0,100,0,38,4
232352,3,2,30,40,1,34,5
232415,3,2,40,60,1,39,5
232462,1,1,60,0,1,20,2
232549,3,1,50,0,1,31,1
232555,3,1,65,0,0,31,2
232567,3,1,0,55,0,24,4
232634,3,3,30,40,0,36,4
232640,3,4,85,15,1,72,2
232670,4,2,85,0,1,56,2
232693,1,1,70,0,0,67,4
232705,5,5,70,0,1,49,2
232711,3,2,85,0,0,44,4
232746,2,2,40,40,1,50,5
232763,1,1,100,0,1,36,1
232769,1,1,80,0,0,33,2
232781,2,1,70,0,1,33,1
232793,2,1,90,0,0,70,2
232829,1,1,95,0,0,34,3
232858,1,1,100,0,1,50,3
232888,3,1,80,0,1,37,3
232900,3,1,60,0,0,49,5
232983,3,2,85,0,1,26,2
233024,4,2,40,30,0,64,4
233036,1,1,100,0,0,51,4
233042,4,4,0,100,1,33,6
233055,2,1,47,69,0,31,6
233061,2,4,15,85,0,21,5
233116,3,3,60,0,0,57,3
233122,2,2,100,0,0,79,4
233193,2,1,100,0,1,80,3
233205,3,3,100,0,1,64,2
233211,3,3,85,0,0,66,4
233217,1,1,100,0,1,65,1
233223,4,2,95,0,1,60,2
233258,4,3,40,60,0,73,5
233276,4,4,85,0,1,72,3
233282,4,4,0,85,0,80,7
233288,3,3,15,60,0,71,6
233381,2,2,85,0,0,41,2
233387,4,4,30,100,0,23,4
233416,4,1,15,0,1,46,4
233470,3,4,30,45,0,21,4
233493,1,1,85,0,0,36,2
233541,1,1,30,52,1,23,4
233554,3,3,0,0,0,56,4
233595,1,2,70,15,1,26,4
233624,2,1,66,1,0,31,5
233630,5,5,10,85,1,38,4
233647,5,4,0,70,0,46,6
233683,5,3,0,100,1,79,7
233690,3,3,100,0,0,44,3
233725,1,1,85,0,1,21,3
233749,2,1,75,0,1,27,2
233755,4,1,70,15,1,34,3
233796,1,1,100,0,1,64,4
233802,1,1,30,0,1,27,2
233838,3,3,30,1,1,21,2
233873,3,3,85,4,0,80,3
233897,3,3,70,0,1,20,2
233914,2,1,70,15,0,60,2
233932,3,3,70,0,1,24,2
233944,1,1,70,0,1,27,4
233967,1,1,70,0,1,33,2
233973,1,1,50,30,1,61,4
234020,4,4,60,65,0,22,5
234026,5,3,0,100,0,33,7
234032,5,4,15,70,0,68,6
234044,2,1,40,15,1,63,4
234107,1,1,70,15,1,24,1
234137,3,3,85,0,1,77,4
234149,3,3,15,0,1,48,1
234161,3,1,100,0,1,80,1
234173,1,1,85,0,1,66,2
234185,4,4,70,0,0,33,3
234197,2,1,85,0,0,79,1
234215,1,1,70,0,0,50,2
234274,1,1,70,0,0,30,3
234292,1,1,0,100,1,80,5
234304,3,3,70,0,0,74,5
234345,2,2,60,0,0,34,2
234351,4,1,70,0,0,66,5
234381,3,2,0,70,1,62,4
234405,5,4,0,85,0,35,6
234480,1,1,85,5,1,25,1
234486,3,3,0,60,1,53,4
234542,3,1,70,40,1,32,3
234554,1,1,85,0,1,48,2
234572,2,2,70,30,0,34,4
234595,4,3,50,85,0,54,4
234654,4,1,85,0,0,36,4
234660,2,1,70,0,0,27,2
234672,2,1,10,0,1,62,4
234678,1,3,50,0,0,48,3
234713,2,1,85,0,0,35,2
234719,4,1,85,0,1,62,3
234731,2,3,85,0,0,76,2
234737,1,1,40,0,1,37,1
234749,1,1,100,0,1,46,2
234761,1,1,60,0,1,38,2
234767,2,1,90,15,0,78,3
234820,4,2,0,90,0,41,5
234826,4,3,90,15,1,80,4
234832,3,4,60,0,1,61,4
234844,3,1,0,85,0,47,6
234862,4,4,0,100,1,80,6
234868,4,3,0,90,0,63,6
234924,3,3,85,0,0,56,4
234971,4,1,100,0,1,59,2
234989,3,3,0,70,0,33,5
235087,3,3,0,60,0,43,4
235093,2,3,15,85,0,46,5
235133,4,4,40,50,1,20,4
235139,4,5,100,0,0,19,2
235226,3,3,50,70,1,29,4
235238,1,5,0,100,1,28,6
235244,5,2,0,50,1,76,6
235273,1,4,0,70,1,46,5
235279,4,4,0,100,0,69,7
235292,2,1,70,0,0,34,2
235298,1,1,100,0,1,61,1
235304,3,3,85,0,0,78,3
235310,3,3,70,0,1,28,5
235328,1,3,75,0,0,61,3
235340,1,1,100,0,1,29,3
235346,3,2,0,1,1,80,5
235430,4,3,70,0,1,29,1
235441,2,2,50,50,1,32,4
235459,1,1,60,0,0,29,3
235492,3,3,15,15,1,36,4
235560,2,1,60,0,1,38,3
235607,4,1,50,15,0,32,4
235619,3,2,30,30,1,50,5
235648,4,3,100,0,1,62,5
235660,3,2,60,70,0,49,4
235719,3,3,0,85,1,21,7
235725,4,3,0,100,1,50,6
235736,3,3,85,0,0,70,4
235754,1,1,70,0,1,37,1
235760,3,1,85,0,1,40,1
235777,4,2,75,15,0,40,4
235789,2,1,100,0,1,54,2
235800,4,4,100,0,0,76,4
235812,3,3,100,0,1,80,1
235824,3,3,85,0,1,50,2
235835,3,2,15,85,0,77,6
235847,5,4,0,70,0,67,6
235853,3,3,50,30,1,63,2
235859,4,2,15,85,0,73,6
235894,4,4,0,85,0,73,6
235911,1,1,0,100,1,62,5
235921,3,1,70,2,1,27,2
235945,1,1,100,0,1,44,4
235974,3,4,100,0,0,40,4
236004,3,3,0,0,0,42,4
236058,4,5,15,60,1,37,4
236067,2,4,65,0,1,24,2
236119,5,5,0,100,0,59,7
236120,3,1,80,0,1,41,3
236126,1,1,100,0,0,31,3
236149,1,1,100,0,1,61,2
236161,3,1,85,0,0,72,3
236283,3,3,15,85,0,27,5
236289,5,4,0,40,0,58,6
236295,4,4,10,100,1,30,6
236314,1,2,80,0,1,59,2
236326,3,1,85,0,1,80,4
236337,1,1,85,0,1,57,3
236343,3,3,85,0,0,49,4
236367,4,1,60,30,1,66,2
236373,3,3,60,0,0,37,4
236378,4,1,70,0,0,53,1
236390,4,3,50,50,0,64,4
236396,3,3,0,90,0,58,6
236414,1,1,100,0,1,54,3
236419,4,2,100,0,0,73,3
236425,4,4,15,50,0,65,4
236431,1,1,15,0,1,39,4
236437,4,3,0,85,0,64,6
236449,3,2,0,85,0,38,6
236460,3,4,0,85,0,76,7
236496,4,3,0,70,1,73,6
236501,2,4,50,85,1,58,7
236508,4,2,30,15,1,43,3
236520,3,3,0,85,1,68,6
236586,1,1,100,0,1,28,4
236635,2,3,60,60,0,31,4
236654,5,5,0,60,0,38,6
236672,4,4,0,100,0,35,6
236695,3,3,60,0,0,29,4
236701,2,1,80,0,1,32,3
236743,3,3,30,85,1,69,4
236797,3,3,0,60,1,31,5
236839,2,1,0,75,1,33,6
236881,4,4,85,0,0,44,2
236912,1,1,85,0,1,47,2
236970,3,3,0,60,1,35,7
237005,3,4,0,90,0,74,7
237117,3,3,0,85,0,55,5
237284,1,4,60,0,1,22,2
237290,3,3,85,15,1,49,4
237296,3,2,0,75,0,26,5
237312,2,2,30,50,1,32,4
237359,3,2,60,30,1,35,2
237365,4,3,30,60,0,28,5
237412,4,3,15,0,0,37,4
237453,4,3,50,0,0,53,4
237495,4,3,0,70,1,54,5
237524,4,1,0,95,1,60,7
237553,4,3,0,70,0,33,7
237567,3,1,70,0,0,32,1
237584,3,1,90,0,0,49,2
237602,2,1,70,0,1,33,3
237620,3,2,100,0,1,73,2
237626,1,1,85,0,1,33,2
237650,3,3,85,0,0,49,4
237685,3,3,80,0,1,67,3
237703,3,3,75,15,1,43,3
237721,3,3,30,85,1,80,6
237739,2,4,15,95,1,65,6
237780,3,4,95,0,0,64,4
237835,2,1,95,0,1,77,4
237841,4,3,0,40,0,26,4
237853,2,2,0,60,1,25,5
237953,4,1,70,50,1,64,4
237958,3,4,10,0,1,67,4
237970,4,1,80,0,1,30,2
237981,3,1,40,50,1,35,4
237999,3,1,15,70,1,71,5
238026,3,3,70,50,1,49,4
238038,4,2,100,0,1,69,3
238056,1,1,80,0,0,54,5
238067,2,2,70,15,0,29,3
238097,2,3,100,0,0,53,4
238102,3,2,85,0,1,46,2
238138,4,2,75,0,0,54,3
238143,3,2,5,60,0,26,6
238149,2,1,95,0,1,47,2
238161,5,1,90,0,1,32,3
238185,5,5,100,0,0,41,4
238214,3,3,50,50,0,64,4
238226,3,3,70,30,1,74,4
238255,4,4,0,100,0,32,6
238276,1,1,85,0,1,35,2
238288,1,1,100,0,1,34,1
238300,1,1,85,0,1,50,2
238306,1,1,100,0,1,65,2
238312,1,1,15,85,0,34,6
238330,2,1,100,0,1,39,4
238336,2,2,90,10,0,71,3
238348,1,1,85,0,0,27,2
238371,4,3,85,0,0,75,2
238407,3,3,0,100,1,39,6
238413,3,3,30,50,0,18,5
238437,3,3,0,70,0,52,6
238449,4,4,0,60,0,39,6
238522,3,3,70,0,1,30,4
238534,3,3,15,0,1,27,4
238606,4,3,30,60,0,28,6
238742,2,1,50,0,0,28,1
238760,1,3,0,90,1,45,6
238775,3,2,40,60,1,59,4
238840,3,1,0,70,1,68,5
238869,2,1,80,15,0,29,3
238881,1,1,36,57,1,48,6
238916,4,3,0,60,0,66,5
238935,3,1,100,0,1,76,2
238953,3,3,60,0,0,50,4
238959,4,3,40,0,1,64,4
239000,4,3,50,50,1,60,4
239024,2,4,70,0,0,68,6
239047,3,1,70,0,1,64,4
239077,5,3,0,70,0,68,6
239089,2,1,85,0,1,28,2
239113,1,5,0,100,0,55,4
239119,4,1,0,60,0,53,5
239125,3,1,1,85,0,55,6
239172,3,3,50,60,0,48,6
239255,4,2,15,60,0,47,6
239275,2,2,70,40,0,21,4
239334,3,4,99,0,1,67,2
239340,1,1,70,0,1,46,2
239352,3,2,85,0,0,49,3
239364,3,3,90,0,1,62,3
239375,5,3,0,15,0,41,5
239393,4,3,0,70,0,30,6
239417,4,3,0,100,1,31,5
239429,5,3,0,100,0,35,4
239460,3,3,85,0,1,62,4
239472,3,3,0,99,1,35,4
239478,4,3,40,15,1,55,4
239489,4,2,85,15,1,57,3
239519,4,4,20,75,0,35,5
239593,3,3,38,70,1,53,3
239634,1,1,90,0,1,66,2
239646,1,1,70,0,0,24,1
239675,3,3,50,15,1,28,4
239754,4,4,0,100,1,53,6
239771,1,1,0,100,1,76,6
239777,2,2,15,40,0,45,4
239794,3,1,70,0,1,30,4
239823,4,1,100,0,0,59,2
239870,1,1,75,0,1,32,2
239876,1,1,70,0,0,32,2
239899,3,3,100,0,1,65,4
239952,3,1,0,60,1,36,4
239976,3,3,40,60,0,67,4
239988,4,3,70,40,0,52,4
240006,1,2,85,0,1,33,2
240012,3,1,85,0,1,78,3
240023,3,3,100,0,1,80,4
240041,1,1,100,0,1,66,4
240047,3,1,95,0,1,70,2
240053,3,1,100,0,0,62,1
240065,4,3,70,30,0,35,3
240089,2,2,0,87,1,30,6
240106,2,2,25,30,1,40,6
240112,3,2,85,0,0,46,3
240136,3,1,40,60,1,70,6
240165,3,3,0,100,1,50,7
240183,4,3,10,60,1,75,4
240189,2,3,40,40,1,41,4
311096,2,1,70,0,0,50,2
311298,2,1,70,0,1,74,3
311484,3,2,30,70,0,80,6
311578,3,1,15,85,0,59,6
311596,1,1,100,70,0,66,7
311721,4,3,17,74,0,25,6
311934,2,3,50,15,1,79,4
312076,2,1,30,70,1,34,6
312182,2,1,50,0,1,73,4
312192,2,3,100,30,0,76,2
312312,4,3,40,85,1,32,4
312325,4,1,85,0,0,27,2
312343,3,1,80,0,1,47,4
312443,5,4,15,85,0,28,5
313016,1,4,50,100,0,68,4
313020,3,3,70,15,0,49,2
313118,3,3,50,50,0,33,5
313332,5,5,85,0,1,39,7
313693,5,1,100,0,0,78,2
313830,3,3,100,0,0,75,4
314001,1,2,0,100,0,31,7
314024,2,1,85,0,0,54,3
314093,2,3,60,30,0,25,2
314129,3,4,50,30,0,25,3
314130,1,1,85,1,0,58,3
314131,2,1,90,0,0,40,3
314172,3,3,0,85,1,79,6
314324,4,1,100,0,1,77,2
314336,2,2,0,85,0,64,7
314425,3,3,0,100,0,80,6
314803,3,3,0,70,0,35,6
314956,4,1,100,0,0,65,4
315225,1,1,50,15,1,29,4
315329,2,1,60,1,0,28,2
315330,2,5,0,85,1,74,6
315625,2,1,30,40,1,28,3
315761,3,3,0,85,1,70,6
315762,5,3,0,85,1,73,6
315825,3,1,100,0,1,64,3
315917,4,3,100,0,1,76,4
315921,3,1,50,40,0,23,4
315931,4,2,70,0,1,63,2
315948,3,3,30,85,0,66,6
315964,5,4,15,100,0,33,3
315984,3,2,51,25,0,58,6
316016,1,1,60,15,0,25,3
316123,1,1,70,0,1,34,2
316162,1,2,60,0,1,39,4
316169,2,3,20,75,0,31,5
316234,4,1,100,0,1,72,4
316243,1,1,85,0,1,51,4
316251,1,1,30,0,1,37,4
316336,1,1,87,2,1,18,3
316400,3,2,0,100,1,62,6
316434,3,3,0,100,1,80,7
316600,4,1,50,50,1,71,4
316605,2,3,70,0,1,70,2
316805,1,1,100,0,1,72,2
316937,5,1,85,50,0,73,4
316949,4,2,70,50,0,38,3
316982,3,1,70,55,1,58,4
317151,3,3,0,85,0,77,6
317240,4,1,100,40,1,36,7
317447,3,1,30,60,1,46,3
317777,4,2,0,100,1,80,7
317843,3,1,100,0,1,62,6
317855,4,3,15,70,1,65,4
317858,2,2,60,85,1,35,5
317863,4,3,0,100,1,72,7
317877,3,3,100,0,0,75,4
318059,3,3,0,85,0,80,6
318156,3,3,0,100,0,74,7
318308,4,4,30,60,0,31,5
318365,3,3,0,60,1,72,6
318480,4,2,15,85,1,79,7
318675,3,3,0,75,0,78,6
318735,3,4,15,85,1,73,6
318773,3,3,0,85,0,59,5
318786,1,2,70,15,1,34,3
318961,3,3,15,70,0,35,5
319050,3,4,25,85,0,51,5
319143,1,1,60,15,1,18,4
319441,1,1,60,0,0,30,2
319509,1,2,100,0,0,67,2
319520,2,1,100,0,0,70,3
319800,4,4,0,85,0,70,7
319824,1,1,85,0,1,38,2
319951,1,1,70,0,1,45,4
320013,4,4,0,100,1,77,7
320048,4,3,85,0,0,52,2
320049,3,4,30,60,0,63,6
320241,4,2,15,60,1,41,5
320280,4,1,40,85,1,40,6
320398,3,1,30,50,1,47,5
320433,1,1,15,85,0,41,4
320600,3,1,50,15,1,74,4
320640,2,1,85,0,1,39,4
320644,5,5,85,60,0,80,6
320724,3,3,0,100,1,41,4
320871,2,1,100,0,1,77,2
320953,3,3,70,0,0,69,3
320966,4,3,0,60,0,80,6
321089,4,3,30,85,1,43,4
321149,2,1,70,0,1,21,4
321154,3,4,50,70,0,57,6
321450,3,3,70,0,0,72,2
321471,2,4,0,85,1,59,4
321483,2,2,100,0,1,75,4
321624,3,4,0,85,0,57,6
321655,3,3,100,15,1,80,5
321680,4,2,50,30,1,75,4
321750,1,1,70,0,1,33,2
321854,3,3,85,0,0,35,4
321882,2,2,90,10,0,20,5
322018,3,2,70,0,0,33,4
322068,4,3,15,85,0,70,6
322384,1,1,90,0,0,80,6
322464,4,5,0,85,0,77,5
322509,4,1,0,70,1,55,6
322529,1,1,60,0,1,54,5
322864,3,3,70,0,1,72,4
322982,4,3,15,40,0,19,5
323181,2,2,30,15,0,21,5
323222,4,2,85,0,1,35,3
323299,4,3,15,90,1,69,2
323461,1,1,85,50,1,28,4
323544,1,1,100,0,1,54,2
323563,2,2,60,20,1,28,2
323687,5,1,100,0,0,43,2
323707,2,4,0,100,1,61,7
323807,4,2,85,0,1,44,2
323876,2,1,85,0,0,50,2
324034,3,3,0,100,1,66,7
324165,4,4,15,60,0,46,5
324356,3,3,15,60,1,53,4
324501,3,3,40,70,0,50,4
324508,1,1,85,0,1,41,2
324515,4,2,70,0,1,80,4
324643,3,2,15,50,0,48,4
324763,3,3,100,0,0,65,2
324787,2,1,60,0,1,22,3
324884,3,3,85,0,1,57,4
324914,2,2,0,100,1,58,4
325214,1,2,85,0,0,27,2
325278,4,4,40,70,1,35,4
325425,3,3,100,15,1,35,4
325465,3,3,70,15,1,21,4
325529,3,3,100,5,0,28,2
325559,4,3,70,0,0,80,2
325591,2,2,20,60,1,33,6
325892,3,1,0,100,0,61,6
326422,4,3,100,15,0,59,4
326526,1,1,60,0,0,30,1
326602,4,4,20,75,0,71,5
326797,1,1,70,0,1,45,2
326812,1,1,85,0,0,69,2
326882,3,3,0,45,0,23,7
326904,4,2,100,0,1,64,2
326928,3,4,70,30,1,45,4
327292,2,2,70,0,0,80,6
327381,5,1,85,0,1,37,3
327431,3,1,100,0,1,70,2
327462,3,3,50,80,0,59,5
327514,4,1,100,0,1,70,3
327543,4,3,40,60,0,39,6
327609,1,1,100,0,1,75,2
327799,5,1,100,0,1,70,3
327856,3,3,60,15,0,24,3
327994,3,3,70,0,0,55,4
328123,5,3,15,60,0,54,6
328450,3,3,40,50,1,61,4
328506,3,4,15,85,0,64,6
328537,5,2,30,100,1,63,6
328663,2,1,50,50,1,50,4
328683,3,3,70,40,0,21,3
328824,3,3,15,70,0,73,7
328840,4,4,100,15,0,30,4
328984,3,3,0,80,0,27,4
329059,4,3,0,60,1,31,6
329136,1,2,50,70,1,30,4
329444,1,1,30,100,0,61,7
329522,3,1,85,0,0,72,1
329659,1,1,35,0,1,20,1
329714,1,1,85,0,1,68,2
329721,3,3,30,60,0,72,2
329726,2,3,70,15,1,66,5
329798,3,3,50,50,0,38,4
329827,1,1,100,0,1,43,1
329850,5,3,0,100,1,74,7
330021,2,1,95,0,0,30,2
330071,4,2,85,0,1,70,2
330139,4,2,0,70,0,65,5
330186,2,2,85,0,0,35,1
330331,4,3,15,85,0,51,6
330360,3,3,90,0,1,78,2
330404,1,1,40,0,1,47,1
330469,3,3,100,0,0,80,2
330587,1,1,70,2,0,34,1
330648,1,1,75,10,1,80,5
330767,1,1,60,0,1,35,2
330824,1,1,85,0,0,40,4
330886,3,3,0,60,1,38,4
330896,3,2,70,0,1,68,4
330993,3,1,0,50,0,67,6
330996,3,3,0,85,0,71,6
331126,5,1,70,40,1,27,4
331168,3,1,60,25,1,47,5
331180,3,4,15,60,0,66,4
331265,5,3,15,85,0,34,3
331304,3,2,60,0,0,50,3
331305,2,4,60,8,1,64,4
331503,3,3,0,100,0,43,7
331565,3,3,25,75,0,37,6
331714,2,4,60,0,0,34,2
331869,4,4,85,15,1,32,4
331969,3,3,50,50,0,56,4
332094,2,2,60,0,1,60,2
332272,1,1,95,0,1,72,3
332332,4,4,15,85,0,43,5
332433,1,1,85,0,1,28,1
332721,1,1,40,85,1,46,6
332912,1,1,100,0,1,61,2
333314,4,4,100,50,1,80,4
333335,4,3,40,70,1,36,4
333344,1,1,95,0,0,28,2
333458,4,4,50,70,0,62,4
333673,1,3,0,60,0,35,4
333687,4,4,0,60,0,42,5
333718,5,1,30,60,0,60,5
333756,3,1,80,15,1,79,2
333773,4,3,15,85,1,63,6
333889,5,5,0,100,0,69,7
334077,2,3,0,85,0,80,5
334153,3,3,0,100,0,61,7
334509,4,4,0,85,0,73,7
334573,3,1,0,85,0,33,5
334591,1,1,85,0,0,51,1
334700,2,2,60,0,1,50,4
334801,4,4,0,100,1,54,6
334817,5,4,0,85,0,58,4
334823,4,2,100,0,1,69,3
334906,2,2,85,0,1,30,2
335043,3,3,60,50,0,29,4
335208,2,1,90,0,1,61,2
335285,3,3,0,100,1,70,6
335322,4,4,15,85,1,43,4
335388,1,3,40,40,1,37,5
335438,3,3,30,100,1,42,4
335445,1,1,100,0,0,39,2
335580,3,4,0,100,0,39,6
335760,3,1,5,80,0,56,7
335830,3,2,30,15,0,45,4
335946,2,1,60,15,1,29,4
336173,2,3,30,50,0,55,5
336184,1,1,85,0,0,75,3
336218,3,3,50,15,0,45,4
336278,2,4,15,60,1,28,6
336325,4,4,0,100,0,60,6
336525,2,1,70,0,0,54,3
336728,1,1,85,15,0,54,3
336818,4,3,15,85,0,60,6
336826,2,1,85,0,0,45,3
336978,1,1,70,15,1,72,4
337094,1,1,85,0,0,46,3
337211,3,3,30,85,0,65,6
337361,3,3,0,100,1,37,5
337848,2,4,15,85,0,18,7
338080,4,4,50,30,0,49,3
338097,5,5,100,0,1,64,7
338238,5,1,100,0,0,75,2
338306,3,3,40,7,1,36,4
338347,1,1,70,0,0,34,2
338419,2,4,15,40,0,24,4
338430,3,3,15,85,0,28,4
338443,4,3,0,85,1,48,4
338533,2,2,40,15,0,43,4
338645,4,5,60,50,1,60,3
338843,2,3,85,0,1,80,2
338937,1,1,95,0,1,21,1
338939,1,1,85,0,0,50,3
338976,4,2,80,20,1,36,2
338980,3,3,50,60,1,80,4
339072,3,3,0,85,0,38,4
339168,1,1,70,40,1,63,6
339331,4,4,0,100,0,65,7
339335,1,1,0,85,0,61,5
339452,3,3,30,60,1,42,6
339478,3,3,15,40,0,65,5
339480,3,3,40,0,1,28,4
339506,1,1,85,0,1,51,2
339666,4,4,0,100,1,54,6
339757,1,2,70,15,1,21,3
339850,3,3,60,85,1,33,5
340121,3,1,40,60,0,50,5
340249,1,1,85,0,1,25,7
340828,4,4,50,0,0,56,3
340910,2,1,60,0,1,45,3
340965,4,3,30,70,0,73,4
341028,2,1,0,100,1,60,6
341439,3,3,0,100,1,80,6
341524,1,1,70,0,1,28,2
341604,4,2,70,0,1,62,3
341784,2,1,85,0,1,48,2
341846,3,3,85,0,0,76,3
341865,4,3,35,60,0,52,6
341904,3,3,50,40,0,28,4
341906,4,3,85,50,0,74,3
341916,3,3,15,60,1,59,6
342160,3,3,60,85,0,75,5
342163,4,1,85,15,0,50,6
342520,4,4,100,0,0,61,3
342539,2,2,0,85,1,57,6
342690,1,1,85,0,1,28,1
342720,4,3,0,85,1,77,6
342721,2,1,85,0,0,48,4
342766,3,3,60,50,0,58,7
342810,3,3,80,0,0,44,4
342842,4,2,70,0,1,59,3
342862,3,3,15,30,1,43,4
343051,1,1,40,70,0,61,5
343215,1,3,85,15,1,40,5
343223,4,4,60,70,1,58,4
343288,4,2,40,10,0,35,5
343512,2,2,30,15,0,75,5
343651,4,5,0,100,1,29,6
343703,4,4,0,100,1,64,7
343797,5,4,0,100,1,63,3
343863,2,2,0,50,0,42,4
343884,3,2,30,30,1,47,4
343894,2,1,100,0,0,53,1
343932,1,1,60,0,0,27,2
343994,1,3,85,0,1,76,4
344010,1,1,70,0,1,25,4
344206,1,2,0,85,0,80,6
344207,3,3,0,90,0,55,6
344251,3,1,85,0,0,75,2
344295,3,3,70,0,0,37,4
344307,4,4,0,85,0,72,6
344332,2,1,70,15,1,31,3
344488,2,1,70,0,1,31,3
344543,3,3,50,0,1,72,5
344859,1,2,80,0,1,43,2
344977,1,1,95,0,0,40,2
345194,2,2,15,85,1,39,6
345337,1,1,55,20,0,24,2
345364,3,1,50,0,0,37,4
345378,5,3,30,50,1,51,4
345491,4,4,70,50,0,67,5
345578,2,1,85,0,0,58,2
345802,1,1,75,0,1,51,2
345806,1,1,0,100,1,66,6
345831,1,1,85,0,1,63,2
345922,4,1,85,0,0,37,2
346005,4,2,60,30,1,79,4
346089,3,3,100,0,0,48,2
346091,1,1,0,70,1,78,6
346093,4,4,50,0,1,80,5
346116,4,1,100,0,1,69,2
346251,1,1,70,0,0,35,1
346443,2,1,100,0,1,69,2
346515,2,4,100,0,1,47,2
346628,4,4,100,0,0,32,3
346629,3,1,30,85,1,56,6
346786,4,3,90,30,1,73,3
346848,2,3,70,30,0,26,4
346911,3,3,85,0,1,80,2
347066,4,4,10,90,0,40,7
347261,3,3,85,0,0,32,2
347406,4,3,90,0,0,45,3
347472,2,2,85,0,1,38,3
347580,3,3,30,70,0,69,5
347591,3,1,85,15,0,74,4
347601,5,5,85,50,1,33,4
347603,3,3,0,100,1,58,6
347759,3,2,100,0,1,70,2
347801,4,1,100,0,1,77,4
348005,3,3,70,70,1,45,5
348052,3,3,0,70,0,76,6
348423,2,1,75,0,0,41,5
348654,3,3,0,0,1,69,7
348758,3,1,70,0,1,23,1
348761,3,2,70,15,1,31,4
348962,4,3,15,85,1,47,6
349098,1,1,100,0,0,24,3
349153,4,3,0,85,1,49,6
349275,1,3,40,40,0,18,4
349381,4,5,15,85,0,69,4
349414,3,3,15,100,0,65,6
349479,3,3,30,85,0,32,6
349491,5,1,85,30,1,59,4
349670,3,3,100,0,1,64,4
349733,3,3,60,85,0,37,2
349767,1,1,70,0,1,34,2
349864,2,1,100,0,1,60,4
350000,3,1,70,0,1,77,2
350030,1,1,90,0,1,52,2
350183,3,1,0,100,0,80,6
350302,2,2,85,0,1,21,2
350327,3,3,50,30,0,46,5
350387,1,1,85,50,1,35,4
350406,1,1,20,10,1,46,5
350724,1,1,100,0,1,80,1
350747,3,5,0,70,0,22,6
350868,3,1,50,15,1,60,4
350963,4,3,0,85,0,60,6
350980,5,3,100,15,0,55,6
351238,3,3,85,30,1,77,5
351535,2,1,100,0,1,67,2
351859,2,3,85,0,0,23,1
352003,3,2,70,15,0,37,4
352166,5,5,60,0,1,61,1
352264,5,1,75,0,1,24,3
352275,3,3,100,0,1,67,4
352423,2,2,85,0,0,69,2
352461,3,3,0,100,0,53,7
352538,3,3,100,0,0,23,4
352620,3,1,70,15,1,33,4
352915,4,3,30,80,1,58,6
352953,4,3,30,60,0,68,6
353269,4,3,30,70,0,67,6
353415,2,2,70,0,0,31,3
353659,4,4,0,100,0,66,6
353756,4,3,0,85,0,78,6
353983,4,1,30,0,0,30,5
354122,2,1,60,15,0,22,2
354149,3,3,50,50,1,21,4
354361,3,4,0,100,0,38,6
354499,2,3,85,0,1,47,2
354560,1,2,70,0,0,65,4
354599,3,2,30,15,0,77,6
354834,4,1,80,0,0,22,1
354914,2,1,100,0,1,72,2
354995,3,3,70,15,1,21,3
355008,4,4,100,15,1,62,4
355272,4,4,0,100,0,62,6
355323,3,1,70,15,1,21,2
355622,1,1,75,0,0,49,3
355699,4,1,0,100,1,75,6
355971,4,4,15,75,1,63,6
355994,3,3,30,60,0,18,4
356134,1,1,80,0,1,41,1
356222,2,3,15,100,0,51,4
356344,3,3,60,60,1,31,4
356695,1,3,70,0,0,23,2
356722,4,4,60,70,0,80,6
356884,2,2,40,60,0,30,5
356927,2,1,85,15,0,24,2
357011,3,1,85,0,0,67,4
357072,2,2,100,0,0,34,3
357625,1,3,85,0,0,56,3
357680,2,1,100,0,1,65,3
357747,4,4,0,100,0,66,6
357891,2,1,40,0,1,42,2
357911,3,3,0,85,0,39,6
358037,1,1,30,30,0,33,4
358067,4,4,30,70,0,47,4
358094,3,3,70,0,1,80,6
358575,1,1,70,0,0,27,2
358730,1,1,85,0,1,40,1
358765,5,1,40,50,0,25,5
358767,3,3,70,15,0,72,4
358797,1,1,60,0,1,24,1
358891,3,3,60,0,0,36,4
359041,3,3,15,70,1,30,4
359188,3,1,15,100,1,80,7
359280,4,4,90,0,1,41,2
359281,3,3,40,60,1,51,6
359299,3,3,70,15,0,68,2
359322,1,1,100,0,1,66,2
359345,1,1,60,40,1,44,4
359361,2,1,60,0,0,53,2
359614,4,3,30,50,0,49,6
359760,3,1,0,85,0,40,5
359773,3,4,15,40,0,26,6
359839,1,1,85,0,1,56,1
359848,3,2,90,0,1,57,2
359989,3,4,100,0,1,70,3
360129,2,1,85,0,1,49,3
360194,3,1,85,0,1,80,1
360275,1,1,40,85,0,54,6
360494,2,1,85,50,1,51,4
360636,2,1,70,0,0,56,4
360975,1,1,60,40,1,34,3
360976,2,2,100,0,1,32,2
360982,2,1,85,0,1,43,2
361115,4,4,0,100,0,58,6
361162,2,1,85,0,0,75,4
361563,3,1,70,0,1,25,4
361702,4,3,15,50,1,65,5
361718,4,2,100,0,1,80,2
361853,1,1,100,0,1,63,2
362090,4,4,0,100,1,60,6
362168,4,2,0,100,0,77,7
362218,1,1,80,0,1,51,2
362312,2,2,40,60,1,24,4
362604,2,2,20,73,1,21,5
362661,4,2,0,30,1,55,6
362679,3,2,85,0,0,58,3
362782,3,5,0,100,0,60,7
362831,4,3,0,85,0,58,4
362840,1,1,85,40,1,33,4
362848,4,4,100,0,0,69,1
362901,1,1,15,100,1,71,7
362971,2,2,50,40,1,38,4
362976,1,1,70,0,1,66,4
362981,1,1,85,0,1,44,2
363127,3,1,30,70,1,35,3
363438,1,1,80,0,0,28,2
363455,3,3,50,60,1,58,4
363507,1,1,15,0,0,22,3
363630,4,1,15,85,1,70,6
363670,4,4,70,0,1,59,5
363684,3,3,0,80,0,68,6
363801,3,2,70,0,0,31,2
363934,2,1,70,5,1,27,4
363979,2,2,0,100,0,48,5
364230,2,4,60,70,0,43,4
364677,1,1,85,0,1,43,2
364684,1,1,85,0,1,49,2
364884,4,3,0,85,0,37,5
365029,1,1,85,0,1,32,1
365110,4,3,30,60,0,31,5
365170,3,3,40,70,1,79,6
365212,2,3,70,15,1,52,4
365449,4,3,30,15,1,68,5
365496,1,1,70,0,1,32,2
365558,2,3,100,9,1,65,2
365669,2,2,85,30,1,27,4
365679,2,2,25,60,0,26,6
365722,1,1,50,15,1,52,5
365805,4,2,50,70,1,62,4
365943,3,3,85,50,1,73,5
366241,3,3,0,100,0,62,6
366256,4,1,85,0,1,34,1
366272,1,1,0,85,1,69,6
366281,5,3,0,100,1,75,7
366332,2,2,100,0,1,78,3
366544,4,4,50,50,0,28,5
366692,4,4,50,50,1,42,4
366836,1,1,50,0,1,35,2
367150,5,5,0,0,0,39,3
367246,4,3,0,80,0,80,6
367344,4,1,60,40,1,45,3
367473,3,1,85,0,0,69,4
367614,2,4,100,0,1,49,5
367650,1,3,100,0,1,54,1
367771,1,2,100,30,1,27,2
367791,3,4,50,50,0,21,4
367930,1,1,70,0,0,35,4
368013,1,3,15,85,0,76,7
368057,4,1,100,0,1,68,3
368251,1,1,70,0,1,39,3
368346,2,3,15,65,0,26,5
368392,5,4,0,85,1,38,6
368554,2,3,85,0,0,70,4
368739,4,4,85,30,1,79,2
368744,3,3,0,60,0,76,7
368774,3,3,50,50,1,57,4
368836,3,2,15,30,0,48,5
369260,3,2,15,80,1,58,5
369437,3,3,50,60,1,54,4
369742,4,4,15,70,0,80,1
369793,2,1,90,0,1,69,2
369794,3,3,0,70,0,60,4
370232,1,1,100,0,1,40,2
370274,2,1,85,15,0,80,4
370292,3,3,100,0,1,43,4
370629,3,2,98,0,1,63,6
370665,4,4,0,100,0,51,6
370734,3,3,15,40,1,58,5
370887,4,4,40,60,1,72,6
371192,1,2,85,0,1,33,2
371197,2,1,15,40,0,69,6
371499,2,2,70,30,0,72,5
371522,3,1,60,40,1,31,2
371601,1,3,70,0,0,50,5
371622,3,3,15,60,0,21,5
371716,1,3,0,100,1,60,4
371794,1,1,100,0,0,80,2
371799,2,1,85,0,1,76,2
371875,3,4,60,70,1,74,4
371898,4,1,70,70,0,52,4
372112,3,3,100,0,1,73,2
372240,1,1,0,100,1,78,6
372513,5,4,15,50,1,39,4
372767,2,1,70,0,1,52,3
372998,4,2,85,30,0,56,5
373244,3,3,50,70,0,45,4
373259,4,1,100,0,0,60,2
373349,1,1,85,0,1,40,2
373353,1,2,60,50,1,66,4
373501,3,1,70,0,0,80,5
373611,4,2,20,50,0,73,6
373614,3,4,15,85,0,23,6
373709,5,5,30,60,0,55,4
373727,1,2,40,30,1,26,4
373749,3,1,100,0,1,61,3
373800,2,1,0,100,0,42,6
373845,4,4,15,50,0,63,6
373925,1,1,15,50,1,26,4
374163,5,3,15,70,1,50,6
374249,4,4,0,85,1,58,6
374370,1,1,85,15,0,78,2
374555,4,1,50,0,1,44,4
374556,2,1,85,0,0,42,2
374629,4,1,100,0,0,66,3
374805,1,2,30,85,1,40,5
374823,4,3,15,0,0,37,4
374958,3,3,0,85,0,47,5
375310,3,1,100,0,0,36,3
375448,3,1,0,70,0,61,6
375575,3,3,50,50,0,22,4
375581,3,1,100,0,0,66,5
375641,3,1,60,15,1,70,5
375820,2,5,100,70,1,57,3
375874,3,4,6,10,0,39,7
375989,3,3,0,100,0,63,6
375993,1,3,85,100,0,24,4
376054,1,1,50,3,1,22,2
376075,3,3,60,85,0,38,4
376115,3,4,40,60,0,23,5
376234,4,2,100,0,1,80,2
376331,3,1,40,70,0,50,4
376387,3,3,60,0,1,57,4
376652,3,3,15,70,1,54,4
376802,1,1,100,0,1,80,7
376902,4,3,0,70,0,52,6
376978,3,3,50,70,0,46,4
377074,3,2,50,70,0,29,4
377251,4,1,100,0,1,75,2
377258,3,1,15,70,1,58,5
377268,3,3,0,85,0,48,6
377378,1,1,85,0,1,34,1
377421,1,1,0,100,0,62,7
377758,4,3,0,75,1,30,6
377798,3,2,0,100,0,65,6
377819,3,2,70,0,1,25,2
377972,3,1,0,100,1,78,7
377978,3,3,0,70,1,69,5
377981,4,3,15,100,1,80,6
377993,1,1,85,0,1,68,3
378058,3,3,0,50,0,67,5
378378,4,4,70,0,0,73,2
378402,4,4,40,100,0,68,4
378425,3,2,15,60,1,40,6
378683,3,3,85,0,1,80,4
378893,4,1,0,100,0,73,6
378977,1,1,60,0,1,51,6
379055,1,1,85,0,1,40,2
379149,2,2,100,15,0,66,6
379171,2,4,30,100,1,80,6
379202,1,1,100,0,1,78,2
379245,4,4,0,85,0,74,6
379384,2,3,0,85,0,60,5
379495,2,1,70,0,0,34,2
379572,4,2,20,75,1,44,4
379636,4,2,20,40,0,51,5
379855,5,5,50,50,0,75,4
379936,3,3,0,70,0,63,4
380124,3,3,0,100,1,79,6
380685,5,4,50,15,1,63,3
380687,4,2,100,0,1,38,1
380791,3,3,50,85,0,80,6
380885,3,4,40,30,0,39,4
381027,2,1,60,0,1,27,3
381048,3,1,15,60,1,69,5
381190,3,3,85,0,0,33,4
381267,4,4,0,85,0,62,6
381281,3,3,60,70,1,73,5
381286,3,3,90,0,0,64,2
381341,4,4,85,0,0,80,5
381416,2,3,15,85,1,69,5
381884,4,3,15,85,0,59,6
381908,4,3,30,70,1,60,6
382062,4,2,0,50,1,80,5
382410,3,3,85,0,0,74,4
382412,4,3,90,0,0,80,2
382868,3,3,40,70,0,61,5
383038,3,3,30,40,0,80,4
383086,2,2,100,0,1,80,2
383155,4,1,30,30,1,56,4
383276,3,3,0,100,0,75,6
383295,3,3,50,0,0,30,4
383480,4,1,100,0,0,56,2
383739,3,3,50,0,1,48,4
383810,4,4,0,70,1,31,6
383828,2,2,70,0,0,72,3
383921,3,2,15,85,0,48,6
384006,2,2,30,30,1,40,4
384053,3,3,50,60,0,42,4
384086,3,4,5,90,0,44,5
384336,1,1,100,0,0,80,3
384367,3,3,0,99,1,31,7
384484,2,2,85,0,0,62,2
384490,5,4,0,100,0,36,6
384505,4,1,100,0,1,45,1
384581,5,4,15,85,0,44,5
384766,1,1,85,0,1,63,4
384891,3,1,50,0,1,49,5
385966,4,1,0,100,1,53,6
386140,3,3,60,60,0,39,5
386951,3,3,30,60,1,36,4
387027,1,2,85,0,1,52,2
387508,3,3,85,15,1,41,2
387538,1,1,85,0,1,57,2
387656,5,4,60,60,0,38,4
387657,3,3,50,0,0,75,3
387726,3,3,0,60,0,58,6
387728,3,4,0,50,1,71,7
387859,3,1,60,5,1,18,1
387887,4,3,15,70,0,33,6
387918,2,3,100,0,1,54,2
387997,4,1,40,60,1,76,4
388014,3,4,30,70,0,32,5
388132,4,3,100,0,1,72,4
388372,3,3,30,40,0,54,5
388376,1,1,100,0,1,48,4
388443,4,4,15,30,1,80,4
388445,3,1,100,0,1,73,2
388490,4,4,0,100,1,52,6
388648,1,1,10,0,0,24,1
388667,2,3,85,0,1,40,2
388827,3,3,50,50,0,46,5
388898,4,4,40,70,0,51,3
388929,4,2,15,40,0,65,6
388959,5,1,15,60,1,65,4
388961,2,1,0,30,0,34,4
388982,4,3,0,100,1,70,7
388996,4,3,85,0,1,68,5
389028,4,3,0,100,0,28,7
389211,4,3,0,100,0,63,7
389232,3,3,30,100,0,57,7
389434,1,1,90,0,0,65,2
389494,4,2,15,70,1,56,7
389549,4,2,60,85,1,48,6
389759,1,1,100,0,0,63,2
389789,4,3,0,70,1,74,7
389829,3,3,15,85,0,39,6
389940,4,3,70,0,1,58,3
389969,3,3,15,85,1,64,7
390206,4,4,15,70,1,24,5
390244,1,3,15,70,0,21,5
390407,2,1,40,100,1,80,5
390479,1,1,100,0,1,49,2
390563,3,3,60,0,1,42,2
390574,3,3,15,70,0,42,5
390645,4,3,15,85,0,58,6
390881,3,3,40,60,0,65,4
390979,2,4,40,85,1,78,6
391287,3,3,10,75,0,64,6
391367,3,3,70,15,1,21,5
391442,3,1,60,50,1,52,6
391578,4,2,90,5,0,75,3
391737,3,3,0,100,0,59,7
391759,1,1,60,70,1,80,4
391904,2,3,0,100,1,80,7
391970,4,4,70,15,0,76,6
391981,4,3,40,70,0,20,5
392069,1,1,85,0,0,36,2
392078,1,1,70,0,1,25,1
392171,3,1,0,0,1,71,2
392354,2,2,70,15,0,55,4
392373,4,3,0,85,0,63,6
392584,1,1,20,55,0,50,5
392587,2,3,60,20,1,71,5
392811,3,3,0,100,1,80,6
392941,4,2,15,100,0,54,6
392961,3,4,20,70,1,18,6
393194,4,1,30,30,1,27,5
393245,3,1,30,70,1,70,5
393357,2,2,20,30,0,64,6
393531,1,1,100,0,1,80,3
393574,3,5,100,15,1,79,5
393686,5,5,40,85,0,31,4
393753,2,2,30,50,0,60,6
393820,1,1,85,0,1,59,2
393905,1,1,95,0,1,37,1
393932,1,1,100,0,1,45,3
394300,3,3,85,0,1,61,3
394391,3,3,70,0,1,78,6
394401,2,1,85,0,1,40,2
394483,2,3,70,15,0,40,4
394739,3,1,15,60,0,77,5
394802,1,2,15,85,0,41,4
394872,4,3,100,0,1,76,2
395024,4,4,75,0,0,51,4
395051,2,3,40,60,0,40,4
395137,4,4,60,15,0,19,3
395139,4,3,15,50,0,72,6
395173,3,2,100,0,1,29,2
395396,1,1,100,0,1,55,4
395598,3,3,50,70,0,48,5
395658,4,4,100,0,0,79,2
395742,1,1,85,0,1,35,2
395901,3,4,60,35,0,38,5
395904,1,1,70,0,1,24,1
395987,3,4,70,15,0,26,3
396121,3,3,0,50,1,21,4
396139,2,1,70,0,1,27,5
396227,2,1,85,15,1,56,3
396256,4,4,5,85,1,77,6
396258,3,4,100,70,0,24,4
396470,1,1,70,25,0,34,2
396642,3,2,50,0,1,22,4
396669,3,2,6,2,0,80,2
396692,3,3,15,85,0,64,6
396856,3,4,30,70,0,44,6
396998,2,1,100,0,0,80,2
397025,1,1,40,70,0,53,4
397079,4,3,0,60,1,57,5
397289,3,3,100,0,0,80,4
397505,5,4,60,30,0,66,4
397938,3,3,55,45,1,37,5
398214,3,4,20,80,0,60,6
398435,5,3,40,0,1,53,2
398518,3,1,70,0,1,61,3
398598,1,1,85,30,0,45,4
398837,3,5,15,60,0,27,5
398847,3,3,40,0,1,76,4
399113,3,3,40,100,0,75,7
399317,2,3,50,70,0,53,3
399387,3,2,48,48,1,42,4
399579,2,2,100,0,1,80,3
399815,3,3,85,0,1,69,3
399841,5,1,90,0,0,28,1
399909,3,3,15,70,1,37,5
