WUSTLID,White,Black,Asian,Education,Income,Ideology,Female,GOP,Democrat,Age2016,weights,BedSize
989874,1,0,0,15,16,2,1,0,1,60,0.71,3
989875,1,0,0,12,3,4,1,0,0,29,2.31,3
989876,1,0,0,10,11,4,1,0,0,63,2.52,4
989877,1,0,0,9,3,8,1,1,0,59,1.05,3
989878,1,0,0,9,5,7,0,0,0,49,1.43,2
989880,0,0,0,12,3,4,0,0,0,59,0.23,4
989881,0,0,1,12,8,2,1,0,1,34,1.26,4
989882,1,0,0,9,8,7,1,1,0,63,2.75,1
989883,1,0,0,13,13,4,0,0,0,31,1.77,4
989884,1,0,0,12,10,5,1,0,0,68,0.73,3
989886,1,0,0,11,11,5,1,1,0,33,1.6,4
989888,1,0,0,11,13,6,0,1,0,60,0.35,3
989889,1,0,0,11,7,7,0,0,0,65,0.34,2
989892,1,0,0,10,4,2,1,0,1,67,0.86,4
989893,1,0,0,12,15,6,1,1,0,60,1.45,4
989897,0,0,0,13,4,1,1,0,1,60,0.12,3
989904,1,0,0,12,6,6,1,0,0,73,0.19,3
989905,1,0,0,10,6,3,0,0,1,59,0.44,3
989906,1,0,0,13,7,6,0,1,0,32,0.67,3
989907,1,0,0,12,4,6,1,1,0,67,0.17,3
989908,1,0,0,9,3,8,1,0,1,57,0.15,2
989910,1,0,0,13,8,2,1,0,1,57,0.23,3
989911,1,0,0,12,11,6,0,1,0,47,1.5,4
989912,1,0,0,12,11,6,0,1,0,63,0.27,4
989913,1,0,0,12,11,4,0,0,1,25,4.48,4
989914,1,0,0,12,1,4,1,1,0,66,0.06,4
989916,0,1,0,10,4,2,0,0,1,87,0.51,4
989920,1,0,0,14,7,6,0,0,0,76,0.22,3
989921,1,0,0,12,5,3,0,0,1,66,0.07,3
989922,1,0,0,14,5,5,0,0,0,68,0.61,4
989923,1,0,0,12,5,7,0,1,0,52,0.11,3
989925,0,0,0,10,5,4,0,0,1,47,0.43,3
989927,1,0,0,12,8,3,1,0,0,48,0.36,3
989928,1,0,0,12,1,5,1,0,0,64,0.06,2
989930,1,0,0,9,3,3,0,0,0,66,0.33,4
989931,1,0,0,12,7,2,1,0,1,65,0.53,2
989932,1,0,0,12,7,6,1,1,0,59,0.46,4
989934,1,0,0,13,14,1,1,0,1,67,0.64,2
989937,1,0,0,9,5,6,1,1,0,68,0.27,3
989938,0,1,0,9,3,4,0,0,1,56,1.63,4
989939,0,1,0,10,3,3,0,0,1,55,1.41,4
989940,1,0,0,13,8,5,0,0,0,68,0.15,4
989944,1,0,0,13,10,3,1,0,1,39,2.61,4
989946,0,0,0,12,11,3,0,0,1,44,3.1,3
989947,1,0,0,12,9,2,1,0,0,39,0.45,3
989953,1,0,0,13,13,5,0,1,0,60,0.59,4
989954,1,0,0,9,5,6,1,0,0,67,0.96,3
989956,1,0,0,9,4,4,0,1,0,55,0.11,2
989960,1,0,0,12,6,6,0,1,0,80,0.14,3
989964,1,0,0,10,13,2,1,0,0,55,1.43,3
989965,1,0,0,10,4,4,1,0,1,65,0.1,3
989966,1,0,0,11,3,1,1,0,1,55,0.15,4
989968,1,0,0,12,11,1,1,0,1,63,0.69,3
989969,1,0,0,11,3,4,1,0,1,47,0.23,2
989970,1,0,0,13,5,6,0,1,0,41,0.43,2
989972,0,0,1,13,8,5,1,0,1,37,0.5,3
989973,1,0,0,13,6,4,1,0,1,43,1.14,4
989975,1,0,0,14,8,4,1,0,1,75,0.32,4
989976,1,0,0,15,6,2,1,0,1,53,0.06,3
989979,1,0,0,14,5,5,1,0,0,84,0.09,2
989982,1,0,0,8,2,4,1,0,0,33,2.18,4
989983,1,0,0,11,3,4,1,1,0,52,0.09,3
989984,0,1,0,12,7,6,0,0,1,46,1.19,4
989990,1,0,0,13,11,5,0,1,0,63,0.56,4
989994,0,1,0,12,8,3,1,0,1,39,1.15,3
989995,1,0,0,13,13,6,0,1,0,64,0.29,4
989996,1,0,0,11,5,7,0,1,0,65,0.13,3
989998,1,0,0,12,13,6,0,1,0,42,1.32,3
990000,1,0,0,12,6,3,1,0,0,56,0.24,3
990003,0,1,0,10,6,2,1,0,1,55,2.21,3
990004,1,0,0,12,12,2,0,0,1,71,0.45,4
990542,1,0,0,9,5,8,1,0,1,31,6.72,3
990543,1,0,0,9,3,4,1,0,1,75,0.19,3
990544,1,0,0,12,10,5,1,0,0,80,0.18,3
990545,1,0,0,12,5,3,0,0,0,70,0.3,3
990550,1,0,0,13,13,6,0,1,0,69,0.27,3
990553,1,0,0,6,2,6,0,0,0,36,1.1,2
990555,1,0,0,13,6,1,1,0,0,90,0.19,1
990556,0,0,1,10,7,4,1,0,1,64,0.26,3
990557,1,0,0,9,2,6,1,1,0,63,0.42,3
990558,1,0,0,9,1,6,0,1,0,58,1.2,2
990559,1,0,0,10,3,7,0,0,0,79,0.16,3
990560,1,0,0,9,4,8,1,0,0,25,6.06,3
990564,1,0,0,13,14,7,0,1,0,84,0.24,3
990570,1,0,0,12,14,6,0,1,0,32,0.95,4
990571,1,0,0,11,5,2,0,0,1,59,0.27,3
990572,0,0,0,13,9,3,1,0,1,37,1.9,3
990578,1,0,0,9,5,6,1,1,0,58,6.28,4
990583,1,0,0,13,15,6,0,1,0,71,0.54,3
990586,1,0,0,11,9,8,1,0,0,45,1.32,4
990587,1,0,0,10,3,4,1,0,0,76,0.76,3
990605,0,0,0,10,2,8,1,0,1,27,1.23,4
990608,1,0,0,12,11,4,0,0,0,79,0.45,4
990609,1,0,0,10,4,6,1,1,0,46,0.56,4
990611,1,0,0,10,2,6,0,1,0,73,0.07,1
990613,1,0,0,10,11,6,0,1,0,62,2.78,3
990618,0,1,0,7,1,8,1,0,0,37,4.63,3
990620,1,0,0,12,10,6,1,0,0,50,1.45,3
990622,0,1,0,10,3,2,0,0,1,66,4.13,2
990623,1,0,0,10,5,3,1,0,0,49,2.55,4
990625,1,0,0,9,4,2,1,0,1,66,0.19,2
990626,1,0,0,10,5,6,0,0,0,71,0.56,4
990628,1,0,0,13,12,5,0,1,0,67,0.92,3
990633,1,0,0,14,10,6,0,1,0,31,0.94,2
990640,1,0,0,13,9,5,0,0,0,35,2.54,4
990641,1,0,0,13,1,2,1,0,0,62,0.15,3
990642,0,0,1,14,13,2,1,0,0,58,1.56,4
990644,0,1,0,11,12,3,0,0,1,57,2.29,4
990648,1,0,0,10,2,1,0,0,0,71,0.17,2
990649,1,0,0,10,9,6,1,1,0,69,0.32,3
990651,1,0,0,10,2,3,1,0,1,58,0.06,3
990653,1,0,0,12,11,5,1,0,0,47,0.8,3
990658,1,0,0,10,4,5,0,0,0,71,0.52,2
990665,1,0,0,10,8,5,1,1,0,52,1.74,3
990666,0,1,0,9,11,8,1,0,1,42,7.38,3
990667,1,0,0,12,11,2,1,0,0,67,1.62,3
990670,0,1,0,13,9,4,1,0,1,41,0.51,3
990673,0,0,1,13,6,8,1,1,0,38,0.19,4
990684,1,0,0,10,6,6,0,1,0,64,0.24,1
990685,1,0,0,13,9,4,1,0,0,44,0.55,3
990687,1,0,0,12,11,5,0,1,0,41,2.69,4
990688,0,0,0,10,3,6,1,0,0,68,0.11,3
990689,1,0,0,13,8,1,0,0,1,68,0.27,3
990690,0,1,0,9,1,1,1,0,1,45,7.38,3
990696,0,1,0,12,6,3,1,0,1,44,0.74,3
990700,1,0,0,11,11,3,0,0,0,65,0.99,4
990703,1,0,0,12,6,6,0,1,0,79,0.13,3
990705,1,0,0,12,10,5,1,1,0,36,0.13,4
990709,0,1,0,10,5,2,1,0,1,32,0.6,2
990711,1,0,0,9,7,4,0,0,1,77,1.82,3
990737,1,0,0,13,1,3,1,0,1,62,0.13,2
990740,1,0,0,13,2,2,1,0,0,75,0.13,3
990767,1,0,0,9,3,4,0,0,0,51,0.49,4
990773,1,0,0,10,4,2,1,0,1,74,0.45,3
990783,1,0,0,10,3,1,1,0,1,84,0.07,2
990784,0,0,1,15,8,2,1,0,1,37,2.37,4
990802,1,0,0,10,5,4,0,0,0,53,2.7,2
990966,1,0,0,13,12,6,0,1,0,59,1.5,4
990970,1,0,0,12,6,3,0,0,0,33,0.94,3
990974,1,0,0,9,6,6,0,0,1,84,1.23,3
990978,1,0,0,9,6,8,1,1,0,81,0.88,4
990981,1,0,0,13,13,5,1,1,0,54,0.36,3
990984,0,1,0,9,1,7,1,0,0,54,7.38,4
990987,1,0,0,13,3,8,1,0,1,63,0.12,3
990992,1,0,0,12,11,5,0,0,1,75,0.13,1
990994,1,0,0,12,10,5,0,0,0,34,1.43,3
990995,1,0,0,9,6,3,1,0,1,39,3.62,3
990997,0,1,0,10,4,3,0,0,1,67,0.46,2
990998,1,0,0,11,7,6,0,1,0,39,1.54,3
991002,1,0,0,12,8,6,0,1,0,56,0.49,3
991004,1,0,0,12,2,7,1,0,0,52,0.06,2
991006,1,0,0,10,2,4,1,0,0,66,0.06,3
991007,0,0,0,9,7,4,0,0,0,47,2.08,3
991008,1,0,0,10,12,2,1,0,1,69,1.18,3
991010,1,0,0,13,8,5,0,1,0,77,0.61,4
991021,1,0,0,13,5,2,1,0,1,61,0.09,3
991022,1,0,0,9,5,6,0,1,0,94,0.67,2
991024,1,0,0,13,9,5,1,1,0,47,0.73,4
991025,1,0,0,10,3,5,1,0,1,59,0.06,2
991027,0,0,0,9,2,8,0,0,0,59,7.38,3
991030,1,0,0,15,13,3,1,0,1,60,1.72,3
991031,1,0,0,9,7,5,0,1,0,51,0.52,3
991037,0,1,0,12,4,3,1,0,1,63,0.06,3
991042,1,0,0,13,7,4,1,0,0,35,0.63,2
991043,1,0,0,15,11,3,0,0,1,29,0.68,2
991047,1,0,0,12,11,4,1,1,0,50,0.36,3
991048,1,0,0,10,3,4,1,0,0,43,0.77,3
991050,1,0,0,12,3,5,1,1,0,34,0.18,2
991053,1,0,0,9,4,7,0,0,1,61,0.43,3
991054,0,1,0,10,1,1,1,0,1,51,0.22,2
991060,1,0,0,15,10,6,0,1,0,43,0.68,3
991061,1,0,0,13,4,1,1,0,0,38,0.57,3
991066,0,0,1,14,8,5,1,0,1,38,1.01,2
991067,1,0,0,12,5,1,0,0,1,29,1.89,3
991068,1,0,0,12,6,2,1,0,0,31,1.17,3
991069,0,0,0,9,5,8,0,0,1,60,2.03,3
991073,1,0,0,11,10,4,0,0,0,41,0.79,3
991081,1,0,0,13,10,2,0,0,0,52,0.17,4
991083,1,0,0,9,10,2,1,0,1,57,0.98,3
991085,1,0,0,15,9,1,0,0,1,69,0.48,3
991086,1,0,0,9,7,7,0,1,0,43,2.06,1
991087,1,0,0,12,12,3,0,0,1,36,1.77,4
991090,1,0,0,12,4,2,1,0,1,51,0.1,3
991091,1,0,0,13,11,3,1,0,0,64,0.34,3
991093,1,0,0,11,5,6,0,1,0,63,0.31,3
991094,1,0,0,14,9,4,1,1,0,59,0.43,4
991095,1,0,0,12,4,6,1,0,0,61,0.29,2
991097,1,0,0,10,6,7,0,1,0,69,0.13,4
991098,1,0,0,12,11,6,1,1,0,44,0.81,3
991099,1,0,0,12,2,3,1,0,1,50,0.13,3
991102,1,0,0,12,8,2,1,0,1,70,0.18,3
991106,0,0,0,12,4,4,0,1,0,71,0.08,2
991110,1,0,0,6,2,6,1,0,0,83,7.38,3
991113,0,0,0,13,7,6,0,0,0,29,1.71,3
991117,1,0,0,15,5,2,0,0,1,41,0.25,4
991120,1,0,0,13,12,2,1,0,1,64,1.37,4
991121,1,0,0,14,10,4,0,0,1,67,0.26,3
991123,1,0,0,12,4,6,0,0,0,28,0.58,2
991124,1,0,0,12,3,6,0,0,0,72,0.33,4
991125,1,0,0,12,4,4,1,0,1,24,0.67,3
991127,1,0,0,11,2,7,0,0,0,70,0.12,3
991131,0,0,1,9,8,5,0,0,0,92,1.72,3
991132,0,1,0,10,3,2,1,0,1,72,0.56,1
991136,0,1,0,14,13,4,0,0,0,50,1.48,3
991450,1,0,0,12,9,3,1,0,0,79,0.19,3
991453,1,0,0,12,10,6,0,0,0,58,0.31,4
991454,1,0,0,13,8,4,0,0,0,43,0.37,3
991461,0,1,0,13,10,2,1,0,1,42,1.97,3
991464,1,0,0,13,12,1,0,0,1,39,2.83,4
991467,1,0,0,12,6,2,1,1,0,53,0.36,4
991469,0,0,0,10,3,4,1,0,1,28,7.38,4
991472,1,0,0,13,10,2,1,0,1,60,0.73,3
991477,0,0,1,15,14,4,0,0,1,43,2.9,4
991485,1,0,0,12,12,7,0,1,0,60,1.27,2
991492,1,0,0,13,9,6,1,1,0,68,0.06,4
991494,1,0,0,13,12,1,1,0,1,69,0.95,4
991497,1,0,0,12,8,2,0,0,1,85,0.25,2
991500,1,0,0,12,10,4,1,0,1,55,0.26,2
991501,0,1,0,11,9,4,0,0,1,59,0.54,3
991506,1,0,0,9,5,6,0,1,0,47,0.83,4
991624,0,0,0,10,3,2,0,0,1,27,3.24,2
991625,1,0,0,9,3,4,1,0,0,71,0.25,3
991628,1,0,0,9,1,8,1,0,1,55,1.17,2
991629,1,0,0,12,7,2,0,0,1,57,0.31,3
991630,1,0,0,9,1,1,1,0,1,69,5.9,2
991632,1,0,0,14,7,2,0,0,1,36,1.7,4
991633,1,0,0,12,8,6,0,0,1,57,0.58,4
991638,0,1,0,12,10,3,1,0,1,53,0.7,4
991828,0,1,0,12,5,4,1,0,0,56,0.19,2
991830,1,0,0,12,12,2,0,0,1,62,0.48,2
991833,1,0,0,15,11,2,1,0,1,42,3.42,3
991834,1,0,0,12,4,2,0,0,1,31,0.78,2
991836,1,0,0,11,13,3,0,0,1,69,0.99,4
991838,1,0,0,15,14,3,0,1,0,78,1.15,4
991843,1,0,0,13,13,2,0,0,1,42,3.19,3
991848,1,0,0,12,15,4,1,0,0,71,0.34,3
993277,1,0,0,12,13,5,0,0,0,54,0.68,4
993278,0,1,0,10,5,4,0,0,1,46,0.32,3
993286,1,0,0,13,12,2,1,0,1,55,0.81,3
993289,0,1,0,12,4,2,1,0,1,69,0.39,3
993290,1,0,0,12,8,7,0,1,0,84,0.42,4
993293,1,0,0,9,7,6,0,1,0,81,0.51,3
993294,1,0,0,9,4,8,1,1,0,83,6.87,3
993302,1,0,0,10,5,4,1,0,0,80,0.18,3
993303,1,0,0,15,12,8,0,0,0,40,2.69,4
993308,1,0,0,12,5,3,0,0,1,65,0.14,3
993309,0,1,0,11,4,4,1,0,1,56,0.76,3
993310,1,0,0,10,2,3,0,0,0,45,0.4,2
993312,1,0,0,12,8,1,1,0,1,62,0.32,4
993315,1,0,0,11,4,5,1,0,0,44,0.65,3
993316,1,0,0,15,5,3,0,0,1,71,0.48,3
993320,1,0,0,12,6,5,1,1,0,38,0.3,4
993325,1,0,0,10,5,7,0,0,0,45,2.22,3
993328,1,0,0,11,9,5,1,0,0,62,0.6,3
993332,1,0,0,10,5,4,1,1,0,36,1.17,4
993335,1,0,0,10,5,3,0,0,1,58,7.38,3
993336,0,0,0,11,8,8,0,0,1,46,1.09,3
993337,1,0,0,12,4,5,1,1,0,31,0.3,3
993339,1,0,0,13,11,3,0,0,1,42,0.8,3
993340,1,0,0,14,6,1,0,0,1,73,0.13,4
993341,0,0,0,9,3,3,1,0,1,71,1.14,3
993345,1,0,0,10,5,8,1,0,1,44,1.2,2
993349,1,0,0,13,13,4,0,0,0,70,0.48,3
993350,1,0,0,9,10,5,1,0,0,81,4.81,3
993352,1,0,0,10,9,2,1,0,1,46,0.34,4
993353,1,0,0,9,5,6,1,1,0,69,0.99,3
993356,1,0,0,12,6,6,1,1,0,26,4.26,2
993357,1,0,0,13,6,2,1,0,0,79,0.22,3
993358,1,0,0,11,15,4,1,0,1,70,0.67,3
993360,0,0,0,12,6,4,0,0,1,58,0.3,3
993361,1,0,0,12,4,5,1,1,0,81,0.12,2
993365,1,0,0,12,6,6,0,0,0,46,0.06,4
993366,1,0,0,11,7,4,1,0,0,52,0.82,3
993369,1,0,0,13,6,4,0,0,1,68,0.14,3
993371,1,0,0,13,12,2,0,0,1,46,1.5,4
993372,1,0,0,15,15,6,0,1,0,42,1.57,4
993780,0,1,0,11,6,2,1,0,1,43,0.99,3
993781,1,0,0,12,3,6,1,1,0,71,0.06,3
993786,1,0,0,13,9,5,1,1,0,35,1.01,3
993787,1,0,0,12,10,8,1,0,0,37,1.01,3
993788,1,0,0,10,10,3,1,0,1,61,0.6,3
993790,1,0,0,9,8,7,1,1,0,78,1.15,1
993794,1,0,0,9,5,4,0,0,0,76,0.24,3
993798,1,0,0,13,6,2,1,0,0,49,0.43,2
993800,1,0,0,9,10,4,0,0,1,52,1.5,2
993804,0,1,0,9,3,5,1,0,1,40,0.67,4
994546,0,0,0,11,2,2,1,0,1,87,1.51,2
994549,0,1,0,15,13,4,1,0,1,47,0.67,4
994551,1,0,0,14,12,4,0,0,0,73,0.53,3
994552,1,0,0,9,5,8,1,0,0,44,1.39,3
994553,1,0,0,9,2,4,1,1,0,78,0.31,3
994560,1,0,0,10,2,5,0,0,0,61,0.11,1
994561,1,0,0,13,12,6,0,1,0,65,0.54,4
994562,1,0,0,12,3,2,0,0,0,62,0.07,2
994565,1,0,0,10,6,2,1,0,1,56,0.43,3
994566,1,0,0,12,12,2,0,0,1,45,1.49,3
994569,1,0,0,12,7,2,1,0,1,75,0.38,4
994570,0,0,0,10,10,6,0,0,0,75,0.9,3
994571,1,0,0,10,5,7,0,1,0,82,0.24,4
994575,1,0,0,9,8,4,1,0,1,62,1.73,2
994584,1,0,0,10,15,8,1,0,0,61,1.35,4
994587,1,0,0,12,7,2,1,0,0,36,0.33,3
994593,1,0,0,12,16,2,1,1,0,53,1.01,3
994596,1,0,0,12,5,6,0,1,0,60,0.17,3
994597,1,0,0,13,11,3,0,0,1,72,0.52,4
994598,1,0,0,11,4,5,1,0,1,38,1.57,3
994599,1,0,0,10,6,6,1,1,0,54,0.94,3
994601,1,0,0,14,7,6,0,0,1,61,0.59,4
994603,0,1,0,13,4,2,1,0,1,59,0.35,3
994882,1,0,0,13,5,1,0,0,1,70,0.08,4
994885,0,0,0,10,3,8,0,0,0,31,0.71,3
995903,1,0,0,9,9,2,1,0,1,59,2.46,3
995907,1,0,0,10,11,4,1,0,0,77,0.63,3
995908,1,0,0,9,4,8,1,1,0,70,2.7,3
995911,0,1,0,13,2,2,1,0,1,39,0.34,3
995913,1,0,0,12,16,5,1,1,0,56,0.56,2
995916,1,0,0,15,7,7,0,1,0,79,0.29,3
995922,1,0,0,13,11,3,1,0,1,73,0.34,3
995923,1,0,0,10,6,8,1,0,0,67,0.59,3
995924,1,0,0,6,4,4,1,0,0,80,1.6,3
995925,1,0,0,9,5,6,0,1,0,77,0.37,3
995927,1,0,0,11,1,8,1,0,1,60,0.19,4
995928,1,0,0,11,4,6,0,1,0,83,0.07,4
995929,1,0,0,10,9,4,0,1,0,77,0.45,3
995931,1,0,0,15,11,6,0,0,0,60,0.33,3
995932,1,0,0,9,4,6,1,1,0,65,0.68,4
995936,1,0,0,12,13,5,0,1,0,37,0.68,3
995937,1,0,0,12,4,4,0,0,0,57,0.45,4
995939,1,0,0,10,2,4,1,0,1,69,0.1,3
995941,1,0,0,12,11,6,0,0,0,33,1.32,3
995946,1,0,0,12,12,2,1,0,0,51,0.71,4
995948,1,0,0,9,4,6,1,1,0,38,1.3,3
995949,1,0,0,15,12,2,0,0,1,74,0.24,2
995951,0,0,0,10,4,4,0,0,1,41,0.89,4
995952,1,0,0,12,10,5,0,0,0,47,0.26,3
995956,1,0,0,12,11,4,1,1,0,42,1.11,4
995957,1,0,0,13,6,6,1,1,0,50,0.2,3
995959,1,0,0,12,5,6,0,1,0,74,0.16,2
995963,0,0,1,13,11,4,0,0,0,56,0.35,3
995964,1,0,0,10,6,4,1,0,1,62,0.63,4
996407,1,0,0,9,3,8,1,0,0,54,1.47,3
996409,1,0,0,10,9,6,0,1,0,69,0.6,3
996412,1,0,0,12,6,2,1,0,1,78,0.1,3
996413,1,0,0,9,4,5,0,0,0,74,0.38,3
996418,1,0,0,11,2,6,0,1,0,44,0.1,2
996420,1,0,0,10,9,5,1,0,1,57,7.38,3
996421,1,0,0,10,10,1,0,0,0,49,0.78,4
996422,0,0,0,13,4,8,0,0,1,37,1.53,4
996425,1,0,0,10,7,4,1,1,0,53,0.7,3
996426,0,1,0,11,6,4,0,0,1,37,0.89,3
996430,1,0,0,12,7,3,0,0,1,87,0.13,3
996431,1,0,0,11,6,8,1,0,0,52,0.88,2
996434,1,0,0,13,3,1,0,0,1,83,0.06,2
996437,1,0,0,10,5,2,1,0,1,79,0.4,4
996438,1,0,0,15,12,2,1,0,0,69,1.37,4
996439,1,0,0,12,3,7,0,1,0,87,0.08,3
996443,1,0,0,12,5,2,0,0,1,63,0.19,4
996445,1,0,0,15,8,2,0,0,0,71,0.48,3
996446,0,0,0,13,3,4,1,0,1,35,0.38,1
996447,1,0,0,10,2,6,0,0,0,67,0.06,3
996448,0,1,0,10,3,5,1,1,0,67,0.21,2
996454,1,0,0,13,4,2,1,0,1,67,0.1,2
996455,1,0,0,13,9,6,1,1,0,54,0.21,3
996457,1,0,0,11,11,6,0,1,0,70,1.18,3
996458,1,0,0,13,7,2,1,0,1,59,0.43,3
996460,1,0,0,9,5,6,1,1,0,60,0.99,3
996461,1,0,0,13,8,5,0,1,0,72,0.22,3
996738,1,0,0,10,1,4,0,0,0,69,0.49,2
996741,0,0,0,10,11,8,1,0,0,57,4.05,4
996743,1,0,0,15,7,6,0,1,0,79,0.11,3
996744,1,0,0,13,13,5,0,1,0,68,0.24,4
996746,1,0,0,14,12,3,1,0,1,42,1.18,4
996749,1,0,0,12,3,1,1,0,1,31,1.17,3
996751,1,0,0,9,3,6,1,1,0,71,0.42,3
996752,1,0,0,10,2,2,1,1,0,69,0.43,4
996754,1,0,0,10,5,8,0,0,1,51,0.16,3
996755,1,0,0,12,7,8,0,0,0,33,0.43,3
996756,0,0,0,10,3,8,1,0,1,28,1.29,3
996758,1,0,0,12,8,1,0,0,1,51,0.16,3
996759,1,0,0,10,2,4,0,0,0,63,0.08,2
996760,1,0,0,12,12,4,0,1,0,87,0.25,4
996762,1,0,0,10,3,2,0,0,0,41,0.26,3
996763,0,0,0,10,11,7,0,1,0,62,0.75,3
996952,1,0,0,8,2,4,1,0,1,76,7.14,2
996957,1,0,0,12,9,4,0,0,0,69,0.45,4
996960,1,0,0,12,9,6,1,1,0,41,0.62,4
996961,1,0,0,13,9,2,0,0,1,66,0.12,4
996962,1,0,0,14,14,4,0,1,0,58,0.24,4
996963,1,0,0,13,15,5,1,1,0,57,0.38,3
996965,1,0,0,14,10,3,0,0,0,70,0.12,3
996968,1,0,0,10,9,6,1,1,0,54,0.72,3
996970,1,0,0,12,11,8,1,0,0,56,0.4,4
996971,0,1,0,13,8,2,1,0,1,53,0.86,4
996975,1,0,0,9,6,5,1,0,0,70,1.73,2
996976,1,0,0,10,10,7,0,0,0,63,0.59,1
996981,0,1,0,5,1,6,0,0,1,47,0.74,3
997212,1,0,0,14,12,6,0,1,0,67,0.54,3
997216,1,0,0,12,3,2,1,0,1,66,0.11,2
997217,1,0,0,11,11,2,0,0,0,46,1.43,4
997220,1,0,0,13,7,5,1,0,0,81,0.38,4
997224,1,0,0,13,11,6,0,1,0,57,0.21,3
997225,1,0,0,11,4,6,0,0,1,69,0.24,3
997228,1,0,0,9,2,7,0,1,0,86,0.22,3
997229,1,0,0,13,11,5,0,1,0,80,0.54,1
997231,1,0,0,12,5,7,1,1,0,45,0.16,3
997232,1,0,0,13,4,1,0,0,1,62,0.12,2
997235,1,0,0,10,8,4,1,0,0,30,3.1,2
997807,0,1,0,12,2,8,1,0,1,75,0.17,4
997811,1,0,0,10,13,2,0,0,0,62,0.99,4
997812,1,0,0,15,15,6,0,1,0,48,0.3,4
997813,1,0,0,12,1,2,1,0,0,34,0.29,2
997814,1,0,0,10,11,7,1,1,0,61,1.18,4
997816,1,0,0,12,11,4,0,1,0,81,0.45,4
997818,1,0,0,12,7,6,0,0,0,61,0.13,4
997820,1,0,0,9,2,4,1,0,1,84,0.07,3
997822,1,0,0,12,10,5,1,0,0,55,0.36,3
997823,1,0,0,12,6,2,0,0,1,75,0.25,4
997824,1,0,0,13,7,4,1,0,0,50,0.11,4
997827,1,0,0,12,3,7,1,1,0,68,1.27,2
997828,1,0,0,10,5,3,1,0,1,64,0.18,3
997829,1,0,0,12,8,4,1,0,0,45,0.84,3
997831,1,0,0,11,7,6,0,0,0,71,0.42,4
997832,1,0,0,10,7,3,0,0,1,79,3,3
997833,1,0,0,9,7,5,1,0,0,60,2.91,4
997835,1,0,0,10,6,8,1,0,1,74,0.81,3
997842,1,0,0,13,6,4,1,0,1,71,0.2,2
997844,1,0,0,10,6,5,1,0,0,70,0.97,3
997846,1,0,0,14,8,4,0,0,0,81,0.48,1
997851,1,0,0,13,14,4,0,0,0,81,0.24,4
997855,1,0,0,12,8,3,1,0,1,58,0.21,3
997859,1,0,0,9,9,8,0,0,0,42,1.65,4
997861,1,0,0,14,6,4,1,0,1,66,0.19,3
997862,1,0,0,10,5,4,0,1,0,63,0.25,1
997864,1,0,0,10,6,6,0,1,0,75,0.47,3
997868,1,0,0,12,2,6,1,0,1,31,0.14,4
997870,1,0,0,11,3,8,1,0,0,67,0.06,2
997871,1,0,0,12,8,3,0,0,0,43,0.82,3
997872,1,0,0,11,5,5,0,1,0,45,0.62,3
998051,1,0,0,9,4,5,1,0,0,78,0.81,3
998052,1,0,0,15,14,5,1,1,0,71,0.76,4
998062,0,1,0,9,3,3,0,0,1,68,5.15,4
998063,1,0,0,10,2,2,1,0,1,84,0.1,3
998064,1,0,0,12,4,4,1,0,0,66,0.1,4
998068,1,0,0,10,11,2,1,0,1,56,2.67,4
998069,1,0,0,13,13,7,0,0,0,66,0.34,3
998070,1,0,0,15,9,4,1,0,1,58,0.34,4
998073,1,0,0,11,1,1,1,0,0,62,3.56,3
998075,1,0,0,13,10,6,0,1,0,64,0.15,3
998076,1,0,0,10,4,5,1,0,1,64,0.31,3
998138,1,0,0,13,7,5,1,0,0,52,0.2,4
998139,1,0,0,12,8,2,1,0,0,78,0.34,3
998140,1,0,0,10,3,2,1,0,1,62,0.34,2
998276,1,0,0,12,5,6,1,0,0,49,0.11,4
998278,1,0,0,13,14,5,1,1,0,46,0.36,4
998279,0,0,1,9,2,3,0,0,1,29,7.38,4
998281,0,1,0,11,4,2,1,0,1,71,0.75,3
998284,1,0,0,12,4,4,1,1,0,65,0.1,3
998478,1,0,0,11,8,6,1,1,0,66,0.35,2
998479,1,0,0,12,3,4,1,0,0,71,0.06,3
998481,1,0,0,10,9,5,1,0,0,54,0.98,2
998482,1,0,0,11,5,2,0,0,1,60,0.09,2
999155,1,0,0,13,5,4,0,0,1,81,0.07,4
999157,1,0,0,12,4,4,1,0,0,67,0.31,1
999158,1,0,0,12,11,3,0,0,0,84,0.48,4
999159,1,0,0,11,9,6,1,0,0,66,0.52,4
999164,1,0,0,9,4,7,1,0,1,70,0.5,4
999172,1,0,0,10,7,6,1,1,0,68,0.88,3
999174,1,0,0,12,11,6,0,1,0,73,0.76,3
999175,1,0,0,9,13,6,1,1,0,51,1.6,4
999178,1,0,0,10,4,2,1,0,1,60,0.18,3
999182,1,0,0,10,5,6,0,1,0,63,0.14,3
999185,1,0,0,11,3,7,0,1,0,54,0.25,3
999478,0,1,0,10,1,2,1,0,1,61,2.56,2
999481,1,0,0,13,7,5,1,1,0,64,0.31,3
999486,0,0,1,15,11,5,1,0,0,42,2,4
999489,1,0,0,10,5,2,0,0,0,39,0.77,4
999490,1,0,0,13,11,1,1,0,1,52,0.9,3
999491,1,0,0,15,7,1,0,0,1,72,0.15,3
999493,1,0,0,10,6,3,1,0,1,47,0.41,1
999495,1,0,0,10,11,2,0,0,0,50,1.23,4
999498,1,0,0,13,5,7,1,1,0,88,0.22,4
999505,1,0,0,10,6,6,0,1,0,72,0.53,4
999790,1,0,0,13,2,2,0,0,1,31,0.22,3
999791,1,0,0,11,15,2,0,0,1,47,1.18,4
999792,0,0,0,7,3,6,1,1,0,36,2.98,3
999798,1,0,0,12,12,6,1,0,1,51,0.42,4
999800,1,0,0,11,14,5,1,1,0,36,3.11,4
999803,1,0,0,12,7,4,0,0,0,32,0.2,2
999804,1,0,0,10,7,3,1,0,0,67,0.74,3
999807,1,0,0,15,15,1,1,0,1,59,0.68,4
999810,1,0,0,7,1,8,1,0,1,38,5.05,3
999811,1,0,0,12,11,5,0,1,0,73,0.99,3
999814,0,1,0,12,3,3,1,0,1,52,0.11,3
999815,1,0,0,12,11,7,0,0,0,54,0.7,4
999816,0,0,0,12,13,6,1,1,0,33,2,4
999820,1,0,0,12,3,7,1,1,0,27,1.64,3
999822,1,0,0,12,11,6,0,1,0,24,4.53,2
999824,1,0,0,9,2,8,0,0,0,52,0.42,3
999826,1,0,0,12,9,6,0,1,0,38,1.43,4
999830,1,0,0,10,3,2,1,0,1,24,0.85,1
999831,1,0,0,11,3,2,1,0,1,53,0.24,3
999833,0,0,0,12,11,3,1,0,1,53,0.74,3
999834,1,0,0,15,10,2,1,0,0,40,0.57,4
999836,1,0,0,12,8,6,1,1,0,37,1.11,4
999837,1,0,0,12,4,3,1,0,1,64,0.22,2
999839,1,0,0,10,13,6,0,1,0,60,0.49,3
999840,1,0,0,9,5,8,1,0,0,40,2.33,3
999841,1,0,0,13,8,7,1,1,0,33,1.96,4
999842,1,0,0,12,9,6,1,1,0,62,1.37,4
999845,1,0,0,12,8,1,0,0,1,64,0.26,3
999846,1,0,0,9,2,2,0,0,0,61,0.06,2
1000105,1,0,0,10,5,5,0,0,1,72,0.38,3
1000106,1,0,0,13,7,2,1,0,1,49,0.43,3
1000110,1,0,0,11,9,6,0,1,0,76,0.5,4
1000111,0,0,1,9,2,2,0,0,1,28,6.21,3
1000114,1,0,0,13,3,2,0,0,0,31,1.5,2
1000115,0,0,1,13,10,2,1,0,1,34,1.26,4
1000116,1,0,0,13,10,3,1,0,0,58,1.49,3
1000120,1,0,0,12,4,4,0,0,0,64,0.73,3
1000125,1,0,0,12,12,7,0,1,0,55,0.45,4
1000126,1,0,0,10,6,2,0,0,1,62,0.34,3
1000129,1,0,0,11,1,3,1,0,1,52,1.25,3
1000277,1,0,0,12,13,3,1,0,0,41,1.6,4
1000278,1,0,0,13,5,6,1,1,0,48,0.43,3
1000281,0,0,0,14,16,7,0,0,0,68,0.39,4
1000283,1,0,0,12,8,4,0,0,0,59,0.67,4
1000284,0,0,1,12,2,1,0,0,1,26,0.95,1
1000287,0,1,0,10,11,6,1,0,1,53,1.18,4
1000289,1,0,0,10,3,6,0,1,0,65,0.06,3
1000290,1,0,0,11,2,5,0,0,0,41,0.27,3
1000291,1,0,0,12,5,4,0,0,0,64,0.16,4
1000293,1,0,0,10,6,4,1,0,0,71,0.97,3
1000294,1,0,0,14,6,4,1,1,0,63,0.14,3
1000296,1,0,0,9,3,6,1,1,0,76,0.15,3
1000661,1,0,0,11,14,7,0,1,0,59,0.83,4
1000665,1,0,0,9,11,4,0,0,1,46,1.31,3
1000669,1,0,0,13,5,2,1,0,1,71,0.12,2
1000672,1,0,0,15,8,7,0,1,0,82,0.13,4
1000676,1,0,0,9,7,4,0,1,0,57,4.44,4
1000683,1,0,0,10,1,4,1,0,0,35,0.47,4
1000686,1,0,0,14,11,2,0,0,0,73,0.45,3
1000688,1,0,0,12,6,4,0,0,0,61,0.12,2
1000689,1,0,0,11,3,8,1,0,1,54,0.12,3
1000704,1,0,0,12,7,6,1,1,0,36,0.85,3
1000705,1,0,0,9,10,6,0,1,0,81,1.32,3
1000708,1,0,0,12,8,2,1,0,1,58,0.11,2
1000710,1,0,0,12,1,7,0,0,0,29,3.18,3
1000711,0,1,0,9,1,6,1,0,1,86,0.82,3
1000712,1,0,0,13,11,3,0,0,0,39,3.19,4
1000713,1,0,0,13,11,3,1,0,1,50,0.47,3
1000714,1,0,0,12,7,5,1,0,0,33,0.63,3
1000715,1,0,0,13,7,2,1,0,1,75,0.19,3
1000718,1,0,0,13,8,3,1,0,1,68,0.38,3
1000721,1,0,0,13,8,2,1,0,1,63,0.4,2
1000723,1,0,0,12,9,7,1,0,0,53,0.78,3
1000724,0,0,1,14,15,5,0,1,0,35,1.61,3
1000725,1,0,0,10,5,8,0,0,0,49,0.3,3
1000726,1,0,1,13,12,6,0,1,0,40,2.09,4
1000727,1,0,0,9,9,7,0,1,0,39,6.59,4
1000728,1,0,0,15,12,4,0,0,0,35,1.62,4
1000731,1,0,0,13,5,2,0,1,0,73,0.28,3
1000734,1,0,0,10,3,3,1,0,0,35,0.29,3
1000947,1,0,0,9,6,1,0,0,1,58,0.36,4
1000954,1,0,0,11,5,2,1,0,1,68,0.06,4
1000965,1,0,0,11,12,5,0,1,0,67,0.5,3
1000968,0,0,1,11,9,5,0,0,0,51,1.27,3
1000970,0,1,0,7,7,4,1,0,1,53,7.38,3
1000972,0,0,0,3,5,2,1,0,1,70,5.16,3
1000979,1,0,0,11,6,4,1,1,0,29,2.52,4
1001070,1,0,0,10,4,2,1,0,1,86,0.72,2
1001078,1,0,0,13,8,1,1,0,1,35,0.52,4
1001083,1,0,0,13,3,6,0,0,0,72,0.06,3
1001089,1,0,0,13,8,3,0,0,0,55,0.28,2
1001090,1,0,0,11,9,4,1,0,0,65,0.77,3
1001091,1,0,0,11,10,5,1,0,0,59,0.66,3
1001094,1,0,0,10,13,1,0,0,1,46,1.29,3
1001097,1,0,0,12,11,2,0,0,1,69,0.64,3
1001098,1,0,0,13,10,6,1,1,0,68,0.17,4
1001099,1,0,0,13,4,1,0,0,1,63,0.07,2
1001100,0,0,1,12,15,6,0,1,0,74,0.88,3
1001101,1,0,0,11,7,6,0,1,0,82,0.61,4
1001103,1,0,0,13,8,4,0,0,1,70,0.61,4
1001104,1,0,0,12,8,4,1,0,0,76,0.29,2
1001105,1,0,0,14,6,6,1,1,0,59,0.91,4
1001108,1,0,0,9,4,1,0,0,1,55,0.54,3
1001110,1,0,0,13,10,6,0,1,0,46,0.46,3
1001111,1,0,0,9,6,3,0,0,1,66,0.4,3
1001113,1,0,0,13,12,1,0,0,0,55,0.7,4
1001114,1,0,1,10,11,2,1,0,1,30,7.38,2
1001115,0,0,0,10,6,4,0,0,1,63,0.87,3
1001122,1,0,0,10,2,6,1,0,1,46,0.43,3
1001123,1,0,0,11,14,6,0,0,0,54,0.59,4
1001125,0,1,0,11,7,2,0,0,1,36,1.98,3
1001127,1,0,0,12,2,3,0,1,0,81,0.06,2
1001130,1,0,0,12,11,6,1,1,0,38,0.52,3
1001435,1,0,0,11,4,6,0,1,0,37,0.67,3
1001440,0,1,0,12,3,2,1,0,1,67,0.2,3
1001442,1,0,0,13,4,4,1,1,0,59,0.11,3
1001443,0,0,1,13,10,4,1,0,1,79,0.31,3
1001444,0,0,0,13,11,4,0,0,1,37,0.96,4
1001446,0,1,0,12,3,2,0,0,1,31,1.39,3
1001448,1,0,0,10,3,7,1,1,0,61,0.14,3
1001451,0,1,0,10,11,2,1,0,1,54,3.28,3
1001456,1,0,0,10,8,6,1,0,0,65,1.03,4
1001463,1,0,0,12,9,6,0,1,0,69,0.24,4
1001519,0,1,0,10,3,4,0,0,1,78,2.94,4
1001522,1,0,0,12,12,4,0,0,0,68,0.48,4
1001523,1,0,0,12,4,5,1,1,0,70,3.25,2
1001525,1,0,0,10,4,7,1,1,0,76,0.31,4
1001530,1,0,0,12,12,1,0,0,1,30,2.19,3
1001531,1,0,0,13,8,6,0,0,0,35,0.99,4
1001532,0,0,0,13,16,4,0,0,0,55,0.76,3
1001533,1,0,0,9,3,4,1,0,1,79,0.4,2
1001534,1,0,0,9,3,4,0,0,0,78,0.35,2
1001536,0,1,0,10,3,8,1,0,1,56,0.41,2
1002771,0,1,0,9,1,2,0,0,1,63,6.53,1
1002772,1,0,0,10,2,2,1,0,1,61,1.29,4
1002778,1,0,0,15,12,2,0,0,1,39,0.7,3
1002779,1,0,0,10,4,5,0,1,0,76,0.24,4
1002780,1,0,0,10,11,2,0,0,1,52,0.58,4
1002782,1,0,0,12,7,8,1,0,0,54,0.11,2
1002783,1,0,0,10,3,4,1,0,1,47,0.11,2
1002784,1,0,0,13,16,6,0,0,0,44,1.32,3
1002786,1,0,0,13,11,2,1,0,1,41,0.55,4
1002788,0,1,0,12,7,4,1,0,1,32,2.17,3
1002789,0,0,1,10,12,4,1,1,0,67,2.71,4
1002793,1,0,0,10,4,5,1,0,0,75,0.2,2
1002794,1,0,0,9,2,3,1,0,1,67,0.3,1
1002795,1,0,0,12,4,6,0,1,0,58,0.21,4
1002802,1,0,0,12,7,5,0,1,0,62,0.18,3
1002804,0,0,1,15,14,8,0,0,1,37,2.9,4
1002805,1,0,0,10,7,4,0,0,0,48,1.33,3
1002806,0,1,0,15,9,6,1,1,0,46,0.34,3
1002808,1,0,0,10,11,3,1,0,1,60,1.24,4
1002815,1,0,0,12,8,3,0,0,1,64,0.34,4
1002820,1,0,0,13,13,4,1,0,0,73,0.37,4
1002821,1,0,0,15,2,2,1,0,1,66,0.06,2
1002823,1,0,0,12,3,4,0,0,1,80,0.07,4
1002891,1,0,0,10,9,4,0,0,0,35,2.63,4
1002892,1,0,0,10,5,3,1,0,0,58,0.17,4
1002893,1,0,0,13,9,2,0,0,1,76,0.23,2
1002894,1,0,0,9,4,8,0,0,0,53,0.57,3
1002904,1,0,0,12,3,5,0,0,0,76,0.12,4
1002905,1,0,0,12,11,3,0,0,1,59,0.25,3
1002907,1,0,0,15,2,4,1,0,0,52,0.13,3
1002909,1,0,0,13,6,6,0,1,0,60,0.09,2
1002912,1,0,0,9,1,8,0,0,0,59,0.39,2
1002913,1,0,0,10,4,6,0,1,0,66,1,3
1002914,0,0,0,14,12,7,0,1,0,72,0.19,3
1002917,0,0,1,13,10,3,0,0,1,61,0.31,4
1003387,1,0,0,12,8,2,0,0,1,66,0.25,3
1003388,1,0,0,10,2,4,1,0,0,84,0.1,1
1003390,0,1,0,15,7,2,0,0,1,78,0.17,4
1003391,1,0,0,9,4,8,0,0,1,61,1.35,1
1003395,1,1,0,10,3,8,1,0,0,35,0.18,2
1003396,1,0,0,9,10,6,1,0,1,54,2.34,4
1003406,1,0,0,8,5,4,1,0,0,59,4.52,4
1003949,1,0,0,8,4,8,1,0,0,43,3.18,3
1003952,0,0,0,12,3,2,0,0,1,68,1.21,2
1003953,1,0,0,13,12,4,0,0,1,54,0.83,4
1003956,1,0,0,11,7,6,1,1,0,61,1.21,3
1003957,1,0,0,15,4,6,0,0,0,74,0.07,4
1004378,1,0,0,14,10,1,0,0,1,74,0.12,3
1004379,1,0,0,10,1,6,1,1,0,66,0.09,3
1004380,0,0,0,11,6,1,0,0,1,61,0.28,2
1004381,1,0,0,9,1,7,1,1,0,60,0.06,4
1004385,1,0,0,12,3,4,0,0,0,52,0.35,3
1004989,1,0,0,11,7,6,1,1,0,73,0.18,3
1004991,1,0,0,9,8,7,0,1,0,73,1.72,4
1004992,1,0,0,12,8,3,0,0,1,69,0.24,3
1004993,1,0,0,9,4,4,1,0,0,29,1.74,4
1004994,1,0,0,10,1,1,1,0,1,55,0.23,3
1004995,1,0,0,9,5,8,1,0,1,75,0.48,3
1004999,1,0,0,12,13,6,0,1,0,77,1.15,4
1005001,1,0,0,9,7,5,1,0,0,66,0.25,4
1005005,1,0,0,11,9,1,0,0,1,63,0.16,2
1005006,1,0,0,10,7,5,0,0,0,69,0.45,2
1005007,1,0,0,10,14,5,0,0,1,39,5.71,3
1005008,1,0,0,13,12,2,0,0,1,39,0.68,4
1005009,1,0,0,13,11,6,0,1,0,59,0.34,3
1005373,1,0,0,12,10,6,1,1,0,54,0.8,3
1005375,1,0,0,10,8,4,0,0,0,56,0.5,4
1005376,1,0,0,13,13,4,1,0,0,57,0.71,4
1005377,1,0,0,12,5,3,0,0,0,67,0.06,3
1005379,1,0,0,9,3,5,0,0,0,75,1.1,4
1005380,1,0,0,9,5,8,0,0,0,60,0.99,3
1005381,0,0,0,10,5,4,1,0,1,61,0.8,3
1005836,1,0,0,10,4,6,0,0,0,78,0.29,2
1005838,1,0,0,10,10,5,0,0,0,67,0.46,3
1005923,1,0,0,15,13,6,0,1,0,49,0.48,4
1005924,1,0,0,12,4,6,1,0,0,59,0.22,3
1005925,1,0,0,10,8,6,1,0,1,56,0.98,4
1006141,1,0,0,12,8,6,0,0,0,75,0.15,4
1006142,1,0,0,10,8,6,0,0,0,44,0.66,4
1006143,1,0,0,9,2,8,0,0,0,59,2.85,4
1007076,1,0,0,13,8,1,1,0,1,48,0.36,2
1007082,1,0,0,10,4,3,0,0,1,79,0.07,2
1007084,1,0,0,13,8,2,1,0,0,60,0.09,3
1007381,0,0,1,15,13,5,0,1,0,44,1.14,4
1007382,1,0,0,10,2,2,0,0,0,53,0.54,3
1007383,1,0,0,9,1,6,0,1,0,38,1.01,1
1007384,1,0,0,12,10,2,0,0,1,67,0.22,3
1007387,1,0,0,12,7,2,0,0,1,46,0.16,3
1007388,0,0,0,11,10,5,1,0,1,62,2.72,4
1007574,1,0,0,11,9,4,1,1,0,41,0.51,4
1007575,1,0,0,9,5,6,1,1,0,57,6.23,3
1007577,1,0,0,11,11,2,0,0,1,62,0.63,3
1007580,1,0,0,9,14,6,0,1,0,49,2.86,4
1007835,1,0,0,12,11,6,0,0,0,53,0.31,3
1007837,1,0,0,12,10,2,0,0,1,63,0.45,4
1007838,1,0,0,15,1,1,1,0,1,66,0.06,2
1007839,1,0,0,12,4,3,0,0,0,28,0.33,4
1007840,1,0,0,12,11,6,0,1,0,59,0.35,4
1007841,1,0,0,10,9,6,0,1,0,77,0.51,3
1008361,1,0,0,12,11,3,1,0,1,43,0.55,4
1008363,1,0,0,14,8,3,0,0,0,49,0.39,2
1008426,1,0,0,9,6,4,0,0,1,52,2.96,3
1008428,1,0,0,10,6,6,0,1,0,78,0.53,4
1008429,0,0,0,10,8,6,1,0,0,59,0.6,3
1008431,1,0,0,9,3,7,0,0,0,30,7.38,3
1008826,1,0,0,12,4,3,1,0,1,56,0.21,2
1008832,1,0,0,13,10,4,0,0,1,83,0.27,4
1008834,0,1,0,15,5,4,0,0,1,83,0.51,3
1008836,1,0,0,9,11,4,1,0,0,72,1.72,3
1008838,1,0,0,13,8,4,0,1,0,60,0.17,4
1008840,1,0,0,13,10,5,0,1,0,53,0.62,3
1008843,1,0,0,12,5,2,1,0,1,37,0.35,3
1009129,0,1,0,12,5,2,1,0,1,93,0.18,2
1009130,1,0,0,13,9,4,0,0,0,68,0.23,3
1009131,1,0,0,9,6,5,1,1,0,58,0.97,3
1009132,1,0,0,12,8,4,0,0,0,57,0.18,3
1009133,1,0,0,11,11,7,0,0,0,60,1.18,3
1009136,1,0,0,12,6,6,1,1,0,54,0.56,4
1009139,1,0,0,15,7,1,1,0,0,69,0.22,2
1009142,0,0,1,10,2,8,1,0,1,55,0.19,1
1009266,1,0,0,12,4,3,1,0,1,50,0.06,3
1009270,1,0,0,11,1,6,0,1,0,50,0.19,3
1009274,0,0,0,12,1,2,0,0,1,26,0.5,2
1009279,1,0,0,13,12,4,0,0,0,73,1.15,3
1009289,1,0,0,12,6,8,0,0,1,38,0.92,4
1009294,1,0,0,12,11,4,0,0,0,76,0.24,4
1009295,1,0,0,9,8,7,0,1,0,35,3.61,3
1009302,1,0,0,10,11,4,1,1,0,40,2.36,4
1009303,1,0,0,13,13,4,0,0,0,72,0.54,4
1009304,1,0,0,12,8,2,1,0,1,45,0.33,3
1009565,1,0,0,10,2,7,1,0,0,50,0.12,3
1009566,1,0,0,12,13,4,0,0,0,38,1.26,3
1009567,1,0,0,9,5,2,1,0,1,65,0.81,4
1009569,0,0,1,12,11,3,0,0,1,51,0.31,3
1009845,1,0,0,15,9,6,0,1,0,32,0.27,2
1009853,1,0,0,13,5,2,1,0,1,64,0.4,3
1009916,1,0,0,12,7,5,1,1,0,69,0.34,3
1009917,1,0,0,10,6,6,0,0,0,72,0.53,4
1009921,1,0,0,12,7,7,0,1,0,73,0.24,4
1009923,1,0,0,15,13,4,0,0,0,48,0.7,4
1009928,1,0,0,14,12,2,1,0,1,47,0.36,4
1009934,0,1,0,9,5,2,0,0,0,65,7.38,3
1010279,1,0,0,15,8,3,0,0,1,67,0.29,4
1010282,1,0,0,15,15,2,0,0,1,74,0.45,3
1010286,1,0,0,10,1,6,0,0,0,59,0.35,2
1010314,1,0,0,11,5,4,1,0,0,69,0.22,3
1010315,1,0,0,9,3,2,1,0,1,66,1.42,2
1010316,1,0,0,12,12,6,1,1,0,81,7.38,4
1010318,1,0,0,10,11,5,0,0,0,65,0.54,3
1010511,0,1,0,11,4,2,1,0,1,64,0.18,4
1010517,0,0,0,12,9,4,0,0,0,47,0.92,4
1010978,1,0,0,11,5,6,1,1,0,75,0.37,3
1010981,1,0,0,13,10,3,0,0,1,65,0.45,3
1010982,1,0,0,12,14,6,0,0,0,53,0.88,3
1010984,1,0,0,14,5,5,1,0,0,48,0.48,3
1011250,1,0,0,13,11,4,1,0,0,65,0.76,4
1011251,1,0,0,13,1,5,0,1,0,58,0.2,3
1011399,1,0,0,13,9,2,0,0,0,66,0.15,3
1011401,1,0,0,11,5,6,0,1,0,72,0.22,4
1011764,1,0,0,13,11,2,1,0,1,39,0.55,4
1012022,1,0,0,10,13,5,0,0,0,59,1.09,3
1012024,1,0,0,10,9,2,0,0,1,59,1.82,3
1012824,1,0,0,13,6,4,0,0,1,60,0.47,2
1012826,1,0,0,9,11,6,0,0,0,30,7.38,3
1012830,1,0,0,9,8,7,0,1,0,63,1.48,4
1012831,1,0,0,10,4,2,1,0,1,45,0.34,3
1012837,1,0,0,10,3,2,1,0,1,73,0.22,2
1012842,1,0,0,11,13,3,0,0,1,57,1.42,3
1012844,1,0,0,11,4,4,0,0,1,66,0.13,3
1012846,1,0,0,12,11,6,0,0,1,63,0.41,4
1012848,0,1,0,10,7,2,1,0,1,51,1.35,4
1012853,1,0,0,11,6,6,1,0,1,59,0.2,2
1012854,1,0,0,12,10,6,1,1,0,52,0.19,4
1012864,1,0,0,10,10,6,0,1,0,50,0.58,4
1012865,1,0,0,13,7,4,0,0,0,76,0.28,3
1012867,1,0,0,11,5,8,1,0,1,29,6.86,3
1012868,1,0,0,12,13,3,0,0,1,70,0.54,4
1012870,1,0,0,9,4,8,1,1,0,71,0.88,4
1012874,1,0,0,12,11,5,0,1,0,54,0.31,4
1012875,1,0,0,13,4,4,0,1,0,71,0.12,4
1012876,1,0,0,15,8,6,0,1,0,82,0.23,2
1012878,1,0,0,12,10,4,1,0,1,53,0.29,1
1013050,1,0,0,13,14,4,0,0,1,69,0.45,3
1013054,1,0,0,13,15,7,0,1,0,55,0.62,4
1013055,1,0,0,10,7,8,1,1,0,54,1.6,4
1013056,1,0,0,12,9,7,0,1,0,49,0.64,4
1013057,1,0,0,12,13,3,0,0,1,63,0.41,3
1013058,1,0,0,12,14,2,0,0,1,63,0.25,3
1013059,1,0,0,13,12,6,0,0,0,50,1.5,4
1013061,0,1,0,12,3,2,0,0,1,55,0.43,4
1013063,1,0,0,10,2,8,0,0,1,59,0.09,3
1013068,1,0,0,12,5,2,1,0,1,54,0.12,3
1013073,1,0,0,10,4,2,1,0,0,69,1.34,3
1013074,1,0,0,12,8,5,0,0,0,72,0.25,3
1013179,1,0,0,11,7,4,1,0,0,57,0.37,3
1013183,1,0,0,13,6,7,1,0,0,54,0.36,4
1013184,1,0,0,13,12,5,1,1,0,72,0.37,2
1013186,1,0,0,9,4,6,1,1,0,49,1.05,4
1013190,1,0,0,12,11,3,1,0,1,60,0.98,4
1013334,1,0,0,11,5,6,0,1,0,65,2.75,3
1013335,1,0,0,10,1,8,0,1,0,65,0.93,2
1013339,1,0,0,10,5,6,1,1,0,61,0.22,4
1013342,1,0,0,12,12,5,0,1,0,53,0.59,3
1013344,1,0,0,15,9,6,0,1,0,78,0.13,1
1013595,1,0,0,12,12,4,0,0,0,55,0.39,3
1013596,1,0,0,9,11,6,0,0,0,63,3.27,2
1013597,1,0,0,9,5,2,1,0,0,55,2.59,2
1013600,1,0,0,14,11,5,0,1,0,39,1.26,4
1013601,1,0,0,12,7,2,1,0,1,39,0.29,3
1013603,1,0,0,10,9,8,1,1,0,52,0.18,4
1013635,1,0,0,10,11,7,0,1,0,58,1.29,2
1013639,1,0,0,12,12,4,1,1,0,42,3.27,4
1013640,1,0,0,11,10,6,0,1,0,36,7.36,3
1013641,1,0,0,9,7,6,0,1,0,80,1.39,3
1013642,1,0,0,11,11,7,1,1,0,63,0.88,3
1013644,1,0,0,12,11,2,1,0,1,48,1.72,3
1013758,1,0,0,15,6,6,1,0,0,69,0.34,3
1013759,1,1,0,10,7,4,0,0,1,39,1.51,4
1013791,0,1,0,12,9,7,0,0,0,56,0.42,3
1013794,1,0,0,13,12,4,0,0,0,62,0.28,4
1013795,1,0,0,12,3,2,1,0,0,46,0.12,3
1013796,1,0,0,10,10,7,1,1,0,48,2.34,4
1014039,1,0,0,10,11,3,1,0,1,45,1.02,3
1014115,1,0,0,10,4,4,1,0,1,58,0.45,3
1014118,0,0,0,12,13,4,0,0,0,46,0.54,4
1014119,1,0,0,9,3,6,0,1,0,67,0.68,3
1014121,1,0,0,11,10,3,0,0,1,45,0.82,4
1014226,1,0,0,13,14,6,0,1,0,72,0.97,3
1014361,1,0,0,14,6,4,1,0,0,73,0.19,3
1014458,1,0,0,12,12,1,1,0,1,60,0.34,4
1014460,1,0,0,10,10,4,0,0,1,47,0.3,4
1014535,1,0,0,12,12,5,0,1,0,67,0.48,4
1014826,1,0,0,11,6,7,0,1,0,36,0.36,4
1014828,1,0,0,10,7,6,0,1,0,63,0.16,2
1014874,1,0,0,12,4,4,0,1,0,70,0.07,3
1015065,1,0,0,13,8,2,0,0,1,66,0.34,3
1015081,1,0,0,13,11,2,0,0,1,74,0.24,2
1015088,0,1,0,12,9,2,1,0,1,60,0.96,4
1015090,1,0,0,12,15,6,0,0,0,54,1,3
1015091,1,0,0,12,9,2,0,0,0,68,0.49,4
1015093,0,1,0,11,5,4,1,0,1,48,0.35,3
1015096,1,0,0,10,4,6,0,1,0,65,0.31,3
1015100,1,0,0,12,12,6,0,1,0,66,1.12,3
1015101,1,0,0,12,12,5,0,0,0,56,0.59,4
1015103,1,0,0,10,5,8,1,0,0,37,0.63,4
1015106,1,0,0,7,2,8,1,0,0,58,2.98,3
1015110,0,0,0,11,3,6,1,0,0,34,0.63,4
1015173,0,1,0,12,12,2,0,0,1,59,0.22,3
1015174,0,1,0,10,2,2,1,0,1,59,0.73,3
1015179,1,0,0,10,4,7,0,1,0,70,0.45,3
1015180,1,0,0,10,5,7,1,0,0,75,0.31,4
1015186,1,0,0,12,11,4,0,0,1,52,0.32,4
1015249,1,0,0,12,12,5,0,0,0,47,0.33,4
1015250,1,0,0,9,9,1,0,0,1,38,3.54,3
1015254,1,0,0,13,8,6,0,1,0,79,0.27,4
1015318,1,0,0,9,2,4,0,1,0,67,0.13,3
1015320,0,0,0,13,6,5,0,1,0,56,0.67,4
1015321,0,0,0,12,6,8,1,0,1,29,1.26,3
1015322,1,0,0,10,9,6,0,0,0,57,0.3,3
1015324,0,0,1,12,11,3,0,0,1,37,1.14,4
1015326,1,0,0,12,11,1,0,0,0,59,0.83,3
1015388,0,0,0,10,4,4,1,0,0,27,0.47,4
1015448,1,0,0,12,11,4,0,0,0,69,1.15,3
1015450,1,0,0,9,9,8,0,0,0,50,3.67,4
1015451,1,0,0,13,13,6,0,1,0,73,0.24,1
1015452,1,0,0,12,10,5,0,0,0,51,0.59,4
1015453,1,0,0,13,12,4,0,0,0,66,0.41,3
1015583,1,0,0,11,5,5,1,0,1,32,0.28,4
1015767,1,0,0,11,8,6,0,1,0,55,0.58,3
1015866,1,0,0,12,11,6,0,0,0,43,2.91,4
1015867,0,1,0,13,3,7,1,0,1,35,0.59,3
1015868,0,1,0,13,9,3,0,0,1,64,0.6,3
1015999,1,0,0,10,11,4,0,1,0,64,1.07,3
1016069,1,0,0,12,5,2,0,0,1,65,0.2,3
1016215,1,0,0,9,7,5,1,1,0,89,0.96,2
1016288,0,1,0,13,4,4,0,0,1,54,0.09,4
1016289,1,0,0,11,12,6,1,1,0,45,2.62,4
1016324,1,0,0,11,11,2,1,0,1,52,1.76,4
1018525,1,0,0,10,3,5,0,1,0,72,0.13,3
1018526,1,0,0,12,10,7,0,0,0,69,0.37,4
1018527,1,0,0,10,4,6,0,0,0,35,0.72,4
1018528,1,0,0,10,3,4,1,0,1,67,0.12,3
1018529,1,0,0,11,4,5,1,0,0,64,0.31,3
1018534,1,0,0,10,6,6,0,1,0,54,0.58,3
1053280,1,0,0,10,5,6,1,1,0,40,0.56,3
1053281,1,0,0,11,9,2,0,0,1,39,3.04,3
1053286,1,0,0,13,14,4,0,0,0,53,0.8,4
1053289,1,0,0,15,12,4,0,0,1,73,0.47,4
1053290,1,0,0,9,3,8,0,0,1,27,3.24,2
1053291,1,0,0,10,3,3,0,0,1,44,0.72,3
1053293,1,0,0,9,3,3,0,0,1,62,0.34,2
1053294,1,0,0,12,8,7,1,1,0,54,0.35,3
1053296,0,0,0,12,5,7,0,0,0,88,0.06,4
1053298,0,0,1,11,4,4,1,1,0,38,0.28,4
1053299,1,0,0,13,8,4,1,0,1,70,0.19,4
1053304,1,0,0,12,3,4,1,0,1,34,0.32,4
1053306,1,0,0,10,6,8,1,0,1,36,2.62,3
1053308,1,0,0,12,9,6,0,1,0,58,0.22,3
1053309,1,0,0,12,4,2,1,0,1,51,0.11,4
1053312,1,0,0,15,4,5,0,0,0,63,0.07,1
1053317,1,0,0,13,8,2,1,0,1,66,0.23,3
1053318,1,0,0,10,3,8,0,0,1,22,2.46,1
1053319,1,0,0,13,5,6,0,0,0,70,0.17,3
1053320,0,1,0,10,10,4,1,0,1,58,0.76,3
1053321,1,0,0,10,5,4,1,0,1,48,0.06,3
1053572,1,0,0,4,2,6,1,0,0,35,7.38,4
1053573,1,0,0,12,4,3,0,0,1,36,0.28,4
1053574,1,0,0,12,6,7,0,0,0,75,0.25,3
1053576,1,0,0,10,1,2,1,0,0,50,1.63,3
1053577,0,0,0,8,1,2,0,0,1,52,7.38,3
1053578,1,0,0,12,6,5,1,0,1,73,0.2,3
1053579,1,0,0,13,9,2,0,0,1,79,0.14,3
1053580,0,1,0,13,14,1,0,0,1,73,1.11,3
1053581,0,0,0,9,3,6,1,1,0,71,3.77,4
1053731,0,0,0,10,7,6,0,0,1,54,0.51,3
1053733,1,0,0,15,13,1,0,0,1,48,0.32,3
1053735,0,1,0,12,5,4,0,0,1,46,0.41,1
1053736,1,0,0,10,4,6,0,0,0,72,0.13,3
1053737,1,0,0,10,8,4,0,0,0,50,0.32,3
1053739,0,1,0,12,5,2,1,0,0,63,0.85,4
1053740,1,0,0,9,3,5,0,0,0,38,0.62,3
1053741,1,0,0,14,3,2,1,0,1,71,0.31,1
1054047,1,0,0,12,10,6,1,1,0,38,0.3,3
1054050,1,0,0,10,4,4,0,0,0,69,0.06,4
1054051,1,0,0,11,7,6,0,1,0,50,0.51,3
1054055,1,0,0,13,11,2,0,0,1,73,0.25,3
1054059,0,0,0,15,11,4,1,0,0,40,1.23,3
1054062,1,0,0,9,5,5,0,0,0,47,1.01,2
1054067,1,0,0,11,11,6,0,1,0,78,1.02,3
1054071,0,0,0,13,2,8,0,0,1,61,0.26,4
1054072,1,0,0,13,11,8,1,0,0,47,0.98,4
1054076,1,0,0,10,4,2,0,0,0,73,0.25,4
1054077,1,0,0,9,8,5,1,1,0,44,1.44,4
1054078,1,0,0,9,5,8,1,0,0,22,1.22,3
1054079,1,0,0,10,2,6,0,1,0,43,0.28,3
1054081,1,0,0,11,5,4,1,0,0,63,0.35,3
1054082,1,0,0,13,13,6,1,1,0,77,0.66,3
1054090,1,0,0,10,1,2,0,0,1,84,0.08,2
1054377,0,0,0,5,1,2,1,0,1,34,0.72,3
1054379,1,0,0,12,1,3,1,0,1,25,0.92,2
1054386,1,0,0,15,5,3,0,0,0,72,0.41,3
1054517,1,0,0,13,16,6,0,1,0,54,0.9,3
1054518,1,0,0,13,11,4,0,0,0,31,3.44,3
1054846,1,0,0,12,6,6,0,1,0,28,1.17,3
1054848,1,0,0,8,4,8,1,0,1,71,2.68,3
1054849,1,0,0,13,11,2,1,0,1,33,1.44,4
1054966,1,0,0,12,5,2,1,0,1,70,2.33,2
1054968,1,0,0,14,7,3,1,0,1,66,0.93,3
1054970,1,0,0,12,6,1,0,0,1,72,0.25,3
1054972,1,0,0,9,3,6,1,1,0,60,0.97,3
1054973,1,0,0,10,5,6,1,0,0,67,0.47,4
1054976,1,0,0,12,7,3,0,0,0,72,0.13,4
1054978,1,0,0,10,4,6,1,0,1,84,0.23,4
1055064,0,0,0,12,6,2,0,0,0,25,2.98,1
1055065,1,0,0,10,6,5,0,0,1,69,7.38,3
1055070,1,0,0,9,3,4,0,1,0,72,1.33,3
1055628,1,0,0,9,6,3,1,0,1,59,1.79,3
1055630,1,0,0,9,3,8,1,0,0,81,1.33,2
1056052,0,0,0,15,6,5,0,0,0,48,1.2,4
1056055,1,0,0,11,3,6,1,0,1,57,0.58,3
1056058,1,0,0,12,1,4,0,0,0,68,0.28,3
1056260,1,0,0,9,7,6,1,1,0,70,0.99,3
1056261,1,0,0,14,6,1,0,0,1,73,0.14,4
1056262,1,0,0,12,10,6,0,0,1,64,0.39,3
1056263,1,0,0,10,6,5,0,0,0,68,0.14,3
1056267,1,0,0,13,1,2,0,0,1,64,0.06,2
1056270,1,0,0,12,3,3,1,0,1,76,0.06,3
1056272,1,0,0,15,11,1,0,0,1,61,0.66,4
1056275,1,0,0,12,2,2,1,0,1,70,1.82,3
1056276,1,0,0,10,3,8,1,0,0,72,0.1,3
1056277,1,0,0,12,8,4,1,0,0,42,1.68,4
1056278,1,0,0,12,7,4,0,0,0,52,0.9,3
1056501,1,0,0,11,12,1,0,0,1,58,1.18,3
1056502,0,1,0,9,5,1,0,0,1,56,0.57,4
1056503,0,1,0,13,11,5,1,0,1,62,0.83,3
1056504,1,0,0,10,6,8,0,0,0,79,0.46,3
1056505,0,1,0,13,5,1,1,0,0,38,0.76,3
1056507,0,1,0,9,8,3,1,0,1,50,7.38,3
1056682,1,0,0,11,1,1,1,0,1,28,0.13,2
1056684,1,0,0,10,10,7,1,1,0,63,1.27,2
1056687,1,0,0,12,13,6,0,1,0,38,1.3,4
1056692,1,0,0,9,4,5,0,1,0,71,0.46,4
1056693,1,0,0,10,2,6,1,0,0,59,1.67,4
1056694,1,0,0,12,4,7,0,1,0,36,0.82,3
1056695,1,0,0,13,8,3,1,0,1,84,0.22,4
1056703,1,0,0,10,4,3,1,0,1,32,0.53,2
1056704,1,0,0,12,7,1,0,0,0,66,0.21,3
1056708,1,0,0,13,14,6,0,1,0,61,0.69,3
1056711,1,0,0,13,11,3,0,0,1,72,0.49,3
1056714,1,0,0,12,11,7,0,0,0,69,0.47,4
1056715,1,0,0,10,6,2,1,0,1,66,0.42,3
1057515,1,0,0,12,2,4,0,0,1,58,0.1,1
1057520,1,0,0,11,9,4,0,0,1,52,0.3,3
1057521,1,0,0,15,10,4,0,1,0,85,0.21,3
1057522,1,0,0,14,8,7,1,1,0,39,1.23,3
1057523,0,0,0,13,7,5,1,0,1,45,0.42,3
1057524,1,0,0,12,12,4,0,1,0,68,0.73,4
1057533,1,0,0,10,8,2,0,0,1,68,0.69,3
1057538,1,0,0,10,3,3,0,0,0,61,0.2,1
1057539,1,0,0,10,5,5,1,0,0,44,0.49,4
1057545,1,0,0,14,8,8,0,0,1,52,0.84,4
1057548,1,0,0,12,7,6,0,1,0,51,0.1,4
1057549,1,0,0,10,6,6,1,0,0,59,0.45,4
1057551,1,0,0,13,7,2,1,0,1,70,0.69,3
1058161,1,0,0,13,6,3,1,0,0,66,0.18,3
1058163,1,0,0,11,2,5,0,0,0,78,0.14,3
1058164,1,0,0,13,14,2,0,0,1,58,0.72,3
1058756,1,0,0,12,10,4,1,0,0,56,0.41,4
1058757,1,0,0,10,6,8,1,0,0,56,0.4,3
1058758,1,0,0,11,9,5,1,1,0,54,0.65,3
1058759,1,0,0,15,13,5,0,0,0,41,1.3,4
1058760,1,0,0,10,8,2,0,0,1,58,0.39,3
1058761,1,0,0,15,14,2,1,0,1,50,0.83,4
1058762,1,0,0,13,3,2,1,0,1,71,0.06,3
1058831,1,0,0,13,9,1,0,0,1,38,0.78,4
1059573,1,0,0,10,7,2,0,0,1,62,0.33,3
1059577,1,0,0,12,9,5,0,1,0,62,0.39,3
1059930,1,0,0,12,4,2,0,0,0,53,0.1,4
1059934,1,0,0,12,13,2,1,0,1,70,0.2,4
1059935,1,0,0,13,11,6,0,1,0,52,0.72,3
1060266,1,0,0,10,11,5,1,1,0,49,0.54,4
1060269,1,0,0,10,7,6,1,1,0,54,0.2,3
1060270,1,0,0,12,8,6,1,0,0,76,0.41,4
1060273,0,1,0,13,8,3,1,0,1,52,0.93,4
1060576,1,0,0,12,14,6,0,1,0,62,0.47,3
1061037,1,0,0,13,4,4,1,0,1,64,0.06,1
1061041,1,0,0,12,6,5,0,0,0,71,0.07,3
1061042,1,0,0,9,5,4,0,0,1,61,0.19,3
1061044,1,0,0,10,10,4,0,0,0,62,0.47,3
1062343,1,0,0,12,13,2,1,0,1,62,0.33,4
1096139,1,0,0,9,2,4,0,0,0,45,0.27,4
1096140,1,0,0,13,3,2,0,0,1,56,0.06,3
1096221,1,0,0,13,16,5,0,0,0,67,0.62,3
1096223,0,0,1,12,14,5,1,0,1,53,1.51,3
1096225,1,0,0,11,6,6,1,0,1,51,1.31,4
1096226,1,0,0,12,7,2,0,0,1,27,2.36,3
1096227,1,0,0,13,4,2,1,0,1,38,0.33,3
1096228,1,0,0,15,10,2,0,0,1,75,0.14,4
1096229,1,0,0,12,4,3,0,0,1,57,0.18,4
1096232,1,0,0,10,2,8,0,0,0,65,0.14,3
1096233,1,0,0,11,5,6,0,1,0,78,0.59,3
1096418,1,0,0,12,3,1,0,0,0,27,0.28,3
1096421,1,0,0,9,3,3,0,0,0,62,0.18,2
1096422,1,0,0,13,7,3,0,0,0,33,0.83,4
1096426,1,0,0,13,5,2,1,0,1,54,0.12,3
1096427,1,0,0,13,11,2,0,0,0,78,0.56,4
1096429,0,0,0,11,11,6,1,0,1,41,1.98,3
1096430,1,0,0,9,6,5,0,0,0,50,1.75,3
1096431,1,0,0,10,11,4,1,0,1,56,0.22,2
1096434,0,1,0,13,12,4,1,0,1,49,1.38,4
1096435,1,0,0,11,9,6,0,0,0,62,0.53,3
1096436,1,0,0,13,9,4,0,1,0,29,0.9,3
1096440,1,0,0,12,8,4,0,1,0,62,0.78,4
1096445,0,0,0,13,2,6,0,1,0,60,0.07,1
1096449,1,0,0,10,2,6,0,1,0,56,0.18,3
1096452,1,0,0,15,7,2,1,0,1,40,0.34,3
1096454,1,0,0,13,8,3,0,0,0,40,0.12,3
1096455,1,0,0,10,2,7,1,1,0,63,0.11,2
1096456,1,0,0,11,1,2,1,0,0,42,0.62,3
1096458,1,0,0,13,11,4,1,0,1,60,0.46,3
1096464,1,0,0,10,11,4,0,0,0,69,0.54,4
1096465,1,0,0,11,9,2,0,0,0,44,7.38,4
1096466,1,0,0,12,10,4,1,0,0,73,0.46,3
1096580,1,0,0,11,11,7,1,1,0,53,3.06,3
1096584,1,0,0,13,11,2,0,0,1,80,0.34,3
1096585,0,0,0,12,7,2,1,0,1,26,0.95,3
1096590,1,0,0,10,2,8,1,0,1,45,0.16,3
1096594,1,0,0,10,3,6,1,0,0,66,0.13,3
1096595,1,0,0,10,3,2,1,0,0,75,0.43,3
1096597,1,0,0,13,5,7,1,1,0,68,0.18,3
1096598,1,0,0,10,4,6,0,0,0,59,0.11,3
1096603,1,0,0,12,16,4,1,0,1,55,0.59,4
1096604,0,1,0,10,3,8,1,0,1,35,0.95,3
1096607,1,0,0,8,1,5,0,0,1,57,0.86,2
1096608,1,0,0,5,3,6,0,0,0,81,1.11,3
1096609,1,0,0,9,4,8,1,0,0,34,1.55,4
1096610,0,1,0,12,7,2,0,0,1,58,0.36,3
1096688,1,0,0,12,3,1,0,0,0,29,0.57,3
1096691,1,0,0,12,12,2,1,0,1,65,0.87,4
1096693,1,0,0,15,13,2,1,0,1,50,0.78,3
1096697,1,0,0,12,6,6,0,1,0,32,0.74,3
1096700,1,0,0,9,3,2,0,0,1,72,0.4,4
1096702,1,0,0,12,6,4,1,1,0,65,0.06,4
1096703,1,0,0,12,4,6,0,1,0,29,0.93,3
1096704,1,0,0,8,4,6,0,0,0,87,0.18,3
1096793,1,0,0,12,12,2,1,0,1,29,0.92,4
1096794,1,0,0,12,3,5,1,0,1,72,0.13,2
1096796,1,0,0,10,4,4,1,0,1,56,1.05,2
1096797,0,1,0,12,2,2,0,0,1,58,0.78,4
1096798,0,1,0,8,3,4,1,0,1,75,0.28,2
1096799,1,0,0,12,11,5,1,0,1,87,0.4,1
1096800,1,0,0,12,9,4,0,0,0,35,2.05,3
1096946,1,0,0,11,12,5,0,0,0,65,1.74,3
1096948,0,0,1,12,5,4,0,0,1,43,0.25,3
1096949,1,0,0,13,11,6,0,1,0,83,0.48,4
1096952,1,0,0,15,9,1,0,0,1,62,0.15,3
1096954,1,0,0,10,4,6,0,1,0,53,0.11,3
1096955,1,0,0,9,2,2,1,0,1,63,0.16,3
1096964,1,0,0,10,4,4,0,1,0,32,2.15,3
1096966,1,0,0,15,8,4,0,0,0,64,0.15,3
1096969,1,0,0,10,3,5,0,0,0,28,3.33,3
1097075,0,0,0,12,2,8,1,0,1,25,0.34,2
1097076,1,0,0,10,6,7,1,1,0,54,0.27,3
1097078,1,0,0,9,1,1,1,0,1,26,2.38,3
1097079,1,0,0,13,4,3,1,0,1,43,0.68,1
1097081,1,0,0,12,2,4,1,0,1,80,0.21,2
1097082,1,0,0,13,5,2,1,0,0,66,0.21,3
1097086,1,0,0,11,13,8,1,0,0,53,1.24,3
1097087,1,0,0,9,10,6,0,1,0,53,1.26,3
1097089,1,0,0,9,4,5,1,0,0,64,0.6,4
1097090,1,0,0,12,9,7,0,1,0,73,0.3,3
1097176,1,0,0,13,3,2,1,0,1,78,1.56,4
1097181,1,0,0,12,11,6,1,1,0,60,0.37,3
1097182,1,0,0,9,3,8,1,0,0,25,1.52,3
1097184,0,1,0,13,7,3,1,0,1,81,0.39,4
1097245,1,0,0,9,4,8,0,0,0,45,1.71,4
1097247,1,0,0,12,4,2,1,0,1,59,0.22,3
1097357,1,0,0,11,6,6,0,1,0,59,1.09,3
1097359,0,1,0,13,3,4,1,0,1,29,1.32,3
1098484,1,0,0,10,6,7,1,1,0,34,0.62,4
1098485,1,0,0,9,2,7,0,0,0,33,1.25,3
1098769,1,0,0,12,12,6,0,0,0,67,0.48,4
1098773,1,0,0,10,2,3,1,1,0,58,0.06,2
1098774,1,0,0,9,6,4,0,0,0,82,0.72,4
1099095,1,0,0,14,7,2,1,0,1,54,5.46,4
1099096,1,0,0,9,4,8,1,0,0,63,1.22,3
1099097,1,0,0,11,11,6,1,1,0,62,1.36,3
1099098,1,0,0,9,3,7,0,1,0,76,0.81,3
1099102,0,1,0,11,6,4,1,0,1,61,0.19,4
1099103,1,0,0,12,5,2,1,0,1,24,0.74,3
1099534,1,0,0,11,8,4,0,0,1,60,0.99,4
1099535,1,0,0,9,5,2,1,0,1,72,0.74,3
1099536,1,0,0,13,6,4,1,0,1,43,0.34,3
1099537,1,0,0,11,5,5,0,1,0,33,0.41,4
1099538,0,0,1,14,11,6,0,0,0,77,0.15,3
1099539,1,0,0,13,4,6,1,1,0,81,0.21,3
1101653,0,0,0,10,3,6,1,0,0,27,0.45,3
1101655,1,0,0,8,5,8,0,0,0,60,7.38,4
1101656,1,0,0,12,4,7,1,1,0,67,0.21,4
1101658,1,0,0,7,12,2,1,0,0,30,7.38,4
1102524,1,0,0,9,1,5,0,0,0,66,2.79,2
1102526,1,0,0,8,4,8,0,0,1,49,7.38,3
1102534,1,0,0,15,10,2,0,0,1,75,0.52,4
1102536,1,0,0,13,11,2,1,0,1,45,0.78,4
1102541,1,0,0,10,8,5,1,0,0,47,1.03,3
1102542,1,0,0,14,13,5,0,0,0,68,0.52,4
1102543,1,0,0,10,3,8,1,0,0,61,0.12,2
1102545,1,0,0,13,6,3,1,0,1,67,0.33,3
1102547,0,1,0,10,3,2,1,0,1,54,0.11,3
1102548,1,0,0,11,5,2,1,0,1,74,0.12,1
1102549,1,0,0,12,8,2,1,0,1,86,0.12,3
1102551,1,0,0,10,2,6,1,0,0,75,0.06,4
1102552,1,0,0,10,1,8,1,1,0,58,0.12,2
1102555,1,0,0,12,10,2,1,0,1,42,1.12,4
1102559,1,0,0,8,4,4,0,0,0,51,0.15,4
1102563,1,0,0,3,4,3,0,0,0,71,2.01,4
1102565,1,0,0,11,1,8,0,0,0,58,0.23,2
1102567,1,0,0,12,11,6,0,1,0,69,0.81,4
1102569,1,0,0,13,5,4,0,0,0,68,0.08,2
1102574,1,0,0,10,4,7,1,1,0,67,0.46,3
1102578,0,0,0,12,13,8,0,1,0,49,0.62,3
1102579,1,0,0,15,11,3,0,0,0,47,0.68,4
1102580,1,0,0,13,9,4,1,0,1,45,0.71,3
1102581,1,0,0,13,10,4,1,0,0,69,0.24,4
1103506,1,0,0,11,2,6,1,0,0,48,0.2,3
1104203,1,0,0,9,4,4,1,0,0,30,7.38,3
1106235,1,0,0,14,11,6,0,1,0,83,1.02,4
1106238,1,0,0,10,8,6,0,1,0,77,0.28,3
1106239,1,0,0,9,7,7,0,1,0,52,2.73,3
1106243,1,0,0,9,4,6,1,1,0,79,0.89,2
1106244,1,0,0,10,4,6,1,1,0,61,0.62,3
1106246,1,0,0,10,6,7,1,1,0,84,0.43,2
1106247,1,0,0,12,14,6,0,1,0,58,1.01,4
1106249,1,0,0,12,6,4,0,0,0,62,0.22,4
1106250,0,1,0,12,8,4,0,0,1,54,0.86,4
1106253,1,0,0,9,5,6,1,1,0,57,2.01,4
1106254,1,0,0,11,6,5,1,1,0,70,0.76,3
1106255,1,0,0,12,6,6,1,1,0,66,0.39,3
1106967,1,0,0,12,11,2,0,0,0,59,0.81,4
1106970,1,0,0,12,8,7,1,1,0,71,0.36,4
1107398,1,0,0,10,11,3,1,0,1,48,2.14,4
1110032,1,0,0,10,3,6,1,1,0,55,0.36,4
1110033,1,0,0,12,6,3,0,0,1,51,0.38,2
1114947,1,0,0,11,2,6,0,0,0,65,0.14,3
1115273,0,1,0,10,3,3,1,0,1,59,0.2,1