ISO3,Year,Region,country,iso3c,LandArea,ArablePercent,Population,PopGrowth,RuralPopulation,UrbanPopulation,BirthRatePer1K,FertilityRate,PrimarySchoolAge,LifeExpectancy,AgeDepRatioOld,CO2Emissions,GDP,GDPPerCapita,GDPPerCapGrowth,GNIPerCapita,AdjNetNatlIncome,Inflation,Unemployment,TotalTrade,Exports,Imports,FDIIn,AgriEmployment,MobileCellSubscriptions,NaturalResourceRents,MilitaryExpenditures,GovtExpenditures,PublicEdExpend,WomenBusLawIndex,PaidParentalLeave
AFG,2018,South Asia,Afghanistan,AFG,652230,11.94977232,36686784,2.885207973,74.505,25.495,36.927,5.002,7,63.081,4.551607034,0.165454682,21241130983,578.985909,-1.688576593,NA,NA,0.626149149,11.15200043,NA,NA,NA,0.648439597,43.13000107,59.90264778,0.891281199,1.006746292,NA,3.199790001,38.125,0
ALB,2018,Europe & Central Asia,Albania,ALB,27400,22.31189781,2866376,-0.246732042,39.681,60.319,10.517,1.44,6,79.184,21.81734497,1.782738948,12702457551,4431.539181,4.276325654,4427.83551,10283960047,2.028059631,12.30000019,76.80811813,31.57192721,45.23619092,7.946351351,37.29000092,94.36446759,1.868235884,1.160544785,11.28655961,3.154901266,91.25,0
DZA,2018,Middle East & North Africa,Algeria,DZA,2381741,3.151063445,41927007,1.903325428,27.371,72.629,24.074,3.023,6,76.066,8.843218841,3.948290258,1.756E+11,4188.221757,-0.707950481,4074.865473,1.49033E+11,4.269990205,10.42000008,58.06549177,25.86115082,32.20434095,0.83820748,9.880000114,112.4675177,18.48172445,5.467824356,17.25792953,5.866350174,57.5,0
ASM,2018,East Asia & Pacific,American Samoa,ASM,200,15.95,48424,-2.122935674,12.847,87.153,NA,NA,6,NA,8.952934786,NA,631900763.4,13049.33015,4.874061125,NA,NA,NA,NA,171.8309859,68.23161189,103.599374,NA,NA,NA,0,NA,NA,NA,NA,NA
AND,2018,Europe & Central Asia,Andorra,AND,470,1.765957447,75013,1.580147087,11.938,88.062,7.2,NA,6,NA,18.66126508,6.532201212,2949506390,39319.93641,-0.003870296,NA,NA,NA,NA,NA,NA,NA,NA,NA,110.1329103,0,NA,NA,3.246720076,NA,NA
AGO,2018,Sub-Saharan Africa,Angola,AGO,1246700,3.930376193,31273533,3.464456984,34.486,65.514,40.236,5.519,6,62.144,4.932187254,0.766143022,83724808772,2677.177816,-4.676621686,2436.211367,86958582013,19.63059436,7.421000004,66.37801333,40.83628983,25.5417235,-8.299051356,50.90999985,42.49094914,27.53311928,1.871775866,10.47454356,2.044699907,73.125,0
ATG,2018,Latin America & Caribbean,Antigua and Barbuda,ATG,440,9.090909091,91626,0.554872966,75.401,24.599,10.816,1.371,5,78.511,12.77173496,5.566105586,1554626243,16967.08623,6.292214738,NA,NA,1.207157934,NA,135.0641529,64.52485557,70.53929729,12.75541809,NA,NA,0,NA,15.24220431,2.644079924,66.25,0
ARG,2018,Latin America & Caribbean,Argentina,ARG,2736690,11.92417106,44494502,1.015808349,8.13,91.87,15.187,2.039,6,76.999,17.80928164,3.975771971,5.83118E+11,13105.39716,-3.601609757,12619.20357,4.93294E+11,NA,9.220000267,30.76253595,14.43668575,16.32585021,2.232532213,0.100000001,131.9371685,2.101276936,0.745498855,15.80509716,4.877739906,76.25,0
ARM,2018,Europe & Central Asia,Armenia,ARM,28470,15.65156305,2836557,-0.540251082,36.851,63.149,13.307,1.572,6,75.064,17.03128378,2.013003806,11958639114,4215.899456,5.769882149,4290.803335,10720164677,2.52023382,18.96999931,92.47310702,39.39289403,53.08021299,2.142047626,25.78000069,126.1831509,1.093298247,4.119886153,11.48669032,2.255870104,85,1
ABW,2018,Latin America & Caribbean,Aruba,ABW,180,11.11111111,105962,0.494795263,56.589,43.411,9.881,1.587,6,76.072,19.92015913,NA,3359554779,31705.27905,4.73833114,NA,NA,3.626041414,NA,148.4298674,73.79623168,74.63363573,4.244572582,NA,NA,0.001874913,NA,23.55198883,NA,NA,NA
AUS,2018,East Asia & Pacific,Australia,AUS,7692020,4.026770601,24966643,1.502992982,13.988,86.012,12.6,1.74,5,82.74878049,23.90324633,15.50348628,1.46008E+12,58481.03442,1.348282752,57284.83827,NA,1.911400944,5.300000191,43.38954812,21.87340412,21.516144,4.293573952,2.619999886,110.6519296,5.474623652,1.890112081,19.89569285,5.123449802,96.875,1
AUT,2018,Europe & Central Asia,Austria,AUT,82520,16.08276781,8840521,0.487071925,41.703,58.297,9.7,1.47,6,81.69268293,28.06245902,7.133063919,4.08031E+11,46154.6251,1.92771306,45535.70663,3.28599E+11,1.998379814,4.849999905,107.9236395,55.46221912,52.46142039,-6.287101585,3.690000057,124.2461975,0.144713201,0.744738359,19.33938252,5.224520206,94.375,1
AZE,2018,Europe & Central Asia,Azerbaijan,AZE,82654,25.38171171,9939771,0.866316916,44.32,55.68,14,1.73,6,72.76,8.623747655,3.292832354,52304902011,5262.183808,0.624486168,NA,NA,2.268546904,4.900000095,91.67257654,54.09229386,37.58028267,2.977946112,36.25999832,101.8436601,29.35462409,3.562401234,10.46646357,2.455430031,78.75,1
BHS,2018,Latin America & Caribbean,"Bahamas, The",BHS,10010,0.799200799,401906,0.720668948,16.975,83.025,11.566,1.412,5,73.806,10.81662996,6.966803064,12340765667,30705.60197,1.099781367,28788.45487,10887471125,2.265863467,10,75.66205177,35.85584597,39.8062058,3.85240196,2.25999999,96.71589874,0.01311646,NA,12.37476285,2.249670029,81.25,0
BHR,2018,Middle East & North Africa,Bahrain,BHR,780,2.051282051,1487340,2.072370164,10.713,89.287,13.818,1.93,6,79.857,3.624651844,20.71483283,34243206974,23023.11978,0.016786109,21737.05704,26007442792,2.08766938,1.200999975,150.8060546,79.25252192,71.55353264,0.294085491,0.970000029,140.7017898,13.03690801,4.07429483,16.28607455,2.36661005,40,0
BGD,2018,South Asia,Bangladesh,BGD,130170,59.70884228,163683958,1.161378463,63.368,36.632,18.462,2.04,6,72.567,7.87968833,0.509823919,2.39029E+11,1460.305017,6.080237769,1520.407538,1.99528E+11,5.543621395,4.413000107,32.51463172,12.67478794,19.83984378,0.753510983,39.38999939,98.83168698,0.599715199,1.263999785,5.959166931,1.947955489,49.375,0
BRB,2018,Latin America & Caribbean,Barbados,BRB,430,16.27906977,279688,0.179288798,68.853,31.147,10.913,1.619,5,77.067,20.82097402,4.433511661,4816487750,17220.931,-1.204427376,NA,NA,3.673814104,8.319999695,75.46372938,35.52480663,39.93892276,4.739711145,2.700000048,117.7476331,0.321377221,NA,11.79157556,5.428860188,76.875,0
BLR,2018,Europe & Central Asia,Belarus,BLR,202980,28.14070352,9438785,-0.213824207,21.405,78.595,9.9,1.448,6,74.17560976,23.49106312,6.245507315,58198692498,6165.90933,3.369991519,5947.374436,47312275371,4.872302206,4.760000229,139.3937363,70.45504526,68.93869099,2.376261878,11.31000042,119.8449004,1.990933258,1.182261729,15.73949249,5.381110191,75.625,1
BEL,2018,Europe & Central Asia,Belgium,BEL,30280,28.07133421,11427054,0.455184695,1.999,98.001,10.4,1.62,6,81.59512195,29.21774321,8.196338589,4.84305E+11,42382.31828,1.330652227,42593.1122,3.96408E+11,2.053164999,5.949999809,166.4947871,83.07962947,83.41515763,-7.657179957,0.99000001,99.9891253,0.019239121,0.89139955,23.14146612,6.381370068,100,1
BLZ,2018,Latin America & Caribbean,Belize,BLZ,22810,3.945637878,382066,1.948634454,54.276,45.724,21.015,2.345,5,73.703,6.951143007,1.648929754,2199497511,5756.852249,-0.847617048,5356.124175,1405959490,0.269982623,6.644000053,99.71922246,51.07991361,48.63930886,5.271777406,17.01000023,64.46818089,0.996808197,1.247387935,19.2224622,7.472270012,79.375,0
BEN,2018,Sub-Saharan Africa,Benin,BEN,112760,24.83150053,11940683,2.922392187,52.688,47.312,38.186,5.199,6,60.14,5.718509708,0.621404996,13268812215,1111.22724,3.624268216,1099.955155,11676383003,0.644803622,1.470000029,61.79519449,27.27423062,34.52096387,1.360735733,39.08000183,79.24062635,2.460404125,0.63285754,10.41050539,2.931619883,74.375,0
BMU,2018,North America,Bermuda,BMU,54,5.555555556,63918,0.070427498,0,100,8.3,1.3,5,81.65170732,26.4077715,NA,6819905985,106697.7375,-0.5028993,110034.9242,NA,NA,NA,77.55527038,51.47915638,26.076114,1.320463261,NA,NA,0,NA,11.72832407,1.93595469,NA,NA
BTN,2018,South Asia,Bhutan,BTN,38140,2.46460409,762096,0.787111572,59.105,40.895,13.789,1.569,6,71.129,8.548401203,1.377779115,2336476327,3065.85565,2.247154987,2789.655485,1908680210,2.723963862,2.444000006,84.18701163,30.81770601,53.36930561,0.108279484,56.11999893,92.31829061,1.988697009,NA,17.11690279,6.801033497,71.875,0
BOL,2018,Latin America & Caribbean,Bolivia,BOL,1083300,4.135511862,11606905,1.487474197,30.575,69.425,22.634,2.73,6,67.748,7.853648564,2.00139482,37364958856,3219.200886,2.6847972,3137.845811,32151204775,2.272059872,3.519999981,57.10996463,25.98879507,31.12116957,0.750524781,31.05999947,98.61224848,5.066760145,1.496902342,17.52564467,8.899999619,88.75,0
BIH,2018,Europe & Central Asia,Bosnia and Herzegovina,BIH,51200,20.09765625,3400129,-1.166594811,51.755,48.245,9.067,1.384,6,77.093,24.37881974,6.646806748,17897763141,5263.848266,4.957386161,5231.742818,15394664017,1.41710814,18.39999962,99.89689206,42.60934989,57.28754217,2.981559161,15.72999954,101.7919614,1.034676412,0.852548557,19.76953319,NA,85,0
BWA,2018,Sub-Saharan Africa,Botswana,BWA,566730,0.458066451,2451409,2.042785101,30.554,69.446,25.328,2.903,6,65.422,5.378978963,2.981958516,15734544892,6418.571887,2.08305145,5824.701134,11986296848,3.238015589,22.07099915,87.45510399,44.22814392,43.22696007,1.67893798,20.37000084,137.9300386,0.809852818,2.676088923,29.09879703,6.721310139,63.75,0
BRA,2018,Latin America & Caribbean,Brazil,BRA,8358140,6.671580041,210166592,0.793768154,13.431,86.569,14.133,1.749,6,75.109,12.46245317,2.064980862,1.79774E+12,8553.876187,0.978938493,8316.01281,1.5342E+12,3.664850284,12.32999992,28.87620337,14.6349995,14.24120388,4.077458782,9.260000229,99.64002652,3.76454189,1.469677724,19.89508778,6.088510036,81.875,0
VGB,2018,Latin America & Caribbean,British Virgin Islands,VGB,150,6.666666667,30335,0.910677707,52.277,47.723,7.114,0.917,5,75.831,11.03741045,NA,NA,NA,NA,NA,NA,NA,NA,NA,NA,NA,NA,NA,131.7092467,NA,NA,NA,2.434390068,NA,NA
BRN,2018,East Asia & Pacific,Brunei Darussalam,BRN,5270,0.759013283,434274,0.924880805,22.371,77.629,15.05,1.848,6,74.712,6.719654798,17.36231034,12784201743,29438.1007,-0.868860057,29686.14685,10223235554,1.025051793,8.699999809,93.89631987,51.93227638,41.96404349,3.804741353,1.059999943,130.3207192,26.12758197,2.636612485,24.1412808,NA,53.125,0
BGR,2018,Europe & Central Asia,Bulgaria,BGR,108560,32.0375829,7025037,-0.722080405,24.992,75.008,8.9,1.56,7,74.96341463,33.52717479,5.82203361,55214628202,7859.692156,3.42891057,7597.763221,46640802855,2.814544738,5.210000038,128.8516588,65.69585291,63.15580588,2.72719038,6.579999924,117.8397093,0.671719737,1.451568367,16.4143433,4.045300007,90.625,1
BFA,2018,Sub-Saharan Africa,Burkina Faso,BFA,273600,21.92982456,20392723,2.768681163,70.642,29.358,37.294,5.069,6,60.047,4.888719671,0.229003261,14194244081,696.0445685,3.693513328,673.4546675,12692539490,1.955943027,4.690000057,60.59562562,28.07890614,32.51671948,1.689199557,27.07999992,94.83338248,8.563762192,2.165041746,18.41940948,5.488609791,80,0
BDI,2018,Sub-Saharan Africa,Burundi,BDI,25680,46.72897196,11493472,2.983823553,86.968,13.032,37.011,5.38,7,61.688,4.801730912,0.060034078,3150727480,274.1319142,-1.377139622,274.7886704,2251241729,-2.814698077,1.587000012,26.59970246,5.685654314,20.91404815,0.036981256,86.25,54.97002994,12.60369115,1.882161447,26.21026746,5.078649998,73.125,0
CPV,2018,Sub-Saharan Africa,Cabo Verde,CPV,4030,12.40694789,571202,1.099860052,34.268,65.732,17.821,1.964,6,75.733,7.847258393,1.067923457,1812401360,3172.960459,3.387764606,3097.748348,1548155080,1.256995667,12.17000008,116.9510672,48.95264437,67.9984228,5.225707593,11.84000015,106.8497659,14.14592073,0.542008419,17.79866074,5.368850231,86.25,0
KHM,2018,East Asia & Pacific,Cambodia,KHM,176520,21.9578518,16025238,1.221445659,76.612,23.388,20.805,2.435,6,70.561,7.345744809,0.909814876,22194442188,1384.968023,6.164475985,1305.863332,19469793108,2.459085154,0.143000007,124.8986128,61.59572751,63.30288532,13.07449807,36.38000107,121.1658947,0.875612452,2.224852375,4.926273171,2.578059435,75,0
CMR,2018,Sub-Saharan Africa,Cameroon,CMR,472710,13.11586385,25076747,2.763737638,43.626,56.374,36.716,4.694,6,61.18,5.113605671,0.382426004,36242614126,1445.267766,1.121795216,1418.235344,29568634651,1.074299452,3.617000103,40.58760288,18.73625347,21.85134941,1.913981821,44.16999817,73.59740879,6.496866814,1.11159531,11.92001884,3.030960083,60,0
CAN,2018,North America,Canada,CAN,8965590,4.315388056,37065084,1.412455869,18.589,81.411,10.1,1.5,6,82.04878049,25.70314168,15.65057904,1.66487E+12,44917.48373,1.335564285,44536.17102,1.35764E+12,2.268225672,5.829999924,66.44771684,32.28018242,34.16753441,2.469312073,1.49000001,89.67401709,2.12446559,1.324681094,20.68152216,4.888979912,97.5,1
CYM,2018,Latin America & Caribbean,Cayman Islands,CYM,240,0.833333333,64884,2.028637661,0,100,9.9,NA,5,NA,9.202640934,NA,5229690028,80600.61075,2.173372972,NA,NA,NA,NA,117.1171234,71.5878498,45.52927357,3.139831733,NA,NA,0,NA,2.111332723,2.166806698,NA,NA
CAF,2018,Sub-Saharan Africa,Central African Republic,CAF,622980,2.889338342,5094780,1.943058623,58.636,41.364,41.831,6.037,6,54.369,4.842769183,0.045144246,1927167157,378.2630765,1.792220305,405.9642173,1894359095,1.61215687,5.605000019,49.6602,15.94003,33.72017,0.810612601,70.30000305,25.10924907,10.86430909,1.43304054,7.700010003,1.565879941,76.875,0
TCD,2018,Sub-Saharan Africa,Chad,TCD,1259200,4.129606099,15604210,3.378127749,76.941,23.059,44.37,6.464,6,52.825,4.068385866,0.140346743,10195006847,653.3497593,-1.026526888,642.6789978,7186383538,4.274621986,1.129999995,74.20475373,36.19068245,38.01407128,4.100753247,75.38999939,44.75798518,24.56557383,2.339468546,3.603393277,2.25948,66.25,0
CHL,2018,Latin America & Caribbean,Chile,CHL,743532,1.631402549,18701450,1.795962799,12.436,87.564,11.94,1.564,6,80.133,17.1922339,4.631191732,2.60077E+11,13906.77022,2.139078184,13332.34495,2.03044E+11,2.434889814,7.230000019,58.17705063,28.52904474,29.64800589,2.626803555,9.220000267,134.6365175,5.762859827,1.86392777,14.85647376,5.433169842,77.5,1
CHN,2018,East Asia & Pacific,China,CHN,9424702.9,12.67676035,1402760000,0.467672053,40.848,59.152,10.86,1.554,6,77.744,16.36981631,7.487331894,1.34934E+13,9619.192484,6.251700556,9577.068309,1.00213E+13,2.0747904,4.28000021,37.5657841,19.11210354,18.45368057,1.693905294,26.06999969,116.3882038,1.477941277,1.739533683,16.53580834,3.542490005,75.625,0
COL,2018,Latin America & Caribbean,Colombia,COL,1109500,5.426768815,49276961,1.895586751,19.222,80.778,14.841,1.787,6,76.748,11.45215773,1.594862888,3.11468E+11,6320.762084,0.638439616,6161.168312,2.60506E+11,3.240569329,9.109999657,36.5347528,15.89971968,20.63503312,3.380835732,16.70999908,130.9211763,5.028679284,3.062105511,15.42148086,4.449100018,81.875,0
COM,2018,Sub-Saharan Africa,Comoros,COM,1861,35.46480387,776313,1.905027581,71.035,28.965,30.859,4.196,6,63.912,7.506250864,0.386442082,1073934162,1383.377789,1.686721598,1390.867834,997796445.9,NA,8.079000473,42.99615334,12.90902299,30.08713035,0.477150042,34.99000168,64.26561932,1.457300205,NA,10.22968894,NA,65,0
COD,2018,Sub-Saharan Africa,"Congo, Dem. Rep.",COD,2267050,5.952228667,87087355,3.272827234,55.54,44.46,42.989,6.302,6,59.942,5.978504208,0.035826095,42619014795,489.382354,2.413839975,471.4267855,37125409422,NA,4.451000214,69.91972915,32.55352826,37.36620089,2.959042576,64.80999756,41.87818082,17.93027347,0.623912515,6.317593895,NA,70,0
COG,2018,Sub-Saharan Africa,"Congo, Rep.",COG,341500,1.610541728,5441062,2.394184625,33.084,66.916,32.337,4.367,6,64.053,4.677598255,1.192781808,9655784261,1774.613901,-7.057420278,1665.051633,3991309169,1.152778964,20.61400032,120.0357623,71.02956895,49.00619337,31.56722194,33.74000168,91.89382514,47.43715565,2.50811728,14.5945705,2.995480061,49.375,0
CRI,2018,Latin America & Caribbean,Costa Rica,CRI,51060,4.945162554,5040734,0.934615301,20.66,79.34,13.562,1.709,6,79.484,13.89973302,1.66047244,62862775555,12470.95672,1.66130831,11812.92813,56045462965,2.221114615,9.630000114,66.94534202,33.73851078,33.20683124,4.829438713,12.39999962,168.5386493,0.934956585,NA,16.19573389,6.769919872,80,0
CIV,2018,Sub-Saharan Africa,Cote d'Ivoire,CIV,318000,11.00628931,25493988,2.566474934,49.221,50.779,35.007,4.611,6,58.849,4.351465369,0.399702062,56350019798,2210.325815,4.18187594,2124.32476,53268518783,0.359409031,3.292999983,46.06748638,22.64068269,23.42680369,1.069324208,41.00999832,132.6110689,3.343354094,1.413435448,10.24097815,3.239939928,78.125,0
HRV,2018,Europe & Central Asia,Croatia,HRV,55964,14.36637839,4087843,-0.893486928,43.053,56.947,9,1.47,7,78.07073171,31.68413096,4.019234669,55313599035,13531.2435,3.723302437,13475.39977,46511381001,1.50012501,8.430000305,99.66432676,49.39294496,50.2713818,2.117234251,6.239999771,105.479914,0.781194028,1.552490005,20.73685152,3.907550097,93.75,1
CUB,2018,Latin America & Caribbean,Cuba,CUB,103800,28.02119461,11328244,-0.072015237,22.963,77.037,10.348,1.631,6,77.496,21.75033344,2.357823427,91169895872,8048.01661,2.322141399,7927.196092,80605007917,NA,1.700000048,27.08345827,14.52273863,12.56071964,NA,17.69000053,47.43291193,1.016118326,2.876207372,30.04497751,8.02E-06,NA,NA
CUW,2018,Latin America & Caribbean,Curacao,CUW,444,NA,159336,-0.525178744,10.855,89.145,10.5,1.7,6,NA,20.22566708,NA,2899702371,18198.66427,-1.651731191,NA,NA,2.583687566,NA,NA,NA,NA,4.20227342,NA,100.9029785,0,NA,NA,6.578791142,NA,NA
CYP,2018,Europe & Central Asia,Cyprus,CYP,9240,11.25595238,1218831,0.849324982,33.19,66.81,10.843,1.32,6,81.382,19.27977956,5.907299543,23701528569,27241.00781,4.366951173,26253.3418,20097748104,1.435491195,8.369999886,148.5279626,74.96730233,73.56066029,-4.337549061,2.170000076,137.0450965,0.004689758,1.780485709,14.53373099,5.152853966,91.25,0
CZE,2018,Europe & Central Asia,Czechia,CZE,77210,32.17199845,10629928,0.334427262,26.208,73.792,10.7,1.71,6,79.02926829,29.98782288,9.492068199,2.09299E+11,19689.5827,2.875468527,18488.50147,1.54658E+11,2.149494949,2.24000001,147.9485233,76.94357596,71.00494736,3.343233058,2.799999952,120.5956604,0.387667241,1.088670001,19.40531101,4.26692009,93.75,1
DNK,2018,Europe & Central Asia,Denmark,DNK,40000,59.71,5793636,0.495838926,12.126,87.874,10.6,1.73,6,80.95365854,30.58680379,5.718343553,3.27708E+11,56563.48847,1.485085157,57758.6792,2.79345E+11,0.813609467,5.130000114,106.9749964,56.55980449,50.41519194,2.456000967,2.190000057,125.1362568,0.635279985,1.277539272,24.27535142,6.792779922,100,1
DJI,2018,Middle East & North Africa,Djibouti,DJI,23180,0.086281277,1057198,1.617728543,22.223,77.777,22.982,2.929,6,63.038,6.841443091,0.378358648,2869607134,2714.351648,3.09308758,2581.722987,2509060225,0.14797085,26.18899918,300.3986867,156.619875,143.7788116,5.834973097,25.46999931,37.36641575,0.267564658,NA,21.3501237,3.627739906,61.875,0
DMA,2018,Latin America & Caribbean,Dominica,DMA,750,8,70823,0.594793081,29.517,70.483,NA,NA,5,NA,13.13088626,2.400350194,537309039.6,7586.646141,2.933518572,NA,NA,0.989191119,NA,106.9605042,29.19325981,77.76724437,14.11091439,NA,108.4675882,0.034904103,NA,27.39071221,5.571549892,62.5,0
DOM,2018,Latin America & Caribbean,Dominican Republic,DOM,48310,18.15359139,10765531,1.10483768,18.926,81.074,19.762,2.381,6,73.232,10.05152864,2.35102193,84993382979,7894.955017,5.807049827,7556.247244,75727483326,3.56443426,5.860000134,52.05596639,23.55143131,28.50453508,3.207863799,9.329999924,83.02096599,0.868758582,0.69399111,10.85985699,3.928489923,86.25,0
ECU,2018,Latin America & Caribbean,Ecuador,ECU,248360,3.897568046,17015672,1.890909307,36.179,63.821,17.658,2.133,6,77.094,11.06284496,2.359001713,1.0169E+11,5976.245345,-0.608002129,5809.267722,79804347453,-0.224103246,3.529999971,46.36213095,22.60468399,23.75744696,1.291252171,28.82999992,92.69594524,7.499928011,2.351887153,14.71635784,4.621459961,89.375,0
EGY,2018,Middle East & North Africa,"Egypt, Arab Rep.",EGY,995450,3.06293636,103740765,1.898930768,57.296,42.704,24.562,3.098,6,71.367,7.324600619,2.389706724,3.7708E+11,3634.834269,3.33314698,3544.736646,3.1889E+11,14.40146578,9.819999695,48.27827106,18.91197548,29.36629558,3.260262789,21.65999985,90.40274284,6.961009684,1.249966196,8.351737504,NA,45,0
SLV,2018,Latin America & Caribbean,El Salvador,SLV,20720,34.7972973,6276342,0.15447668,27.977,72.023,16.536,1.849,7,72.555,12.05162971,1.085026906,25166352422,4009.716555,2.2543629,3784.781453,19977141248,1.090330006,4.010000229,75.63361689,28.93437378,46.69924311,1.586204787,16.70999908,150.3024373,0.661344993,1.128021932,16.10965822,3.605750084,88.75,0
GNQ,2018,Sub-Saharan Africa,Equatorial Guinea,GNQ,28050,4.898752228,1502091,3.481607477,27.857,72.143,32.667,4.513,7,61.191,5.397830392,4.280699257,10634279303,7079.650502,-9.444845259,5282.100729,4873168001,1.349884388,8.623999596,103.6456816,59.61453472,44.0311469,3.024184493,39.15000153,39.35997262,30.48183253,1.072141334,23.52783741,NA,51.875,0
ERI,2018,Sub-Saharan Africa,Eritrea,ERI,121077.714,5.69881919,3445374,1.415949601,59.92,40.08,29.105,4.056,6,67.067,7.223695934,0.246707621,NA,NA,NA,NA,NA,NA,5.947000027,NA,NA,NA,NA,63.75999832,NA,NA,NA,NA,NA,69.375,0
EST,2018,Europe & Central Asia,Estonia,EST,42750,15.97660819,1321977,0.348039138,31.12,68.88,10.9,1.67,7,78.24390244,30.77125055,11.58870366,25926098667,19611.61099,3.423619058,19494.54695,21714728648,3.436326884,5.369999886,145.9202961,74.32389785,71.59639824,4.024653567,3.289999962,145.5233453,1.367343571,2.008665863,19.12917373,5.26320982,97.5,1
SWZ,2018,Sub-Saharan Africa,Eswatini,SWZ,17200,10.1744186,1160428,0.781899444,76.201,23.799,25.718,2.962,6,59.411,6.192610776,0.784193441,4288883799,3695.949942,1.57144252,3427.163593,3486823837,4.815061675,22.79199982,84.77220497,40.44362746,44.32857751,0.667293513,12.5,NA,3.03008589,2.03576227,23.07316631,5.679160118,43.75,0
ETH,2018,Sub-Saharan Africa,Ethiopia,ETH,1128561.429,14.34303848,111129438,2.673321021,79.237,20.763,32.996,4.343,7,65.412,5.491192221,0.15513441,82721152428,744.3675944,3.998440256,741.0401892,69729466700,13.83303566,2.318000078,31.19937494,8.372675866,22.82669908,3.987712538,67.29000092,NA,5.90429714,0.645190438,10.25048168,5.06867981,71.875,0
FRO,2018,Europe & Central Asia,Faroe Islands,FRO,1396,0.047277937,50955,1.433043252,57.936,42.064,13.4,2.5,NA,82.54390244,28.56779284,NA,NA,NA,NA,NA,NA,NA,NA,106.8741681,52.81800664,54.05616147,NA,NA,111.4552056,0,NA,28.40504996,8.781399727,NA,NA
FJI,2018,East Asia & Pacific,Fiji,FJI,18270,4.072249589,918996,-0.0025027,43.752,56.248,20.187,2.53,6,67.81,7.915283932,1.773674744,5246541382,5708.99262,3.814949115,NA,NA,4.081476376,4.333000183,103.23542,47.7487958,55.4866242,8.400461673,17.97999954,110.4466178,1.148918714,1.467606861,20.39216053,4.835710049,74.375,0
FIN,2018,Europe & Central Asia,Finland,FIN,303920,7.383521979,5515525,0.132641041,14.618,85.382,8.6,1.41,7,81.73414634,34.68318383,8.082639791,2.51662E+11,45627.91989,1.00565417,45818.50902,2.05888E+11,1.083820984,7.360000134,78.19216832,38.46878721,39.72338111,-3.834382302,3.710000038,129.6355826,0.527037212,1.362212408,22.90137153,6.275420189,97.5,1
FRA,2018,Europe & Central Asia,France,FRA,547557,33.10413345,67158348,0.358494582,19.556,80.444,11.3,1.87,6,82.67560976,32.83557007,4.572030089,2.56946E+12,38259.69777,1.500539123,38965.01426,2.14629E+12,1.850815083,9.020000458,64.4379526,31.71366721,32.72428539,2.776578144,2.5,109.5588076,0.042895559,1.843008723,23.27159496,5.407169819,100,1
PYF,2018,East Asia & Pacific,French Polynesia,PYF,3471,0.720253529,297606,0.727084625,38.166,61.834,13.777,1.789,6,82.783,12.28846718,NA,5779371136,19419.53837,2.079569782,NA,NA,NA,12.24800014,NA,NA,NA,0.521345707,7.039999962,101.7025866,NA,NA,NA,NA,NA,NA
GAB,2018,Sub-Saharan Africa,Gabon,GAB,257670,1.261303217,2192012,2.391355225,10.63,89.37,29.004,3.679,6,66.306,6.546458926,2.335753584,14876945039,6786.890327,-1.544872184,6173.485267,12343903648,4.749066521,20.74900055,77.0365977,54.29907649,22.73752121,8.175989389,30.59000015,133.692425,22.91552262,1.548722767,10.56580371,2.933459997,57.5,0
GMB,2018,Sub-Saharan Africa,"Gambia, The",GMB,10120,43.47826087,2444916,2.641376345,38.73,61.27,34.924,4.972,7,63.04,4.695697248,0.224956609,1579264906,645.9383087,4.439494294,634.6352707,1227962930,6.520968239,9.475999832,63.10911205,21.7264295,41.38268255,4.89653695,27.70999908,130.1227936,2.56216992,0.702928018,6.824780047,2.365439892,69.375,0
GEO,2018,Europe & Central Asia,Georgia,GEO,69490,4.475464096,3726549,-0.039036546,41.368,58.632,14.395,2.114,6,73.341,21.87560512,2.568059536,16915132067,4539.087522,4.883854929,4356.712125,14296902986,2.615244714,12.67000008,111.7555393,50.55852769,61.19701162,7.219945323,38.90000153,144.7181513,0.471896889,1.897113157,13.20757678,3.52105999,79.375,0
DEU,2018,Europe & Central Asia,Germany,DEU,349380,33.57662144,82905782,0.300526702,22.688,77.312,9.5,1.57,6,80.89268293,33.08614901,8.536196091,3.55904E+12,42928.74124,0.678212594,44302.96511,3.01995E+12,1.732167661,3.380000114,88.51987104,47.30885914,41.2110119,4.198535987,1.25,129.6794748,0.085692934,1.167832867,19.88283885,4.975769997,97.5,1
GHA,2018,Sub-Saharan Africa,Ghana,GHA,227540,11.44677859,30870641,2.122679766,43.94,56.06,29.025,3.731,6,64.122,5.568226993,0.605105683,58648966892,1899.829903,3.96954738,1814.667022,45981599089,7.808765166,4.276000023,67.95851835,33.45489588,34.50362246,4.441407055,31.04999924,132.601312,10.09752054,0.419660326,7.10478049,3.886130095,75,0
GIB,2018,Europe & Central Asia,Gibraltar,GIB,10,NA,32648,0.140996192,0,100,11.242,1.879,5,82.154,30.33533631,NA,NA,NA,NA,NA,NA,NA,NA,NA,NA,NA,NA,NA,125.7197991,NA,NA,NA,NA,NA,NA
GRC,2018,Europe & Central Asia,Greece,GRC,128900,16.61206129,10732882,-0.202880238,20.942,79.058,8.1,1.35,6,81.78780488,33.76312643,6.0580184,2.00141E+11,18647.49572,1.874903163,18298.15265,1.6609E+11,0.625621413,19.29000092,80.15002656,38.9929061,41.15712046,1.898353352,12.27000046,114.4592115,0.108056385,2.716453073,19.77554833,3.597340107,97.5,0
GRL,2018,Europe & Central Asia,Greenland,GRL,410450,NA,56023,-0.263828878,13.184,86.816,14.6,2,NA,71.88658537,11.9712448,NA,2633811257,47013.03495,0.888888638,NA,NA,NA,NA,89.77669063,44.4545789,45.32211172,NA,NA,109.767392,0,NA,43.14239665,10.5601902,NA,NA
GRD,2018,Latin America & Caribbean,Grenada,GRD,340,8.823529412,121838,0.755485367,63.728,36.272,16.92,2.063,5,74.808,14.18728701,2.626438327,1127327546,9252.676059,3.575957486,NA,NA,0.804102313,NA,NA,NA,NA,15.7740194,NA,97.44168486,0,NA,NA,3.552550077,77.5,0
GUM,2018,East Asia & Pacific,Guam,GUM,540,1.851851852,168678,0.042693991,5.22,94.78,17.02,2.671,6,77.439,16.25760515,NA,5814829845,34472.9594,-0.834568542,NA,NA,NA,5.559000015,73.01849406,19.23712021,53.78137384,NA,0.239999995,NA,0,NA,NA,NA,NA,NA
GTM,2018,Latin America & Caribbean,Guatemala,GTM,107160,8.044046286,16346950,1.600385982,48.946,51.054,23.929,2.743,7,72.726,7.655735671,1.120698338,68060272306,4163.484461,1.765136399,4078.27225,57930768930,3.751861867,2.279999971,47.01168207,18.16932653,28.84235554,1.25790634,31.73999977,121.4676927,1.209392043,0.390612897,11.12025855,3.137049913,70.625,0
GIN,2018,Sub-Saharan Africa,Guinea,GIN,245720,12.61598567,12554864,2.533442442,63.86,36.14,35.931,4.669,7,59.349,6.32549107,0.298689018,11433120135,910.652647,3.697806527,878.0928356,9283480251,9.826001808,4.982999802,88.98411154,40.20709553,48.77701601,2.97511257,61.31999969,95.6840313,12.33024561,1.636814205,15.48190477,2.384320021,62.5,0
GNB,2018,Sub-Saharan Africa,Guinea-Bissau,GNB,28120,10.6685633,1924955,2.372337148,56.64,43.36,32.657,4.263,6,60.502,4.913166237,0.166237649,1194956295,620.7710283,-1.090777898,596.3492816,977303488,0.381324703,5.981999874,56.0181155,25.27609497,30.74202053,1.366702549,61.06000137,76.91042128,9.216002789,1.485369528,12.62352003,2.137870073,42.5,0
GUY,2018,Latin America & Caribbean,Guyana,GUY,196850,2.133604267,785514,2.875002859,73.394,26.606,20.77,2.462,6,68.896,8.752382291,3.297204014,4813398364,6127.705381,1.481084365,6099.309482,NA,1.282842884,14.02000046,NA,NA,NA,24.65528995,15.89000034,NA,6.59938113,1.593320009,NA,4.45058012,86.875,0
HTI,2018,Latin America & Caribbean,Haiti,HTI,27560,38.82438316,11012421,1.361131318,44.722,55.278,24.579,2.959,6,64.019,6.872951676,0.298753559,15739297369,1429.231353,0.293353843,1433.736687,15336459481,12.48141112,13.85999966,47.26434584,10.81618973,36.4481561,0.638102588,29.21999931,59.95845963,0.439174146,0.150080164,8.237739965,1.632069945,61.25,0
HND,2018,Latin America & Caribbean,Honduras,HND,111890,9.116096166,9792850,1.709728907,42.904,57.096,21.895,2.46,6,72.814,6.071742388,1.026258974,23730751926,2423.273299,2.084618588,2237.811133,20067980080,4.347349378,5.650000095,103.5511622,41.45481656,62.09634565,5.993854186,30.67000008,77.49076112,1.077590734,1.607694472,13.46225149,6.056469917,75,0
HKG,2018,East Asia & Pacific,"Hong Kong SAR, China",HKG,1050,2.857142857,7452600,0.800230597,0,100,7.2,1.072,6,84.93414634,24.51427475,NA,3.37455E+11,45280.21137,2.027206336,47764.37258,NA,2.40613432,2.819999933,376.8927735,188.339507,188.5532665,26.82552406,0.170000002,265.9712453,6.57E-04,NA,9.925129495,3.326519966,89.375,0
HUN,2018,Europe & Central Asia,Hungary,HUN,91260,47.38110892,9775564,-0.126786952,28.649,71.351,9.6,1.55,7,76.06585366,28.86877871,4.746529359,1.40547E+11,14377.42196,5.496002669,13656.86041,1.11033E+11,2.850247926,3.710000038,163.2615433,83.7558448,79.50569851,-40.08659915,4.849999905,102.7165638,0.381686026,1.116641387,19.69071624,4.622829914,96.875,1
ISL,2018,Europe & Central Asia,Iceland,ISL,100830,1.200039671,352721,2.678142769,6.187,93.813,12,1.71,6,82.86097561,21.18156048,4.819673475,20351154563,57697.59828,2.117008392,NA,15853363317,2.682917683,2.700000048,89.95980558,46.63430082,43.32550475,-2.370984461,4.03000021,116.5506905,1.96E-04,NA,24.14419522,7.561709881,100,1
IND,2018,South Asia,India,IND,2973190,52.29329811,1369003306,1.087527722,65.97,34.03,17.651,2.177,6,70.71,9.382287893,1.791032878,2.58897E+12,1891.137944,5.302408679,1871.037701,2.2709E+12,3.938826467,5.329999924,43.61696933,19.9278286,23.68914073,1.558214793,43.33000183,85.90350833,2.247346135,2.433922067,10.82321853,4.363739967,71.875,0
IDN,2018,East Asia & Pacific,Indonesia,IDN,1877519,14.00784759,267066843,0.966206436,44.675,55.325,17.179,2.234,7,70.338,9.591088802,2.160470329,9.99179E+11,3741.305277,4.162984291,3628.051569,7.99882E+11,3.198346416,4.400000095,43.07430896,21.0027465,22.07156246,1.814289797,29.62999916,119.6084851,4.355009512,0.718949727,9.021231804,3,64.375,0
IRN,2018,Middle East & North Africa,"Iran, Islamic Rep.",IRN,1622500,9.603081664,85617562,1.307882209,25.102,74.898,17.231,1.968,6,76.195,9.396273419,7.445084604,4.46163E+11,5211.111643,-3.523944251,5236.231617,3.03465E+11,18.01411834,12.18999958,58.38490037,30.21775173,28.16714864,0.715444233,17.69000053,103.6264522,36.04264242,2.456250505,15.80691392,3.955359936,31.25,0
IRQ,2018,Middle East & North Africa,Iraq,IRQ,434128,11.51734051,40590700,2.417560687,29.527,70.473,28.429,3.659,6,71.514,5.705326934,4.019393455,1.91222E+11,4710.976282,0.182367803,4671.995653,1.49629E+11,0.367441489,12.9659996,65.80179177,40.80264203,24.99914974,-2.148548348,18.81999969,89.9894631,44.54363235,2.851599465,15.87948985,NA,45,0
IRL,2018,Europe & Central Asia,Ireland,IRL,68890,6.546668602,4867316,1.238875453,36.83,63.17,12.5,1.75,5,82.20487805,21.34748116,7.737323783,3.52099E+11,72339.42185,7.191314506,55060.45652,1.84087E+11,0.488370168,5.739999771,217.0761319,122.7847151,94.29141688,17.46313891,4.769999981,102.8335051,0.137252048,0.286862382,12.01402702,3.392869949,97.5,0
IMN,2018,Europe & Central Asia,Isle of Man,IMN,570,40.52631579,83775,0.23303766,47.412,52.588,8.94,1.621,NA,80.596,33.75402081,NA,8108785332,96792.42414,1.975485594,91882.31327,NA,NA,NA,NA,NA,NA,NA,NA,NA,0,NA,NA,NA,NA,NA
ISR,2018,Middle East & North Africa,Israel,ISR,21640,17.72181146,8882800,1.926622865,7.582,92.418,20.8,3.09,6,82.80243902,19.11837976,6.87621041,3.44157E+11,38744.16044,2.084470629,38732.1454,2.95523E+11,0.817323896,4,58.91495792,29.8939141,29.02104382,5.711437206,0.959999979,126.5301426,0.17820299,5.325955768,22.35236181,6.112339973,80.625,0
ITA,2018,Europe & Central Asia,Italy,ITA,295718,22.73449705,60421760,-0.19006364,29.562,70.438,7.3,1.29,6,83.34634146,35.57585737,5.37687093,1.90893E+12,31593.48026,1.11781662,32036.4922,1.59365E+12,1.137487636,10.60999966,60.30355124,31.3535542,28.94999704,2.115255482,3.75999999,139.1884938,0.106904442,1.359290935,18.88086607,4.256140232,97.5,1
JAM,2018,Latin America & Caribbean,Jamaica,JAM,10830,11.08033241,2811835,0.12309148,44.326,55.674,12.22,1.388,6,71.793,9.334173043,3.062057218,14802050819,5264.196092,1.764583024,5061.91895,13419855045,3.736638822,9.100000381,89.97790604,38.56384829,51.41405776,4.924230845,16.22999954,105.44623,1.44835975,1.349094107,13.4379512,5.413809776,68.125,0
JPN,2018,East Asia & Pacific,Japan,JPN,364500,11.36351166,126811000,-0.126880068,8.384,91.616,7.4,1.42,6,84.21097561,49.10425953,8.801681435,4.58006E+12,36117.22769,0.711770198,37320.87753,3.56512E+12,0.989094598,2.400000095,36.63206385,18.32601765,18.30604619,0.50198877,3.49000001,142.4668807,0.033722402,0.963259651,19.57559117,3.077820063,78.75,1
JOR,2018,Middle East & North Africa,Jordan,JOR,88780,2.264023429,10459865,2.365102658,9.021,90.979,22.999,2.973,6,75.774,5.382212934,2.369055498,41103997001,3929.687142,-0.463137723,3911.464453,37982942883,4.462311085,18.27000046,87.6359155,34.79911596,52.83679954,2.201776874,2.579999924,83.47869848,0.786139545,4.635771938,16.88562963,2.984810114,31.875,0
KAZ,2018,Europe & Central Asia,Kazakhstan,KAZ,2699700,11.01900211,18276452,1.314522985,42.572,57.428,21.77,2.84,7,73.15,11.70116535,11.8513159,2.02016E+11,11053.36206,2.74053638,9437.725541,1.43555E+11,6.019130966,4.849999905,63.52795651,37.62521843,25.90273809,0.196995408,15.77000046,140.6055713,21.57314491,0.835625807,8.321200707,2.615950108,69.375,1
KEN,2018,Sub-Saharan Africa,Kenya,KEN,569140,10.19081421,49953304,2.032734005,72.97,27.03,29.18,3.58,6,62.676,4.714449341,0.350126986,80165170352,1604.802164,3.522084435,1579.50458,66507611123,4.689819761,4.249000072,34.41475318,12.54197533,21.87277784,0.832686432,55.08000183,99.09540718,1.264759001,1.266408803,12.3486894,5.107619762,80.625,0
KIR,2018,East Asia & Pacific,Kiribati,KIR,810,2.469135802,122261,1.565423542,45.943,54.057,28.46,3.41,6,66.855,5.892137506,0.736130112,177978659,1455.727166,3.638995733,2799.795187,339906566.3,0.564030491,NA,99.20707446,10.77042283,88.43665163,-0.583173506,NA,43.62598354,0.041038695,NA,74.75603023,11.96829033,76.25,0
PRK,2018,East Asia & Pacific,"Korea, Dem. People's Rep.",PRK,120410,18.96021925,25638149,0.476315092,38.101,61.899,13.488,1.845,7,73.031,15.31552793,1.970891065,NA,NA,NA,NA,NA,NA,2.625999928,NA,NA,NA,NA,44.54000092,NA,NA,NA,NA,NA,NA,NA
KOR,2018,East Asia & Pacific,"Korea, Rep.",KOR,97520,14.08941756,51585058,0.433519028,18.541,81.459,6.4,0.977,6,82.62682927,19.85693708,12.22524582,1.6019E+12,31053.63793,2.462246216,31227.55149,1.30393E+12,1.47583935,3.819999933,78.98886551,41.71329084,37.27557467,0.706300894,5,128.4051056,0.020696088,2.496843576,16.05172731,4.458079815,85,1
KWT,2018,Middle East & North Africa,Kuwait,KWT,17820,0.448933782,4317185,4.55608227,0,100,13.443,2.165,6,79.722,4.152995133,21.16888653,1.15098E+11,26660.37973,-2.128275932,30464.88257,1.2354E+11,0.543133148,2.164999962,103.1154583,57.49549486,45.61996345,-0.015470544,1.860000014,164.4554959,45.73725798,5.099953149,23.05434932,6.38917017,29.375,0
KGZ,2018,Europe & Central Asia,Kyrgyz Republic,KGZ,191800,6.715328467,6322800,1.99032207,63.649,36.351,27.1,3.3,7,71.4,6.507038917,1.779275005,7572253084,1197.610724,1.713209106,1158.213031,6712171740,1.542661452,6.886000156,98.8755599,31.60173001,67.2738299,1.743691279,20.43000031,140.3591937,4.69625913,1.571122175,17.16970011,5.552670002,76.875,0
LAO,2018,East Asia & Pacific,Lao PDR,LAO,230800,5.924610052,7105006,1.518707268,64.996,35.004,23.238,2.619,6,67.634,6.51043545,2.724839446,17534840493,2467.955762,4.646555619,NA,NA,2.040392669,0.827000022,NA,NA,NA,7.485644375,62.36999893,51.54585373,3.833695147,NA,NA,2.335012197,88.125,0
LVA,2018,Europe & Central Asia,Latvia,LVA,62227,20.81090202,1927174,-0.779138396,31.858,68.142,10,1.6,7,74.78292683,32.56014676,4.042188179,29984306272,15558.69178,4.805259633,15812.12551,23905106972,2.534454242,7.409999847,123.5823616,61.45894175,62.12341987,1.242577673,6.96999979,106.9512252,0.980807449,2.062277415,18.18736623,4.243569851,100,1
LBN,2018,Middle East & North Africa,Lebanon,LBN,10230,13.40957967,5950839,-2.627212541,11.407,88.593,16.311,2.148,6,79.729,13.29162161,4.66992989,50232192261,8441.194975,0.914540816,8257.825734,42611151211,6.076989079,10.79599953,68.2573073,20.75452116,47.50278615,4.84140309,11.68999958,74.34556707,0.001056912,4.952761494,15.336853,2.524470091,52.5,0
LSO,2018,Sub-Saharan Africa,Lesotho,LSO,30360,14.14031621,2198017,1.254413132,71.847,28.153,27.262,3.139,6,53.733,6.796771452,0.332117549,2369809388,1078.157898,-1.175931228,1205.45002,2201527452,4.751803016,22.81299973,142.784048,48.86213682,93.92191119,1.600710292,44.90999985,71.9803805,3.368272514,1.788602874,38.1308121,7.285359859,78.125,0
LBR,2018,Sub-Saharan Africa,Liberia,LBR,96320,5.1910299,4889391,1.915395937,48.849,51.151,32.706,4.336,6,60.853,6.250220533,0.231112626,3292571599,673.411392,-0.76155482,NA,NA,23.5635149,3.029999971,NA,NA,NA,3.772684939,42.77999878,NA,13.08809478,0.938216027,NA,2.503910065,81.25,0
LBY,2018,Middle East & North Africa,Libya,LBY,1759540,0.977528218,6477793,1.548437626,19.898,80.102,19.282,2.581,6,72.794,7.375025372,8.740631096,68634305688,10595.32246,6.282836896,NA,NA,NA,19.45499992,63.7811336,39.61350442,24.16762918,0,16.95999908,NA,43.79356695,NA,35.33794002,NA,50,0
LIE,2018,Europe & Central Asia,Liechtenstein,LIE,160,9.25,38181,0.767717718,85.662,14.338,9.9,1.58,7,83.04146341,26.01742498,3.666745255,NA,NA,NA,NA,NA,NA,NA,NA,NA,NA,-1303.130921,NA,123.8102721,0.003207208,NA,NA,NA,NA,NA
LTU,2018,Europe & Central Asia,Lithuania,LTU,62630,33.7697589,2801543,-0.954190459,32.321,67.679,10,1.63,7,75.6804878,30.60142511,4.158422562,46067411257,16443.58529,4.990353856,15936.95419,38882647811,2.697927792,6.150000095,148.5947801,75.20540489,73.38937524,2.418246759,7.179999828,130.8936876,0.379349986,1.967419142,16.37180929,3.892930031,93.75,1
LUX,2018,Europe & Central Asia,Luxembourg,LUX,2574.46,24.12700139,607950,1.928837514,9.019,90.981,10.3,1.38,6,82.29512195,20.6352585,15.33020757,64671765569,106376.7836,-0.714325922,74904.15239,37751022527,1.528195243,5.590000153,362.4239045,197.5013375,164.922567,-36.68261874,1.049999952,131.3674819,0.013113588,0.529797026,16.80366668,3.647490025,100,1
MAC,2018,East Asia & Pacific,"Macao SAR, China",MAC,32.9,NA,650991,1.920344372,0,100,10.621,1.104,6,84.928,13.8034495,NA,52389983871,80477.27829,4.43968499,72698.30187,NA,3.004462932,1.830000043,115.6306648,82.52991936,33.10074549,2.774918581,0.400000006,335.0574739,3.69E-04,NA,9.421824268,2.728780031,NA,NA
MDG,2018,Sub-Saharan Africa,Madagascar,MDG,581800,5.156411138,26846541,2.554077041,62.809,37.191,32.088,4.043,6,65.27,5.474672046,0.124783297,12629254614,470.4239036,0.592066851,454.5736617,10654745228,8.594229589,1.843000054,67.84150467,31.53602365,36.30548101,4.447928047,64.68000031,39.68745918,4.812913909,0.605686111,13.60330525,2.844099998,69.375,0
MWI,2018,Sub-Saharan Africa,Malawi,MWI,94280,38.18413237,18367883,2.685561427,83.063,16.937,33.925,4.14,6,63.276,5.654994326,0.07513114,7091106972,386.0601122,1.625495537,NA,NA,12.42017811,5.757999897,NA,NA,NA,0.779423469,76.63999939,38.52869707,4.998435729,0.847025846,NA,3.3229599,77.5,0
MYS,2018,East Asia & Pacific,Malaysia,MYS,328550,2.514077005,32399271,1.31563682,23.964,76.036,15.978,1.881,6,75.644,9.378253623,7.543688365,3.49191E+11,10777.74825,3.472766705,10551.20146,2.39351E+11,0.884709161,3.299999952,130.4025529,68.55494005,61.84761286,2.31456942,10.63000011,130.908501,8.072855552,0.96066525,11.96945626,4.478650093,50,0
MDV,2018,South Asia,Maldives,MDV,300,13,489758,3.599640348,60.192,39.808,15.531,1.784,6,80.013,5.711856803,4.287831755,5065522983,10342.91014,4.30030192,9537.804344,3436268164,-0.133373386,5.618999958,153.8325542,70.11318519,83.71936905,10.85949978,8.609999657,175.1750865,0.002583965,NA,14.78209829,3.912489891,73.75,0
MLI,2018,Sub-Saharan Africa,Mali,MLI,1220190,5.254099771,19934298,3.174850089,57.644,42.356,42.901,6.183,7,59.393,5.182273766,0.274401426,15301000870,767.5715929,1.473176725,745.526595,12344517273,0.299546507,7.427999973,60.1447828,24.5223744,35.6224084,2.737385338,63,110.1396447,7.62424055,2.806944707,15.87721984,3.90557003,60.625,0
MLT,2018,Middle East & North Africa,Malta,MLT,320,28.34375,484630,3.491955403,5.388,94.612,9.2,1.23,5,82.44878049,27.722486,3.198316143,13503827804,27864.20115,2.525593531,25772.14653,NA,1.157823625,3.660000086,272.9965264,145.2211501,127.7753763,29.18433751,1,125.2767573,0,0.436480245,15.51138557,5.136470795,88.75,0
MHL,2018,East Asia & Pacific,Marshall Islands,MHL,180,11.11111111,45989,-2.571619347,22.969,77.031,NA,NA,6,NA,5.361338555,3.913979585,201150200,4373.876362,6.908242472,5516.238354,NA,NA,NA,129.0022722,39.84701426,89.15525791,4.446285517,NA,NA,0,NA,57.7062187,15.19999981,56.25,0
MRT,2018,Sub-Saharan Africa,Mauritania,MRT,1030700,0.388085767,4270712,2.626187803,46.328,53.672,34.183,4.607,6,65.31,6.285886302,0.86402456,6952878007,1628.0372,2.056475342,1616.361313,7264064163,3.048914829,10.38500023,89.14672949,36.5862504,52.56047909,10.34167724,31.52000046,106.9260114,2.752207232,2.112482087,12.9844028,NA,48.125,0
MUS,2018,Sub-Saharan Africa,Mauritius,MUS,2030,36.94581281,1265303,0.054547267,59.207,40.793,10.2,1.41,5,74.41634146,15.18086679,3.264040403,13481538349,10654.79047,3.950023208,10799.87344,12672094029,3.216053831,6.429999828,98.08717981,46.09626695,51.99091285,3.125141632,6.199999809,148.0645463,0.002373992,0.162491818,14.56243113,4.834589958,89.375,0
MEX,2018,Latin America & Caribbean,Mexico,MEX,1943950,10.23688881,124013861,0.951668644,19.844,80.156,16.465,1.996,6,74.015,11.59441225,3.649350191,1.25507E+12,10120.36354,1.227050123,9841.469218,9.94369E+11,4.899350154,3.279999971,80.55938423,39.25755173,41.3018325,3.095515957,12.81000042,96.89668563,2.972463572,0.477494205,11.57032778,4.254220009,88.75,0
FSM,2018,East Asia & Pacific,"Micronesia, Fed. Sts.",FSM,700,2.857142857,110929,0.450852096,77.297,22.703,21.2,2.84,6,71.318,7.768861728,1.532511803,328598163.6,2962.238581,-0.23913578,NA,NA,1.79400376,NA,100.8514618,35.47473045,65.37673136,NA,NA,NA,0.016415588,NA,NA,9.697050095,61.25,0
MDA,2018,Europe & Central Asia,Moldova,MDA,32885.3,51.13835057,2707203,-1.757004421,57.371,42.629,13.443,1.809,7,70.492,18.50923947,3.154547318,8830217599,3261.74934,6.150253306,3419.064277,8178548314,3.045053973,4.110000134,85.86622521,30.13870489,55.72752033,2.560868034,24.45999908,115.7581058,0.257590121,0.32637511,15.19109061,5.439730167,87.5,1
MCO,2018,Europe & Central Asia,Monaco,MCO,2.027,NA,37029,-0.040500588,0,100,5.9,NA,6,NA,67.59727526,NA,6623286015,178867.5367,5.999192023,NA,NA,NA,NA,NA,NA,NA,NA,NA,88.27945664,0,NA,NA,NA,NA,NA
MNG,2018,East Asia & Pacific,Mongolia,MNG,1557255,0.852397327,3163991,2.17135598,31.555,68.445,23.836,2.923,6,71.199,6.18681702,6.811017869,13422599496,4242.300151,5.430572573,3844.902776,10530339650,6.824247901,5.380000114,126.3558732,58.16478228,68.19109096,14.80888001,26.65999985,133.4403606,19.96971052,0.730921186,12.69298481,9.859838486,85,1
MNE,2018,Europe & Central Asia,Montenegro,MNE,13450,0.68401487,622227,-0.023461353,33.187,66.813,11.7,1.76,6,76.84146341,22.79155441,4.017826292,4593139638,7381.77488,5.102544398,7473.404727,4472753416,2.611223783,15.17000008,109.6092968,42.87500027,66.73429649,8.819206598,8.020000458,179.6504897,0.829253651,1.369294764,18.50445945,NA,78.75,1
MAR,2018,Middle East & North Africa,Morocco,MAR,446300,17.59393054,35927511,1.117897027,37.547,62.453,18.813,2.415,6,73.986,10.00339449,1.808085149,1.20178E+11,3296.210449,1.899445896,3246.76416,97383246591,1.803916711,9.265000343,77.25488752,33.82843737,43.42645015,2.783378775,34.15000153,124.1715549,2.943530746,3.118587555,17.99576151,5.348849773,75.625,0
MOZ,2018,Sub-Saharan Africa,Mozambique,MOZ,786380,7.184821588,29423878,2.946887151,64.012,35.988,37.753,4.852,6,60.526,4.849588593,0.236202713,17772233412,604.0071745,0.439919453,592.4193705,13721320232,3.9113344,3.45600009,127.2041569,44.87000288,82.33415399,11.30357493,70.58999634,47.83274319,15.98567655,1.335336546,21.83751054,5.452189922,82.5,0
MMR,2018,East Asia & Pacific,Myanmar,MMR,652700,16.97609928,52666014,0.719693109,69.421,30.579,17.869,2.213,5,66.465,8.890904842,0.625450763,78394969160,1488.530519,5.641937103,1450.328235,61879031713,6.872328657,0.870000005,62.44890703,28.35971336,34.08919366,2.633409401,48.16999817,116.0975729,7.122078848,2.307457006,18.39860453,2.157480001,58.75,0
NAM,2018,Sub-Saharan Africa,Namibia,NAM,823290,0.971711062,2405680,1.725164552,49.968,50.032,29.008,3.462,7,62.586,6.523195985,1.758338607,11341482623,4714.460204,-0.668554293,4529.331416,10197225026,4.291591053,19.87999916,81.71386678,35.88256521,45.83130157,1.712992678,22.59000015,114.6990872,1.222646956,3.140659563,25.36752445,8.881119728,86.25,0
NRU,2018,East Asia & Pacific,Nauru,NRU,20,NA,11924,2.05039802,0,100,NA,NA,6,NA,3.179108714,5.031868388,89620006.42,7515.934789,3.944289443,NA,NA,NA,NA,148.125,57.5,90.625,NA,NA,NA,0,NA,NA,5.877160072,NA,NA
NPL,2018,South Asia,Nepal,NPL,143350,14.74502965,28506712,1.140549365,80.26,19.74,21.026,2.104,5,68.979,9.347645138,0.532856949,28695046274,1006.606664,6.401863287,1013.721161,28342025386,4.061163388,3.193000078,48.44738695,7.815641022,40.63174592,0.206157198,65.08000183,137.4358818,0.424053405,1.539234028,8.061536277,3.664405584,71.875,0
NLD,2018,Europe & Central Asia,Netherlands,NLD,33670,30.32373032,17231624,0.583933409,8.51,91.49,9.8,1.59,6,81.81219512,29.1364533,8.783850008,8.24134E+11,47826.81912,1.764937264,47596.6796,6.94006E+11,1.703497947,3.829999924,158.8232102,84.68346368,74.13974653,-37.67603915,2.099999905,122.1100816,0.36723096,1.216674182,24.36875555,5.357649803,97.5,0
NCL,2018,East Asia & Pacific,New Caledonia,NCL,18280,0.326586433,271170,0.13284625,29.317,70.683,15.152,2.076,6,80.00309756,14.49633206,NA,NA,NA,NA,NA,NA,NA,14.84700012,NA,NA,NA,-2.531054725,1.929999948,NA,0.943151461,NA,NA,NA,NA,NA
NZL,2018,East Asia & Pacific,New Zealand,NZL,263310,1.969161824,4900600,1.791240168,13.462,86.538,11.84,1.71,5,81.85853659,22.99647654,6.603273193,1.97814E+11,40365.1957,1.524290743,39905.2016,1.65514E+11,1.598297038,4.329999924,55.78776928,27.87152292,27.91624636,1.187285639,5.909999847,130.5976242,1.445671833,1.209978915,18.2226836,6.048500061,94.375,1
NIC,2018,Latin America & Caribbean,Nicaragua,NIC,120340,12.49792255,6572233,1.405104723,41.478,58.522,21.704,2.404,6,73.85,7.505440736,0.777513538,13487098743,2052.133383,-4.712051831,1949.015677,11384507326,4.94723728,5.199999809,93.9844959,42.27714678,51.70734912,6.430591725,30.32999992,113.2267851,1.999345079,0.622743176,14.80262197,4.46999979,86.25,0
NER,2018,Sub-Saharan Africa,Niger,NER,1266700,13.97331649,22577058,3.787596499,83.575,16.425,46.127,7.023,7,62.454,4.98754059,0.086370866,11527239153,510.5731293,3.226030307,534.5615651,11761014132,2.96760366,0.545000017,38.13411322,11.83526986,26.29884336,3.638493439,72.86000061,NA,6.711961429,2.471940558,15.20883046,3.457279921,56.875,0
NGA,2018,Sub-Saharan Africa,Nigeria,NGA,910770,38.4290216,198387623,2.496644904,49.656,50.344,38.248,5.447,6,52.554,5.668497961,0.553915601,4.98366E+11,2512.080983,-0.590389272,2407.910703,3.67056E+11,12.09473155,8.456000328,33.00783349,15.49688918,17.51094431,0.183821514,35.52999878,87.06722748,11.47682274,0.506944514,5.60432946,NA,63.125,0
MKD,2018,Europe & Central Asia,North Macedonia,MKD,25220,16.5741475,2076217,0.08263629,42.037,57.963,10.3,1.42,6,76.64878049,19.8097946,3.51601022,10764550801,5184.694471,2.795615119,4955.386152,9149085791,1.458312985,20.73999977,133.2152076,60.37513732,72.84007033,5.114947894,15.72000027,93.16855383,0.574138033,0.943108733,14.28372559,NA,85,0
MNP,2018,East Asia & Pacific,Northern Mariana Islands,MNP,460,0.173913043,50304,-0.841314238,8.382,91.618,NA,NA,NA,NA,10.17633675,NA,1168109091,23220.99815,-18.66358708,NA,NA,NA,NA,108.9093702,50.76804916,58.14132104,NA,NA,NA,0,NA,NA,NA,NA,NA
NOR,2018,Europe & Central Asia,Norway,NOR,365108,2.199924406,5311916,0.660090844,17.752,82.248,10.4,1.56,6,82.75853659,26.17783561,7.076542655,4.03459E+11,75953.58195,0.453550486,80047.17154,3.28263E+11,2.764831345,3.799999952,70.20962886,37.97169307,32.23793579,-1.296183832,2.109999895,107.6910276,8.064159453,1.726244408,23.24519542,7.644110203,96.875,1
OMN,2018,Middle East & North Africa,Oman,OMN,309500,0.247689822,4601157,1.297249487,15.461,84.539,19.816,2.883,6,77.966,3.435303516,16.43064961,84001727416,18256.65315,-0.018356673,17218.81281,52018109211,0.881302104,1.799999952,89.27921783,50.62130514,38.65791269,6.492723965,4.139999866,139.9674164,28.97396193,9.54295828,21.55866303,5.207230091,35.625,0
PAK,2018,South Asia,Pakistan,PAK,770880,40.42133665,219731479,1.537172403,63.334,36.666,28.594,3.685,5,66.482,6.971403353,0.852449537,3.16507E+11,1440.425395,4.532445206,1418.035048,2.62448E+11,5.078057259,4.079999924,27.62605637,8.581799708,19.04425666,0.487745671,37.41999817,70.07944774,1.232641051,4.129131364,10.99362564,2.597406626,52.5,0
PLW,2018,East Asia & Pacific,Palau,PLW,460,0.652173913,17864,0.151256296,20.07,79.93,14,NA,6,NA,11.84822908,13.99462606,269084659.6,15062.95676,-0.04319725,NA,NA,2.109704641,NA,NA,NA,NA,7.546507547,NA,NA,0,NA,NA,6.53000021,56.25,0
PAN,2018,Latin America & Caribbean,Panama,PAN,74180,7.61660825,4165255,1.675122976,32.291,67.709,18.814,2.441,6,77.863,12.21725961,2.415218377,62154476592,14922.13,1.963037847,13889.66864,52070124876,0.761578359,3.832999945,89.99051878,42.79097004,47.19954874,8.112290783,14.21000004,137.3834585,0.099242155,NA,11.54482053,2.88293004,79.375,0
PNG,2018,East Asia & Pacific,Papua New Guinea,PNG,452860,0.662456388,9329227,2.325313322,86.831,13.169,26.834,3.382,7,65.182,4.727120316,0.810356522,23659798307,2536.094181,-2.571319961,NA,NA,4.374489215,2.563999891,NA,NA,NA,4.706207404,57.31999969,46.09170728,17.10539017,0.37621677,NA,1.874830008,60,0
PRY,2018,Latin America & Caribbean,Paraguay,PRY,397300,11.91542915,6443328,1.373970221,38.415,61.585,21.664,2.561,6,73.568,9.191417643,1.314538119,40841122661,6338.513678,1.795951631,6124.949477,36481702448,3.975610157,6.21999979,72.52858607,36.94523036,35.58335571,0.481848416,20.07999992,115.4634996,1.438899601,0.961156153,11.5202343,3.283200026,94.375,0
PER,2018,Latin America & Caribbean,Peru,PER,1280000,2.979961719,32203944,1.87582164,22.093,77.907,18.092,2.26,6,76.009,12.5299879,1.695133992,2.10308E+11,6530.502977,2.037249793,6202.996253,1.75306E+11,1.50915423,3.49000001,48.63147017,25.19218467,23.4392855,2.638243787,27.79000092,130.8994047,5.94194623,1.174986356,13.07744249,3.714299917,95,0
PHL,2018,East Asia & Pacific,Philippines,PHL,298170,18.74769427,108568836,1.700247766,53.093,46.907,22.445,2.831,6,71.689,7.777946838,1.276333177,3.73379E+11,3439.103546,4.548700918,3801.584728,3.69286E+11,5.309346616,2.339999914,72.1633983,30.21360537,41.94979293,2.868336627,24.29000092,123.9757392,1.042417991,0.819584674,12.04278365,3.864053249,78.75,0
POL,2018,Europe & Central Asia,Poland,POL,306170,35.95714799,37974750,-2.00E-04,39.942,60.058,10.2,1.46,7,77.60243902,25.55226265,8.213615723,5.47155E+11,14408.38439,5.945420508,13801.80937,4.59197E+11,1.812951565,3.849999905,103.4504958,52.74802893,50.70246686,2.993295142,9.619999886,125.3471416,2.721295488,2.04957213,17.65069085,4.615799904,93.75,1
PRT,2018,Europe & Central Asia,Portugal,PRT,91605.6,10.19186818,10283822,-0.160104021,34.789,65.211,8.5,1.42,6,81.32439024,33.65971165,4.813385529,2.16553E+11,21057.61748,3.01412373,20563.03243,1.72982E+11,0.993715683,6.989999771,86.42876093,43.44571903,42.9830419,3.237994991,6.039999962,115.2549871,0.198621927,1.764707683,16.97712782,4.675159931,97.5,1
PRI,2018,Latin America & Caribbean,Puerto Rico,PRI,8870,5.659526494,3193354,-4.048391034,6.422,93.578,6.7,1.035,6,79.77,31.47261058,NA,94801759550,29687.20648,-0.409307044,19808.60051,NA,NA,9.199999809,106.0011034,59.95388186,46.04722157,NA,1.100000024,100.3319104,0,NA,7.976180217,3.649907589,81.25,0
QAT,2018,Middle East & North Africa,Qatar,QAT,11490,1.82767624,2766732,2.007081355,0.865,99.135,10.598,1.848,6,80.898,1.330408099,31.23540631,1.66227E+11,60080.69655,-0.776739175,NA,NA,0.255815383,0.109999999,91.83844898,55.94186317,35.89658581,-1.192496952,1.210000038,142.6223429,20.20961118,NA,16.28098884,NA,29.375,0
ROU,2018,Europe & Central Asia,Romania,ROU,230080,37.75208623,19473970,-0.587493307,46.002,53.998,10.4,1.76,6,75.35853659,27.15598025,3.86105157,2.09897E+11,10778.35956,6.653765808,10569.18666,1.68051E+11,4.625484431,4.190000057,86.4706703,41.54174729,44.92892301,3.018103024,22.30999947,115.4396415,1.122203042,1.805241726,16.66058779,3.344749928,90.625,1
RUS,2018,Europe & Central Asia,Russian Federation,RUS,16376870,7.428098287,144477859,-0.013066892,25.567,74.433,10.9,1.579,7,72.66219512,21.42918398,11.49657125,1.43012E+12,9739.900391,2.815524107,9470.244141,1.13542E+12,2.878297236,4.849999905,51.58090037,30.7932568,20.78764357,0.530060512,5.880000114,157.431312,15.34055182,3.692518759,17.71037832,4.678199768,73.125,1
RWA,2018,Sub-Saharan Africa,Rwanda,RWA,24670,46.68423186,12531808,2.435038415,82.789,17.211,31.158,3.994,7,66.251,5.301050125,0.102938057,10216367626,815.2349307,5.967417432,786.0765486,8147183370,-0.31121016,1.110999942,55.7578897,21.0980867,34.659803,3.797713971,63.34999847,77.40789677,4.525747079,1.251740352,14.73107085,3.073750019,78.125,0
WSM,2018,East Asia & Pacific,Samoa,WSM,2780,4.442446043,209701,0.992505709,81.757,18.243,28.222,4.109,5,72.636,8.516782456,1.382921358,896973258.5,4277.391422,-1.591222875,4131.643535,744000364.8,4.197458887,8.68599987,78.93496762,31.96567648,46.96929114,1.902639269,30.85000038,47.68694475,0.281964722,NA,13.40886426,4.532149792,75,0
SMR,2018,Europe & Central Asia,San Marino,SMR,60,33.08333333,34156,0.293203752,2.774,97.226,6.8,NA,6,NA,28.54828824,NA,1478180472,43277.32967,1.196757217,NA,NA,NA,NA,309.4879564,166.5974977,142.8904588,NA,NA,112.7181169,0,NA,19.41127523,3.555160046,80,0
STP,2018,Sub-Saharan Africa,Sao Tome and Principe,STP,960,4.166666667,211344,1.577599603,27.197,72.803,29.535,4.044,6,68.355,6.750241913,0.662427136,351971392.3,1665.395716,1.333948268,NA,NA,7.857064313,14.06099987,NA,NA,NA,5.748478468,19.61000061,76.9409115,2.240558966,NA,NA,5.235109806,68.75,0
SAU,2018,Middle East & North Africa,Saudi Arabia,SAU,2149690,1.595772832,35018133,2.384150031,16.156,83.844,18.703,2.546,6,77.212,3.211417823,14.88543121,6.76868E+11,19329.07063,0.098979518,19571.87979,5.64358E+11,2.45814158,6.039999962,64.23214225,38.56536939,25.66677286,0.520110012,2.519999981,117.9691219,30.08617552,9.486355659,24.04286941,7.085810184,38.125,0
SEN,2018,Sub-Saharan Africa,Senegal,SEN,192530,16.62078637,15574909,2.714643282,52.808,47.192,33.955,4.584,6,68.097,5.830789784,0.653615395,21565674238,1384.64207,3.364821604,1348.256178,19025966634,0.460985642,3.275000095,61.78931014,22.94889488,38.84041526,3.667626947,30.82999992,106.3244864,2.776229954,1.658240078,13.7845127,4.8582201,63.75,0
SRB,2018,Europe & Central Asia,Serbia,SRB,87460,29.53350103,6982604,-0.546351969,43.908,56.092,9.2,1.49,7,75.8902439,30.79526087,6.606418045,43721764447,6261.527139,5.067594881,5940.980755,35483315678,1.959840763,12.72999954,109.4948657,50.4345613,59.06030441,8.040763794,15.93000031,121.0748239,1.560966536,1.614937596,16.53963166,3.582319975,93.75,1
SYC,2018,Sub-Saharan Africa,Seychelles,SYC,460,0.326086957,96762,0.954291918,43.309,56.691,17.1,2.41,6,72.84146341,10.38763844,5.994088416,1608971156,16628.13043,2.218749465,15422.35611,1250395767,3.702918391,NA,202.5049532,94.91760716,107.5873461,18.80232205,NA,173.563787,0.127704605,1.380046268,24.95991284,4.498839855,76.25,0
SLE,2018,Sub-Saharan Africa,Sierra Leone,SLE,72180,21.94513716,7861281,2.364713067,57.945,42.055,33.099,4.294,6,59.796,5.574935412,0.109396931,4823284726,613.5494617,1.046662513,566.0108893,4337192027,16.02954477,4.659999847,56.69583064,17.46729933,39.22853131,6.130698063,55.36000061,80.84116316,8.047771723,0.751992569,9.240564038,6.989630222,63.125,0
SGP,2018,East Asia & Pacific,Singapore,SGP,714,0.784313725,5638676,0.469704299,0,100,8.8,1.14,6,83.29756098,14.71716311,8.406228967,3.46066E+11,61373.64848,3.175545099,NA,NA,0.438620118,3.642999887,324.3204113,176.5921442,147.7282672,21.53340661,0.059999999,147.3617155,1.88E-04,2.835500815,9.973488437,2.855979919,82.5,1
SXM,2018,Latin America & Caribbean,Sint Maarten (Dutch part),SXM,34,NA,40895,0.788033881,0,100,NA,NA,6,NA,9.756861762,NA,1108000834,27093.79714,-7.333128945,26571.81354,NA,NA,NA,171.7247879,67.48350613,104.2412818,-4.041847287,NA,NA,0,NA,NA,NA,NA,NA
SVK,2018,Europe & Central Asia,Slovak Republic,SVK,48080,28.03660566,5446771,0.13850816,46.274,53.726,10.6,1.54,6,77.26585366,23.03754673,6.058635474,97051840806,17818.23411,3.886398879,17283.67798,77523577997,2.514037129,6.539999962,189.8040297,95.83585114,93.96817856,2.12068481,2.289999962,132.9546485,0.285819393,1.227775557,18.64891933,3.972569942,94.375,1
SVN,2018,Europe & Central Asia,Slovenia,SVN,20136.4,9.027432908,2073894,0.362584395,45.459,54.541,9.4,1.6,6,81.37804878,29.28589687,6.784338879,48702350150,23483.52912,4.076316305,23142.94048,38721371229,1.73860862,5.110000134,161.1424034,84.7926764,76.34972704,2.83905082,5.480000019,117.0914525,0.258801603,0.978114789,18.24690064,4.935870171,93.75,1
SLB,2018,East Asia & Pacific,Solomon Islands,SLB,27990,0.714540907,659249,2.397106679,76.251,23.749,31.219,4.157,6,70.173,6.115628889,0.546075935,1462091791,2217.814196,0.312349383,2187.921842,1347539071,3.46147485,0.723999977,88.49467973,42.12623861,46.36844113,1.547066547,37.90999985,73.11789627,22.92037702,NA,26.83251473,10.81000042,56.875,0
SOM,2018,Sub-Saharan Africa,Somalia,SOM,627340,1.753435139,15411094,3.613058958,55.029,44.971,44.992,6.632,6,56.375,5.173539571,0.042826293,6372546886,413.503862,3.715160735,NA,NA,NA,18.85000038,106.5744536,19.10860656,87.46584699,6.967213107,80.48999786,49.6592909,13.40141618,NA,8.452868852,0.230991215,46.875,0
ZAF,2018,Sub-Saharan Africa,South Africa,ZAF,1213090,9.892093744,57339635,1.22553004,33.645,66.355,21.137,2.418,7,65.674,8.942463382,7.575039606,3.5843E+11,6250.997545,0.285735635,6139.051777,2.97328E+11,4.517165228,26.90999985,54.62771158,27.56264021,27.06507137,1.378035088,5.159999847,161.1938374,3.397164747,0.984961398,19.41096592,5.644010067,88.125,0
SSD,2018,Sub-Saharan Africa,South Sudan,SSD,631930,3.792666909,10395329,-2.497541774,80.385,19.615,30.147,4.696,6,55.95,5.312368066,0.149105425,NA,NA,NA,NA,NA,83.50152949,12.23700047,NA,NA,NA,NA,60.84000015,18.43380633,NA,3.649892575,NA,NA,67.5,0
ESP,2018,Europe & Central Asia,Spain,ESP,499603.479,23.78736818,46797754,0.437982994,19.679,80.321,7.9,1.26,6,83.43170732,29.29925427,5.492571471,1.29816E+12,27739.86477,1.837460464,27713.54681,1.0961E+12,1.674981369,15.25,67.57494025,35.14506267,32.42987759,4.123659565,4.199999809,115.7483421,0.063321657,1.25495924,18.71440094,4.181570053,97.5,0
LKA,2018,South Asia,Sri Lanka,LKA,61864,22.17121428,21670000,1.048392958,81.524,18.476,14.805,2.031,5,75.748,15.33710809,1.00092296,97422055054,4495.710893,1.243075531,4381.35481,81874888281,2.135037737,4.320000172,49.80939675,21.44624861,28.36314814,1.708094288,25.5,140.3243174,0.069635208,1.842977531,8.609156897,2.135390043,65.625,0
KNA,2018,Latin America & Caribbean,St. Kitts and Nevis,KNA,260,19.23076923,47761,-0.050237583,69.224,30.776,NA,NA,5,NA,11.79707501,5.234396265,1015143615,21254.6558,2.103746208,NA,NA,-1.037122141,NA,NA,NA,NA,3.719133994,NA,149.9005465,0,NA,NA,4.420000076,71.25,0
LCA,2018,Latin America & Caribbean,St. Lucia,LCA,610,4.37704918,177888,0.408392601,81.322,18.678,11.986,1.436,5,73.357,11.87436219,2.979402609,1994408432,11211.59624,2.461519698,NA,NA,1.935618932,19.07999992,NA,NA,NA,2.212965377,11.35000038,103.9665407,0.011908775,NA,NA,3.335669994,83.75,0
MAF,2018,Latin America & Caribbean,St. Martin (French part),MAF,50,NA,33852,-1.884529348,NA,NA,17.022,2.517,NA,80.614,12.99964627,NA,NA,NA,NA,NA,NA,NA,NA,NA,NA,NA,NA,NA,NA,NA,NA,NA,NA,NA,NA
VCT,2018,Latin America & Caribbean,St. Vincent and the Grenadines,VCT,390,5.128205128,105281,-0.254233405,47.802,52.198,13.708,1.873,5,74.128,15.30467576,2.374597506,858290512.1,8152.378037,3.314669772,NA,NA,2.324144854,19.18000031,NA,NA,NA,4.70252896,10.31999969,106.8037614,0.022695809,NA,NA,5.693779945,68.125,0
SDN,2018,Sub-Saharan Africa,Sudan,SDN,1868000,11.23920771,41999059,3.191487022,65.358,34.642,35.236,4.681,6,65.681,5.616283511,0.496677809,86181657629,2051.990234,-5.737812284,1932.800903,70011039163,63.29250735,17.57999992,1.295053552,0.611168056,0.683885496,3.512695239,38.95000076,71.66925335,9.168725799,1.783457419,23.02756608,NA,29.375,0
SUR,2018,Latin America & Caribbean,Suriname,SUR,156000,0.397435897,593715,1.042273974,33.94,66.06,18.577,2.418,6,72.553,10.26315857,3.722324749,5195551914,8750.919067,3.86010295,NA,NA,NA,7.926000118,NA,NA,NA,3.277128533,8.020000458,126.7057876,8.61895921,NA,NA,4.922540188,63.125,0
SWE,2018,Europe & Central Asia,Sweden,SWE,407310.64,6.240912341,10175214,1.16164516,12.569,87.431,11.4,1.76,7,82.55853659,31.85709307,3.538991742,5.39113E+11,52983.00686,0.772577449,53574.60011,4.52909E+11,1.953535301,6.360000134,89.1311984,45.68306151,43.44813688,-0.246421088,1.730000019,124.246327,1.033339174,1.032246092,26.05938812,7.640840054,100,1
CHE,2018,Europe & Central Asia,Switzerland,CHE,39516.03,10.07537701,8514329,0.736633975,26.203,73.797,10.3,1.52,7,83.75365854,27.55406302,4.40199099,7.38674E+11,86756.60213,2.10552472,82486.09084,5.40168E+11,0.936335464,4.710000038,124.4285043,67.4781861,56.95031822,-22.10511983,3.029999971,126.7095617,0.012606885,0.644026519,11.26492075,4.863259792,85.625,0
SYR,2018,Middle East & North Africa,Syrian Arab Republic,SYR,183630,25.3880085,19333463,1.827393798,45.838,54.162,18.155,2.886,6,70.145,7.775328353,1.416714605,15515201937,802.5050627,-0.442849729,NA,NA,NA,8.755000114,50.65909911,14.91702771,35.7420714,NA,10.65999985,88.60117817,3.305258733,NA,15.96326334,NA,36.875,0
TJK,2018,Europe & Central Asia,Tajikistan,TJK,138790,6.047986166,9128132,2.244592399,72.866,27.134,28.688,3.294,7,70.353,5.135207358,0.950906528,10189549329,1116.279796,5.211017247,NA,NA,NA,7.012000084,55.84611141,14.37547847,41.47063294,2.844324817,45.75999832,109.5514394,5.32801444,1.082302016,11.22106638,5.5583601,78.75,1
TZA,2018,Sub-Saharan Africa,Tanzania,TZA,885800,14.83370964,58090443,3.189237171,66.224,33.776,37.525,4.923,7,66.535,5.906374885,0.206574427,57011861845,1011.082642,2.140613114,NA,48966830277,3.494458489,2.20600009,32.64260998,14.73914343,17.90346655,1.704410602,65.66999817,74.87851487,3.544414007,1.055236597,8.112586444,3.696439981,81.25,0
THA,2018,East Asia & Pacific,Thailand,THA,510890,32.90336472,71127802,0.323321355,50.051,49.949,9.662,1.378,6,78.662,17.7959988,3.613917211,4.50683E+11,6336.242823,3.886439661,NA,NA,1.063897542,0.769999981,120.8418647,64.8380969,56.00376783,2.602113152,32.13999939,175.8777812,2.143705783,1.357573997,16.17396643,3.198600054,75,0
TLS,2018,East Asia & Pacific,Timor-Leste,TLS,14870,7.585743107,1261845,1.485808227,69.422,30.578,25.921,3.452,6,68.017,9.547038424,0.483419132,1586955336,1257.646807,-2.154900303,1793.903091,1169149028,2.29424307,4.730999947,64.49177324,2.916721641,61.5750516,3.064520368,40.54000092,116.3766548,72.21524553,0.762205693,56.26551457,4.819879055,86.25,0
TGO,2018,Sub-Saharan Africa,Togo,TGO,54390,48.72219158,8046679,2.438994035,58.298,41.702,33.186,4.442,6,60.244,5.320133356,0.287074946,4834325004,600.7851195,2.446820775,603.4237828,4589364863,0.928170504,3.729000092,56.68893419,23.94347526,32.74545893,-2.54453891,33.09999847,76.36078188,4.687115488,1.963332431,14.93827661,4.043940067,84.375,0
TON,2018,East Asia & Pacific,Tonga,TON,720,27.77777778,105150,-0.251703882,76.869,23.131,23.625,3.349,6,70.779,10.50027037,1.521635724,482355982.2,4587.313192,0.493856828,4861.410188,469883123,5.03209692,3.069999933,87.59477361,21.41202884,66.18274477,4.072641254,19.85000038,102.6514503,0.039006486,NA,19.22100105,6.372910023,58.75,0
TTO,2018,Latin America & Caribbean,Trinidad and Tobago,TTO,5130,4.873294347,1504709,1.749909569,46.816,53.184,12.557,1.651,5,73.802,13.73478611,11.81623868,23649372146,15716.90749,-2.590546846,NA,NA,1.018569302,3.336999893,NA,NA,NA,-2.878773807,3.109999895,131.0947831,10.40056034,0.68778771,NA,3.304039955,75,0
TUN,2018,Middle East & North Africa,Tunisia,TUN,155360,16.53900618,11933041,1.02422999,31.055,68.945,17.737,2.174,6,75.95,12.07231116,2.504809913,48556898517,4069.113524,1.544968116,3970.579908,45354706815,7.30759176,15.46000004,103.8718243,45.48574817,58.38607609,2.316786636,14.27999973,123.7705691,2.615142718,2.113384861,18.38802324,NA,64.375,0
TUR,2018,Europe & Central Asia,Turkiye,TUR,769630,25.62659979,82809304,0.87263355,24.857,75.143,16.481,2.054,6,77.563,11.13963762,4.972025981,9.88642E+11,11938.78287,2.085157754,NA,NA,16.3324639,10.89000034,62.55436948,31.15287808,31.4014914,1.606352135,18.43000031,96.74999684,0.523041075,2.523695409,14.68463105,4.294069767,82.5,0
TKM,2018,Europe & Central Asia,Turkmenistan,TKM,469930,4.128274424,6065066,1.6069388,48.407,51.593,23.845,2.786,6,68.796,6.789443908,12.04438716,43000964983,7089.941805,4.507069544,NA,NA,NA,4.234000206,35.15969414,22.66381177,12.49588237,4.89948824,21.69000053,154.6067265,24.03130546,NA,NA,NA,NA,NA
TCA,2018,Latin America & Caribbean,Turks and Caicos Islands,TCA,950,1.052631579,41487,4.040829587,6.902,93.098,13.13,1.723,6,76.443,12.90991021,NA,1040500784,25080.16449,1.428470263,NA,NA,NA,NA,NA,NA,NA,3.793373566,NA,NA,0.00275839,NA,NA,2.743769884,NA,NA
TUV,2018,East Asia & Pacific,Tuvalu,TUV,30,NA,10865,0.341124196,37.613,62.387,23.508,3.209,6,64.212,9.022996924,0.920386542,40284457.6,3707.727345,1.407868498,NA,NA,NA,NA,NA,NA,NA,0.624995158,NA,78.2328578,0,NA,NA,NA,NA,NA
UGA,2018,Sub-Saharan Africa,Uganda,UGA,200520,34.41053262,41515395,3.401277959,76.226,23.774,38.062,4.932,6,62.714,3.143030605,0.14115246,37204541628,896.1625351,2.749030459,831.5412152,31508828735,2.61601191,1.922999978,36.6384056,15.08705306,21.55135254,3.205128111,72.44999695,58.94688705,7.924599844,1.225631547,8.63607273,2.130520105,70,0
UKR,2018,Europe & Central Asia,Ukraine,UKR,579400,56.76389368,44622518,-0.466425621,30.648,69.352,8.7,1.301,6,71.58268293,24.4631922,4.159783074,98783526700,2336.976318,4.016381776,2362.11084,92379450961,10.95185594,8.800000191,99.19981507,45.23523566,53.96457941,3.800871036,14.42000008,127.753861,2.602457019,3.192353265,20.77174914,5.319920063,79.375,0
ARE,2018,Middle East & North Africa,United Arab Emirates,ARE,71020,0.595606871,9140169,0.789450108,13.478,86.522,10.049,1.356,6,79.627,1.447677536,19.37819696,3.98915E+11,43644.14704,0.517239889,43789.66154,3.56258E+11,3.068633793,2.351999998,157.9205731,91.99477687,65.92579627,2.43186976,1.460000038,219.700673,17.27578918,NA,11.68541976,1.510745287,30,0
GBR,2018,Europe & Central Asia,United Kingdom,GBR,241930,24.95675361,66460344,0.605929132,16.602,83.398,11,1.68,5,81.25609756,28.73181247,5.427748177,3.12404E+12,47006.14293,1.090623956,46125.63038,2.60173E+12,2.292839903,4,63.99979605,31.23490667,32.76488938,-0.870539118,1.070000052,118.7527408,0.661331868,1.919549198,18.46464047,5.167990208,97.5,1
USA,2018,North America,United States,USA,9147420,17.24385674,326838199,0.526435396,17.744,82.256,11.6,1.7295,6,78.63902439,23.43948429,15.22254765,1.9482E+13,59607.39366,2.404867872,61024.3293,1.67069E+13,2.442583297,3.900000095,27.61037927,12.36098922,15.24939006,1.045703992,1.370000005,104.847944,0.671278036,3.311158561,13.96251886,4.912330151,91.25,1
URY,2018,Latin America & Caribbean,Uruguay,URY,175020,12.2945949,3427042,0.141387932,4.666,95.334,11.605,1.658,6,77.611,23.31036362,1.908351273,55319478843,16142.04869,0.335943932,15201.86884,45486478225,7.606533604,8.340000153,47.82535034,26.3964363,21.42891404,2.417098914,8.359999657,130.1172556,1.968530627,2.133948636,NA,4.662799835,88.75,0
UZB,2018,Europe & Central Asia,Uzbekistan,UZB,440587,9.123737196,32956100,1.736986377,49.522,50.478,23.3,2.604,7,71.149,6.988976417,3.412721809,1.00427E+11,3047.308384,3.540796763,NA,NA,17.52417965,5.835000038,71.5261432,26.96189757,44.56424563,1.186869129,26.64999962,71.57614633,20.52722773,3.555482552,13.46256731,5.900000095,64.375,1
VUT,2018,East Asia & Pacific,Vanuatu,VUT,12190,1.640689089,297298,2.403028127,74.726,25.274,30.889,3.855,6,69.795,6.551956292,0.706361945,837068173.2,2815.586291,0.456982334,2909.71958,885605867,2.330963796,1.809000015,97.54991466,47.21549637,50.33441829,4.108663913,57.63999939,84.57103647,0.602038142,NA,16.91839003,NA,55.625,0
VEN,2018,Latin America & Caribbean,"Venezuela, RB",VEN,882050,2.947678703,29825653,-2.443543225,11.792,88.208,17.832,2.272,6,71.979,11.20163643,4.430079197,NA,NA,NA,NA,NA,NA,5.021999836,NA,NA,NA,NA,7.539999962,69.50784615,NA,0.150853893,NA,NA,85,0
VNM,2018,East Asia & Pacific,Vietnam,VNM,313429,22.18078097,94914330,0.932840032,64.081,35.919,15.873,1.937,6,73.976,11.20626634,3.009029365,2.93359E+11,3090.772241,6.467176044,2925.731152,1.91667E+11,3.539628059,1.159999967,164.6639398,84.42345759,80.24048222,4.998283289,38.70000076,148.1748225,4.411728739,2.28456986,9.745889381,4.167449951,78.75,0
VIR,2018,Latin America & Caribbean,Virgin Islands (U.S.),VIR,350,2.571428571,107001,-0.261338012,4.279,95.721,12.6,2.06,6,79.5195122,30.35814087,NA,3764641409,35183.23575,2.171426079,NA,NA,NA,12.42599964,159.2809791,53.13615502,106.1448241,NA,1.970000029,NA,0.311185799,NA,43.21774605,NA,NA,NA
PSE,2018,Middle East & North Africa,West Bank and Gaza,PSE,6020,11.59468439,4569087,2.533011484,23.836,76.164,30.126,3.712,6,74.793,5.807014059,NA,15616200000,3417.794408,-1.304814192,3987.206645,NA,-0.195107774,26.26000023,71.40127545,15.96156445,55.439711,1.294462944,6.320000172,89.97575355,0,NA,21.99107922,5.318870068,38.125,0
YEM,2018,Middle East & North Africa,"Yemen, Rep.",YEM,527970,2.210352861,30790513,2.486359789,63.358,36.642,32.305,4.043,6,64.575,4.865355282,0.31568166,36789143267,1194.820732,-1.721734758,NA,NA,NA,13.14500046,49.30349442,6.056570102,43.24692432,-1.305638389,28.30999947,49.68344957,4.609356005,NA,NA,NA,26.875,0
ZMB,2018,Sub-Saharan Africa,Zambia,ZMB,743390,5.111717941,17835893,3.061887802,56.479,43.521,36.04,4.536,7,62.342,3.147726298,0.433395739,23747586257,1331.449244,0.89734746,NA,NA,7.494571927,12.01000023,74.88836953,37.95740455,36.93096498,1.552313969,50.11000061,86.73672801,11.5489519,1.409462391,12.70866283,4.739749908,78.75,0
ZWE,2018,Sub-Saharan Africa,Zimbabwe,ZWE,386850,10.33992504,15052184,2.020537288,67.791,32.209,32.074,3.659,6,61.414,5.99798181,0.822472016,22015178006,1462.59028,2.909395136,1424.401124,10269816049,10.61886587,4.796000004,54.5502704,26.16397313,28.38629726,2.101721082,66.01999664,85.76158782,6.085074681,0.309322838,10.37430634,3.866110086,86.875,0