caseid,wt2,wt2a,knowledge,sex,race,age,female,white,oftenvote,conservative,prayfreq,heterosexual,married,yrsofschool,income,speaker,vp,pm,cj
1,1.9227,186174.418759,3,1,4,34,0,0,3,4,2,1,1,13,23,1,1,0,1
3,2.4054999,232918.373633,1,2,1,39,1,1,4,6,5,1,1,16,13,0,1,0,0
4,2.1277001,206026.786996,0,1,1,49,0,1,2,4,2,1,1,12,11,0,0,0,0
5,3.0021,290690.939707,3,1,1,72,0,1,4,6,5,1,1,16,19,1,1,0,1
8,2.0309999,196659.528423,2,1,1,56,0,1,3,6,4,1,1,14,19,1,1,0,0
9,2.3155,224205.846596,1,2,1,40,1,1,3,6,5,1,1,14,14,0,1,0,0
10,.6142,59470.376953,2,1,2,55,0,0,4,4,5,1,0,16,19,1,1,0,0
12,2.1277001,206026.786996,2,2,1,55,1,1,3,4,4,1,1,12,19,1,1,0,0
13,2.0143001,195042.252086,4,1,1,30,0,1,4,4,3,1,0,12,9,1,1,1,1
14,1.1998,116176.741478,2,2,1,79,1,1,4,6,5,1,0,15,16,0,1,1,0
15,1.1998,116176.741478,3,2,1,77,1,1,3,5,5,1,0,15,6,0,1,1,1
16,1.5010999,145345.949564,4,2,1,72,1,1,4,4,5,1,0,17,19,1,1,1,1
17,.93730003,90758.173393,4,2,2,21,1,0,1,4,5,1,0,12,4,1,1,1,1
19,2.3004999,222758.520739,4,1,1,61,0,1,3,4,5,1,1,16,17,1,1,1,1
20,2.5409,246036.044184,4,1,1,50,0,1,4,6,4,1,1,16,19,1,1,1,1
21,2.4054999,232918.373633,3,2,1,31,1,1,2,4,5,0,0,16,12,0,1,1,1
22,1.257,121710.455437,1,2,1,87,1,1,2,2,5,1,0,12,10,0,1,0,0
24,.89840001,86988.598591,0,2,1,29,1,1,1,3,3,1,1,10,13,0,0,0,0
28,1.1546,111796.478104,0,1,1,40,0,1,2,4,2,1,0,14,14,0,0,0,0
29,.52069998,50420.929812,1,1,1,55,0,1,2,6,1,1,0,12,14,0,0,1,0
30,.47130001,45637.830566,2,1,4,37,0,0,3,4,1,1,0,15,18,0,1,0,1
32,2.5139,243420.107469,3,1,1,78,0,1,4,5,4,1,1,12,19,1,1,0,1
33,2.0309999,196659.528423,3,1,1,57,0,1,3,5,3,1,1,15,21,1,1,1,0
34,1.0944,105973.366779,3,1,1,53,0,1,2,2,2,1,0,12,8,1,1,0,1
35,2.6489,256489.793951,4,2,1,29,1,1,2,2,3,0,0,16,17,1,1,1,1
36,1.0585999,102507.667303,0,2,4,24,1,0,1,2,3,1,0,14,6,0,0,0,0
37,1.0585999,102507.667303,4,1,4,28,0,0,1,4,2,1,0,14,4,1,1,1,1
38,.50089997,48499.650501,4,1,1,52,0,1,3,4,4,1,0,16,13,1,1,1,1
40,1.0362999,100340.764295,2,1,1,63,0,1,4,2,1,1,1,17,17,1,1,0,0
41,.31639999,30632.281964,2,2,2,40,1,0,3,6,2,1,0,14,9,0,0,1,1
44,1.8297,177169.136538,3,2,1,53,1,1,4,2,1,0,0,15,13,1,1,0,1
45,1.043,100992.706955,4,2,4,46,1,0,4,7,5,1,1,17,8,1,1,1,1
47,.2992,28969.515457,3,1,1,38,0,1,3,3,4,1,0,16,13,1,1,0,1
48,.73570001,71234.59314300001,4,1,1,33,0,1,3,3,1,1,1,16,20,1,1,1,1
49,1.9572999,189524.349341,2,2,1,49,1,1,3,6,5,1,1,16,1,1,1,0,0
50,.95929998,92891.479133,3,1,1,28,0,1,1,3,1,1,0,14,14,0,1,1,1
51,1.1446,110826.039945,4,2,1,59,1,1,3,2,5,1,1,17,15,1,1,1,1
52,1.6390001,158704.765725,3,1,4,47,0,0,3,1,2,1,1,12,17,1,1,0,1
54,2.1919,212239.737562,3,2,1,25,1,1,4,3,5,1,1,13,9,0,1,1,1
55,1.7141,165978.020985,4,2,1,45,1,1,3,3,5,1,0,14,11,1,1,1,1
57,.588,56938.655234,3,1,1,33,0,1,2,3,1,1,0,13,10,0,1,1,1
60,.73390001,71061.59526,0,2,1,78,1,1,4,4,4,1,0,14,8,0,0,0,0
61,.58130002,56288.37219,3,1,1,32,0,1,2,2,2,1,1,16,15,1,0,1,1
63,.47530001,46023.687151,1,1,4,25,0,0,1,6,3,1,0,14,12,0,0,0,1
64,.8689,84131.57846400001,2,1,1,53,0,1,1,2,4,1,0,14,25,1,1,0,0
65,2.4834001,240467.73054,3,2,1,28,1,1,3,2,2,0,1,17,11,1,1,1,0
66,2.4834001,240467.73054,3,2,1,28,1,1,2,1,2,0,1,17,3,1,1,1,0
67,1.4904,144317.438864,2,1,1,90,0,1,4,4,4,1,1,12,13,1,1,0,0
68,1.3891,134508.768816,4,1,1,40,0,1,4,2,2,0,0,17,23,1,1,1,1
69,2.3004999,222758.520739,3,2,1,66,1,1,4,2,1,0,1,17,18,1,1,0,1
71,.88599998,85786.287767,2,2,1,47,1,1,4,1,4,1,0,16,17,1,1,0,0
72,.588,56938.655234,3,1,4,34,0,0,2,4,1,1,1,14,19,1,1,0,1
73,.48500001,46959.496896,0,1,2,20,0,0,1,1,5,1,0,14,1,0,0,0,0
75,.62959999,60966.896175,0,1,2,36,0,0,4,2,5,1,1,12,7,0,0,0,0
76,.8707,84307.732195,2,1,1,58,0,1,4,1,5,0,0,17,17,1,1,0,0
77,.82429999,79812.776753,4,1,1,32,0,1,4,1,4,1,1,17,18,1,1,1,1
78,.82429999,79812.776753,3,1,1,36,0,1,2,4,5,1,0,17,6,1,1,1,0
79,.82429999,79812.776753,3,2,4,29,1,0,4,2,3,1,1,17,11,1,1,0,1
80,.76709998,74277.628017,3,1,2,29,0,0,3,2,3,1,0,16,12,1,1,0,1
81,.2357,22819.147713,0,2,1,35,1,1,3,2,4,1,1,14,11,0,0,0,0
82,.90549999,87681.960272,0,1,1,28,0,1,1,5,1,1,0,17,15,0,0,0,0
83,.23729999,22976.632167,0,2,2,75,1,0,4,7,5,1,0,10,7,0,0,0,0
85,.73570001,71234.59314300001,0,2,1,35,1,1,4,5,3,1,1,16,20,0,0,0,0
86,.3788,36681.394423,0,2,1,25,1,1,1,7,5,1,1,12,3,0,0,0,0
87,.39050001,37816.082544,0,2,1,51,1,1,4,4,5,1,1,12,1,0,0,0,0
88,.73570001,71234.59314300001,0,1,1,38,0,1,3,6,5,1,1,16,18,0,0,0,0
89,.2485,24064.485557,0,2,1,52,1,1,3,5,5,1,0,14,11,0,0,0,0
90,.90549999,87681.960272,0,2,1,27,1,1,1,4,4,1,1,15,9,0,0,0,0
92,.1829,17708.098119,0,2,2,33,1,0,1,2,3,1,0,13,11,0,0,0,0
93,1.1329,109696.808614,0,1,1,25,0,1,4,6,3,1,0,15,14,0,0,0,0
94,.2604,25210.464906,0,1,1,51,0,1,1,4,4,1,0,12,12,0,0,0,0
95,.28529999,27622.723203,0,2,1,45,1,1,1,4,3,1,0,14,12,0,0,0,0
98,.36160001,35013.27355,0,2,1,28,1,1,1,3,3,1,0,14,10,0,0,0,0
99,.70819998,68569.997349,0,1,4,45,0,0,3,6,5,1,1,13,13,0,0,0,0
101,.77710003,75246.436048,0,1,1,54,0,1,2,3,3,1,0,17,4,0,0,0,0
104,.65069997,63010.204474,0,1,5,59,0,0,3,2,1,1,0,12,10,0,0,0,0
106,.2449,23711.341896,0,1,1,61,0,1,3,4,4,1,1,16,5,0,0,0,0
107,.36160001,35013.27355,1,1,4,28,0,0,3,2,2,1,0,14,4,0,1,0,0
109,.3788,36681.020796,0,1,4,26,0,0,3,3,2,1,0,12,6,0,0,0,0
110,.2782,26934.400872,2,1,1,60,0,1,4,2,1,1,1,12,19,1,1,0,0
111,.35100001,33991.028462,0,2,4,37,1,0,3,4,2,1,1,16,15,0,0,0,0
114,.49200001,47638.127732,0,2,4,30,1,0,1,6,4,1,1,12,1,0,0,0,0
116,.3109,30106.197102,2,2,1,55,1,1,4,2,2,1,0,16,17,1,1,0,0
117,.2357,22818.915283,0,2,4,35,1,0,3,4,3,1,0,13,17,0,0,0,0
119,.47130001,45637.830566,0,1,4,35,0,0,4,3,3,1,1,15,15,0,0,0,0
120,2.3245001,225080.482182,1,1,4,73,0,0,4,4,5,1,1,12,10,0,1,0,0
122,1.3384,129593.955842,3,1,4,35,0,0,3,5,4,1,0,17,17,1,1,0,1
125,.47130001,45637.830566,2,1,1,31,0,1,1,5,1,1,0,14,18,1,1,0,0
126,1.2648,122470.876411,3,2,1,53,1,1,4,4,1,1,1,12,1,1,1,0,1
129,.76880002,74446.391017,0,2,1,75,1,1,4,6,4,1,0,12,10,0,0,0,0
131,1.4069,136232.697714,3,2,1,58,1,1,4,1,1,1,1,17,18,1,1,1,0
132,1.1246001,108892.411179,3,2,1,50,1,1,4,2,3,1,1,15,9,1,1,0,1
133,1.0646,103086.697711,1,2,1,35,1,1,2,5,2,1,1,14,8,0,1,0,0
134,1.9382,187676.484683,1,1,1,52,0,1,3,3,1,1,1,13,12,0,1,0,0
135,3.1019001,300352.843395,1,1,1,18,0,1,1,4,2,1,0,12,2,0,1,0,0
137,1.9382,187676.484683,2,1,1,52,0,1,4,5,1,1,1,17,10,1,0,1,0
138,.47130001,45637.830566,1,2,4,36,1,0,4,2,5,1,1,14,18,0,1,0,0
139,2.865,277412.714912,4,1,1,76,0,1,4,6,2,1,1,16,21,1,1,1,1
141,2.0309999,196659.528423,3,2,1,53,1,1,4,6,4,1,1,13,7,1,1,1,0
144,2.0304999,196615.864199,4,2,1,58,1,1,4,5,1,1,1,12,7,1,1,1,1
145,1.9223,186133.082539,1,1,1,31,0,1,3,5,1,1,1,12,20,0,1,0,0
146,.70359999,68127.354431,3,2,1,64,1,1,4,2,4,1,1,16,19,1,1,1,0
150,.56239998,54455.002476,4,1,1,60,0,1,4,2,1,1,1,14,18,1,1,1,1
151,.70819998,68569.997349,4,1,1,46,0,1,4,2,3,1,1,14,11,1,1,1,1
152,.77710003,75246.436048,4,1,1,57,0,1,4,6,5,1,1,16,25,1,1,1,1
153,.70819998,68569.997349,3,1,1,42,0,1,4,6,4,1,1,15,24,1,1,1,0
155,.56239998,54455.002476,1,2,1,64,1,1,1,3,5,1,1,13,6,0,0,1,0
160,2.9609001,286696.935889,0,2,1,26,1,1,3,4,5,1,0,13,12,0,0,0,0
161,2.0143001,195042.252086,0,1,1,35,0,1,1,5,1,1,1,12,13,0,0,0,0
162,2.4054999,232918.373633,2,1,4,34,0,0,1,3,2,1,1,16,23,0,1,0,1
164,.6031,58399.886641,0,1,1,85,0,1,4,3,2,1,0,10,6,0,0,0,0
165,.58969998,57096.401011,1,1,5,36,0,0,3,6,1,1,0,16,21,0,1,0,0
168,.60900003,58972.256245,4,2,4,46,1,0,4,2,4,1,0,6,12,1,1,1,1
170,.61739999,59786.313587,4,2,4,53,1,0,2,4,3,1,0,4,9,1,1,1,1
171,.31009999,30026.632843,2,1,4,50,0,0,1,4,4,1,1,6,12,1,0,0,1
172,.35600001,34466.800219,4,1,4,44,0,0,4,4,4,1,0,11,14,1,1,1,1
173,.44600001,43186.007123,1,2,4,65,1,0,4,6,3,1,1,15,10,1,0,0,0
176,2.3004999,222758.520739,3,2,1,60,1,1,4,2,2,0,0,17,23,1,1,0,1
178,2.4068999,233060.473957,1,2,1,40,1,1,3,3,4,1,0,16,16,0,1,0,0
180,2.4944,241529.09015,2,1,1,75,0,1,4,6,5,1,1,17,6,1,1,0,0
181,2.0888,202252.733232,3,1,1,85,0,1,4,5,4,1,1,12,7,1,1,0,1
183,.89840001,86988.598591,2,1,4,27,0,0,3,3,5,1,0,10,5,1,1,0,0
184,.89840001,86988.598591,0,1,4,20,0,0,1,3,4,1,0,11,6,0,0,0,0
185,2.9609001,286696.935889,1,2,4,20,1,0,1,3,2,1,0,14,1,0,1,0,0
186,1.4285001,138324.80458,1,2,1,72,1,1,1,4,5,1,0,14,6,0,1,0,0
189,.88599998,85786.287767,4,2,1,46,1,1,4,6,4,1,1,16,4,1,1,1,1
190,.47130001,45637.830566,0,1,4,32,0,0,2,4,3,1,1,13,19,0,0,0,0
192,.55800003,54028.983197,4,2,1,61,1,1,4,6,5,1,1,16,17,1,1,1,1
193,1.9873,192424.983445,2,1,4,32,0,0,3,3,4,0,0,17,13,0,1,0,1
194,1.3216,127971.777831,0,1,1,72,0,1,4,6,2,1,1,14,12,0,0,0,0
195,1.059,102538.381119,3,1,1,34,0,1,1,4,2,1,1,13,25,0,1,1,1
196,1.5955,154488.844769,4,1,1,46,0,1,3,5,3,1,1,17,22,1,1,1,1
197,.77710003,75246.436048,4,1,4,56,0,0,1,4,3,1,1,17,15,1,1,1,1
198,1.2671,122687.629424,3,1,1,61,0,1,2,5,4,1,1,17,24,1,1,0,1
200,.62110001,60145.368854,2,1,1,55,0,1,3,4,5,1,0,14,3,1,0,1,0
201,1.0326999,99994.939341,0,1,1,20,0,1,1,5,1,1,0,12,8,0,0,0,0
202,.70819998,68569.997349,2,1,4,45,0,0,4,7,5,1,1,15,21,1,1,0,0
203,1.0768,104265.502342,1,2,1,46,1,1,2,3,4,1,1,12,8,0,1,0,0
204,.70359999,68127.354431,2,2,1,65,1,1,3,4,3,1,0,16,19,1,1,0,0
205,.88599998,85786.287767,3,1,1,41,0,1,4,6,1,1,0,16,25,0,1,1,1
207,.73390001,71061.59526,1,1,1,70,0,1,4,3,3,1,0,14,25,0,1,0,0
209,.92250001,89323.937781,2,1,1,68,0,1,3,6,2,1,1,16,18,1,1,0,0
211,.73390001,71061.59526,3,2,1,77,1,1,3,6,3,1,0,14,17,1,1,0,1
213,.68260002,66097.767064,1,2,4,18,1,0,1,2,1,1,0,12,1,1,0,0,0
214,1.1586,112182.894619,0,1,4,40,0,0,4,4,4,1,1,16,11,0,0,0,0
215,.3087,29893.156794,0,1,4,50,0,0,4,6,2,1,1,6,13,0,0,0,0
216,.36160001,35013.27355,0,2,4,27,1,0,4,4,3,1,1,13,9,0,0,0,0
219,.48590001,47053.859624,1,2,2,48,1,0,2,2,4,1,0,13,13,0,0,0,1
220,.75760001,73362.041591,0,1,4,18,0,0,1,4,2,1,0,12,2,0,0,0,0
221,.48590001,47053.859624,0,2,2,41,1,0,4,2,4,0,0,14,16,0,0,0,0
222,.74190003,71836.11367000001,0,2,1,43,1,1,4,4,3,1,1,12,6,0,0,0,0
223,.28529999,27623.004564,1,2,4,46,1,0,3,6,3,1,1,13,11,0,1,0,0
225,.2357,22819.147713,3,1,4,36,0,0,4,2,2,1,1,13,18,1,1,0,1
230,.28529999,27623.004564,3,2,4,44,1,0,4,6,4,1,0,13,18,1,1,1,0
232,.4463,43218.160508,0,1,2,57,0,0,4,1,1,1,1,14,16,0,0,0,0
233,.74190003,71836.11367000001,3,1,1,44,0,1,1,3,2,1,0,12,16,1,1,0,1
236,.88599998,85786.287767,4,1,1,49,0,1,4,4,5,1,1,16,18,1,1,1,1
237,.73390001,71061.59526,2,1,1,75,0,1,4,6,5,1,1,13,17,1,1,0,0
238,.77090001,74643.708302,3,2,1,40,1,1,1,4,1,1,1,16,2,0,1,1,1
239,.56239998,54455.002476,2,2,1,59,1,1,4,6,3,1,1,14,15,1,1,0,0
240,.56239998,54455.002476,2,2,1,64,1,1,4,4,3,1,0,14,13,1,1,0,0
241,.90549999,87681.960272,0,2,1,19,1,1,1,2,1,0,0,13,4,0,0,0,0
242,.4483,43408.109359,2,1,4,44,0,0,4,7,5,1,1,12,14,1,1,0,0
243,.70359999,68127.354431,4,1,1,68,0,1,4,6,5,1,1,17,12,1,1,1,1
245,.62110001,60145.368854,0,1,1,55,0,1,3,5,4,1,1,14,18,0,0,0,0
246,.67860001,65707.07608499999,2,1,1,26,0,1,3,6,5,1,0,16,2,1,1,0,0
247,.77090001,74643.708302,1,2,1,49,1,1,3,3,3,1,1,15,18,0,1,0,0
248,.88599998,85786.287767,1,1,1,47,0,1,3,5,3,1,1,17,21,0,1,0,0
249,.91170001,88274.359385,2,1,1,90,0,1,4,6,5,1,1,8,19,1,1,0,0
253,1.1069,107180.951888,2,1,1,54,0,1,3,7,5,1,1,13,13,1,1,0,0
254,1.9737,191113.921885,0,1,4,47,0,0,4,4,1,1,1,13,14,0,0,0,0
255,.76880002,74446.391017,2,2,1,75,1,1,4,6,5,1,0,12,13,1,1,0,0
257,1.6188999,156760.944035,3,2,1,27,1,1,3,2,4,1,0,17,16,1,1,1,0
258,.37490001,36305.946831,3,1,2,54,0,0,4,4,2,1,0,12,11,1,1,1,0
260,.3418,33095.586448,1,1,4,50,0,0,1,5,1,1,1,12,13,0,0,1,0
261,.588,56938.655234,4,2,1,33,1,1,2,4,4,1,0,14,16,1,1,1,1
263,.4483,43408.109359,1,1,4,43,0,0,2,4,4,1,1,12,15,1,0,0,0
265,.62110001,60145.368854,1,1,1,56,0,1,4,7,5,1,1,14,22,0,1,0,0
266,.2604,25210.721696,1,1,1,53,0,1,1,4,3,1,0,12,9,1,0,0,0
267,.29890001,28938.44481,3,2,4,42,1,0,3,4,3,1,0,12,11,1,0,1,1
271,1.1064,107133.97989,3,1,1,29,0,1,2,4,1,1,0,12,13,0,1,1,1
272,2.5409,246036.044184,3,2,1,53,1,1,4,2,5,1,1,16,5,0,1,1,1
274,1.3456,130288.577593,2,2,1,29,1,1,4,2,1,1,0,16,17,1,1,0,0
275,1.3968,135253.823593,4,2,1,37,1,1,3,2,2,1,0,15,1,1,1,1,1
276,.66460001,64357.268856,3,1,2,53,0,0,4,4,4,0,0,12,13,1,1,1,0
277,1.3456,130288.577593,4,1,1,23,0,1,3,2,1,1,0,16,18,1,1,1,1
278,.62959999,60966.896175,2,1,2,33,0,0,1,5,1,1,0,11,1,0,1,1,0
279,1.4755,142871.149229,4,1,1,52,0,1,4,2,1,1,1,16,25,1,1,1,1
281,.92299998,89371.343118,2,2,1,54,1,1,1,2,2,1,0,17,13,1,1,0,0
282,.838,81143.13484899999,2,1,1,34,0,1,4,2,1,0,0,16,18,1,1,0,0
283,.58939999,57069.75559,3,1,1,80,0,1,4,4,3,1,0,15,9,1,1,0,1
286,.3863,37407.189499,1,1,4,37,0,0,4,2,2,0,0,16,17,0,0,0,1
287,.88599998,85786.287767,4,1,1,48,0,1,4,4,3,0,0,17,20,1,1,1,1
288,.3863,37407.189499,4,2,1,38,1,1,3,3,2,1,0,16,14,1,1,1,1
289,2.4054999,232918.373633,3,1,1,32,0,1,4,2,1,1,0,16,13,1,1,1,0
291,.27900001,27014.491599,2,1,4,60,0,0,1,4,5,0,0,17,13,1,1,0,0
294,2.4401,236274.699887,3,2,1,25,1,1,4,1,2,0,0,16,9,1,1,0,1
299,.27610001,26738.345771,0,1,2,42,0,0,1,4,4,1,0,12,19,0,0,0,0
301,1.1329,109696.808614,0,2,4,23,1,0,1,4,2,1,0,16,3,0,0,0,0
303,.3955,38291.861971,0,2,2,23,1,0,1,4,5,1,0,14,8,0,0,0,0
304,.3788,36681.020796,0,2,4,19,1,0,1,4,3,1,0,12,3,0,0,0,0
305,.70819998,68569.997349,0,2,4,48,1,0,1,2,4,1,0,13,8,0,0,0,0
306,.31040001,30058.488575,0,2,2,45,1,0,4,7,5,1,0,16,7,0,0,0,0
307,.90549999,87681.960272,0,2,1,26,1,1,2,2,2,1,0,13,11,0,0,0,0
309,.94870001,91858.414882,0,1,1,21,0,1,1,3,1,1,0,12,13,0,0,0,0
311,.45930001,44477.433271,0,2,6,25,1,0,4,2,3,1,0,13,16,0,0,0,0
313,.63120002,61114.877526,0,2,2,26,1,0,3,2,5,1,1,17,19,0,0,0,0
315,.90549999,87681.960272,0,2,1,25,1,1,4,6,5,1,1,16,18,0,0,0,0
316,.616,59650.749129,0,2,1,34,1,1,3,6,3,1,1,12,14,0,0,0,0
321,.4149,40172.841776,0,2,2,44,1,0,3,4,3,1,1,12,11,0,0,0,0
323,.62669998,60682.410673,0,2,2,18,1,0,1,4,4,1,0,12,1,0,0,0,0
324,.93559998,90597.156388,2,2,1,45,1,1,3,2,4,1,0,16,21,1,1,0,0
325,1.4957,144830.763402,2,1,1,45,0,1,4,2,2,1,1,15,14,1,1,0,0
327,.95630002,92599.137623,3,2,1,23,1,1,4,2,4,1,1,15,1,1,1,0,1
328,.472,45708.099713,2,2,4,33,1,0,3,2,4,1,0,17,19,1,1,0,0
330,.85479999,82769.201919,3,1,1,31,0,1,4,2,1,1,1,17,18,1,1,0,1
333,.80360001,77814.238826,2,1,1,55,0,1,4,4,2,1,0,14,20,0,1,0,1
334,.616,59650.749129,0,1,1,38,0,1,2,4,4,1,1,12,25,0,0,0,0
336,.73570001,71234.59314300001,2,2,1,36,1,1,3,5,1,1,1,16,1,1,1,0,0
337,.77710003,75246.436048,2,1,1,57,0,1,4,2,4,1,1,16,17,1,1,0,0
338,.70359999,68127.354431,3,2,1,60,1,1,3,6,4,1,1,16,9,1,1,1,0
339,.83770001,81117.123796,1,1,1,44,0,1,4,4,3,1,0,13,18,0,1,0,0
340,.588,56938.655234,1,2,1,34,1,1,1,2,1,1,1,13,1,0,1,0,0
341,.88599998,85786.287767,3,1,1,46,0,1,3,6,5,1,1,16,25,1,1,0,1
342,.33790001,32717.466053,2,2,1,52,1,1,3,4,4,1,1,16,9,1,1,0,0
343,.58969998,57096.401011,3,1,4,31,0,0,4,3,4,1,1,16,17,1,1,1,0
344,3.0021,290690.939707,3,1,1,80,0,1,4,4,1,1,1,16,18,1,1,1,0
345,1.4857,143858.630403,3,2,1,67,1,1,4,5,4,1,1,14,3,1,1,0,1
346,.73390001,71061.59526,3,1,1,70,0,1,1,6,2,1,1,14,11,1,1,1,0
347,.86470002,83727.421911,4,2,1,58,1,1,4,2,4,1,1,12,16,1,1,1,1
348,1.7294,167454.843823,0,1,1,57,0,1,4,6,5,1,1,12,13,0,0,0,0
349,1.4981,145063.095069,2,2,1,29,1,1,3,1,5,0,0,12,7,1,1,0,0
350,1.6164,156509.79666,0,1,1,18,0,1,1,3,5,1,0,12,3,0,0,0,0
354,.65069997,63010.204474,2,2,1,54,1,1,3,5,5,1,1,12,8,1,1,0,0
355,.73570001,71234.59314300001,4,2,1,30,1,1,3,2,1,1,0,17,13,1,1,1,1
357,.73570001,71234.59314300001,2,1,1,35,0,1,3,5,4,1,1,17,17,1,1,0,0
359,.588,56938.655234,1,1,1,36,0,1,3,4,2,1,1,14,16,0,1,0,0
360,.27900001,27014.491599,3,1,1,67,0,1,4,2,4,1,0,17,17,1,1,0,1
361,.30000001,29048.012072,2,2,1,32,1,1,4,6,4,1,1,13,1,0,1,0,1
362,.88599998,85786.287767,3,2,1,41,1,1,3,5,4,1,1,17,1,1,1,0,1
364,.30000001,29048.012072,1,1,1,33,0,1,1,2,3,1,1,14,17,0,1,0,0
365,.62110001,60145.368854,2,1,1,56,0,1,4,5,3,1,1,14,18,1,0,0,1
366,.70569998,68335.515908,2,2,1,34,1,1,3,6,2,1,1,14,20,1,1,0,0
367,1.1386,110244.826569,0,1,1,23,0,1,4,2,1,1,1,12,14,0,0,0,0
368,.84990001,82294.991432,2,2,1,49,1,1,3,3,5,1,0,13,8,1,1,0,0
369,.616,59650.749129,3,1,1,31,0,1,2,4,4,1,0,12,14,0,1,1,1
370,1.0868,105232.411379,3,1,1,19,0,1,4,5,5,1,1,14,5,0,1,1,1
371,.70709997,68467.701739,4,1,1,67,0,1,2,4,3,1,1,12,14,1,1,1,1
373,.90549999,87681.960272,4,2,1,28,1,1,1,2,1,1,0,14,16,1,1,1,1
374,.50040001,48451.908412,0,2,4,23,1,0,1,3,5,1,1,11,12,0,0,0,0
375,.56239998,54455.002476,3,1,1,60,0,1,4,7,2,1,1,15,14,1,1,0,1
376,.77160001,74713.97012899999,0,1,1,54,0,1,1,4,4,1,0,11,16,0,0,0,0
377,.9181,88903.46647,4,2,1,74,1,1,4,2,1,1,0,17,8,1,1,1,1
379,.39480001,38224.750759,4,2,4,48,1,0,3,4,5,1,0,12,13,1,1,1,1
382,.82520002,79899.710068,3,1,1,50,0,1,2,6,5,1,0,12,3,1,1,0,1
383,.90549999,87681.960272,1,1,1,23,0,1,4,2,1,0,0,15,7,0,1,0,0
386,.29890001,28938.44481,4,1,4,40,0,0,1,4,2,1,0,12,8,1,1,1,1
389,.62110001,60145.368854,3,2,4,50,1,0,3,6,4,1,0,14,8,0,1,1,1
391,.3788,36681.020796,2,2,4,23,1,0,1,4,3,0,0,11,1,0,1,0,1
392,.35600001,34475.598714,3,1,4,45,0,0,4,3,5,1,1,12,11,1,1,0,1
393,.3087,29893.156794,3,1,4,58,0,0,1,4,4,1,0,9,5,1,0,1,1
394,.37040001,35866.79163,4,2,4,56,1,0,4,2,1,1,1,17,13,1,1,1,1
395,.9181,88903.46647,4,2,1,70,1,1,3,2,2,1,0,16,16,1,1,1,1
398,.74190003,71836.11367000001,0,1,1,49,0,1,4,5,4,1,1,12,17,0,0,0,0
399,.73570001,71234.59314300001,2,2,1,38,1,1,2,3,3,1,0,16,19,1,1,0,0
400,.57870001,56031.612867,2,1,1,27,0,1,4,3,1,1,0,16,15,1,1,0,0
401,1.1329,109696.808614,2,2,1,28,1,1,2,4,5,1,1,16,7,1,1,0,0
404,.98610002,95478.46934700001,2,1,1,43,0,1,1,4,5,1,1,13,13,1,1,0,0
405,.88599998,85786.287767,3,1,1,49,0,1,3,2,3,1,1,16,16,1,1,0,1
408,.77710003,75246.436048,4,2,1,55,1,1,3,6,5,1,0,16,17,1,1,1,1
410,1.5027,145507.03734,0,1,1,57,0,1,3,4,3,1,1,14,17,0,0,0,0
411,1.0717,103769.490613,2,1,1,45,0,1,3,3,2,1,0,16,14,1,1,0,0
412,1.3704,132692.324706,2,2,1,24,1,1,3,3,5,1,0,17,2,1,1,0,0
413,1.7798001,172334.708422,2,2,1,39,1,1,4,2,3,1,1,17,16,1,1,0,0
415,.588,56938.655234,2,2,1,38,1,1,1,4,3,1,0,15,11,0,1,0,1
417,.3788,36681.394423,2,2,4,23,1,0,1,4,2,1,0,12,1,0,0,1,1
418,.29890001,28938.739573,3,1,4,43,0,0,2,6,4,1,1,12,6,1,1,0,1
420,.90549999,87681.960272,2,2,1,29,1,1,3,6,5,1,1,15,1,0,1,0,1
421,.2485,24064.240442,3,2,1,58,1,1,3,6,5,1,0,14,8,1,1,0,1
423,1.9715,190897.095492,1,1,1,20,0,1,1,6,4,1,0,14,3,0,1,0,0
424,.56239998,54455.002476,4,2,1,61,1,1,3,7,3,1,1,14,12,1,1,1,1
425,1.9715,190897.095492,2,1,1,22,0,1,2,4,2,1,0,15,3,0,1,0,1
426,1.0326999,99997.495738,2,1,1,42,0,1,2,3,3,1,0,12,12,0,1,0,1
428,.588,56938.655234,1,1,1,30,0,1,2,4,1,1,1,13,17,0,1,0,0
429,.58920002,57048.795377,3,1,1,68,0,1,4,6,4,1,1,12,4,1,1,0,1
430,1.1329,109696.808614,3,2,1,25,1,1,2,3,2,1,0,16,12,0,1,1,1
431,.62110001,60145.368854,4,2,1,53,1,1,3,5,2,1,0,13,4,1,1,1,1
432,.2485,24064.240442,2,1,1,57,0,1,3,3,5,1,0,15,14,0,1,0,1
434,.29480001,28548.200506,0,1,1,30,0,1,1,6,4,1,1,16,15,0,0,0,0
435,.70359999,68127.354431,3,2,1,68,1,1,4,2,3,1,0,17,10,1,1,0,1
436,.94870001,91858.414882,2,1,1,22,0,1,2,4,4,1,1,12,14,0,0,1,1
437,.74190003,71836.11367000001,2,2,1,40,1,1,3,6,5,1,1,12,8,0,1,0,1
438,.76880002,74446.391017,2,2,1,80,1,1,4,4,2,1,0,12,6,0,1,0,1
440,.588,56938.655234,2,2,1,37,1,1,1,2,1,1,0,14,12,0,1,1,0
441,.2357,22818.915283,1,2,1,39,1,1,1,4,1,1,0,16,15,0,0,1,0
446,1.2901,124918.356372,2,2,1,45,1,1,4,3,4,1,0,16,14,0,1,0,1
447,1.2901,124918.356372,3,2,1,56,1,1,4,2,4,1,1,15,1,1,1,1,0
449,2.9609001,286696.935889,1,2,1,19,1,1,4,2,5,1,0,13,2,0,1,0,0
450,2.2546999,218319.644926,1,2,1,19,1,1,4,2,2,1,0,13,1,0,1,0,0
451,.89840001,86988.598591,1,1,4,18,0,0,1,3,3,1,0,11,1,0,1,0,0
453,1.2510999,121142.944698,3,2,1,32,1,1,1,3,2,1,1,16,21,1,1,0,1
454,1.3216,127965.563341,3,1,1,53,0,1,1,4,1,1,1,16,25,1,1,1,0
457,.44389999,42978.890874,0,2,1,20,1,1,2,4,3,1,0,12,7,0,0,0,0
459,.89840001,86988.598591,0,1,4,18,0,0,1,2,2,1,0,7,1,0,0,0,0
460,.61739999,59786.313587,1,2,1,59,1,1,4,4,4,1,1,5,13,0,1,0,0
467,.72549999,70246.69931,2,2,2,46,1,0,2,4,5,1,1,14,13,1,1,0,0
470,.63749999,61726.806717,0,1,4,18,0,0,1,3,3,1,0,12,1,0,0,0,0
471,.3087,29893.156794,0,1,6,53,0,0,1,6,5,1,0,9,1,0,0,0,0
472,.76880002,74446.391017,3,2,1,72,1,1,4,2,4,1,0,12,11,1,1,0,1
478,.66829997,64712.562996,1,1,2,29,0,0,1,3,3,1,0,14,13,0,1,0,0
479,.3788,36681.020796,2,2,4,21,1,0,1,4,3,1,0,10,7,0,1,1,0
483,.65069997,63010.204474,2,1,4,57,0,0,4,4,5,1,0,12,9,0,1,1,0
484,.2278,22059.843205,1,2,2,52,1,0,1,7,5,1,0,12,1,0,1,0,0
485,.48750001,47207.615174,3,1,2,63,0,0,1,3,2,1,0,9,4,1,1,0,1
495,.71619999,69352.38015,0,2,2,66,1,0,4,3,4,1,0,16,14,0,0,0,0
498,1.148,111164.185464,2,2,2,26,1,0,2,5,1,1,0,9,7,0,0,1,1
499,.92470002,89534.57300999999,0,2,2,74,1,0,1,4,5,1,0,10,6,0,0,0,0
501,.7112,68861.622304,0,2,2,60,1,0,4,7,3,1,0,11,1,0,0,0,0
504,.72549999,70246.69931,0,2,2,49,1,0,4,5,3,1,0,13,16,0,0,0,0
506,1.3225,128059.880925,1,1,1,78,0,1,4,5,5,1,0,9,4,0,1,0,0
509,.62959999,60966.896175,0,1,2,35,0,0,3,6,5,1,0,12,1,0,0,0,0
510,.79390001,76872.55766999999,1,2,2,25,1,0,4,4,3,1,0,13,13,0,0,1,0
512,.75999999,73592.68005900001,0,1,2,48,0,0,4,2,3,1,1,12,14,0,0,0,0
513,.51520002,49887.574247,0,1,2,69,0,0,4,6,2,1,0,12,6,0,0,0,0
514,.57249999,55434.180063,0,2,2,61,1,0,2,4,5,1,1,13,13,0,0,0,0
515,.55800003,54028.983197,2,2,4,69,1,0,4,3,5,1,0,17,15,1,1,0,0
516,1.4827,143571.081738,2,1,1,47,0,1,3,5,1,1,0,17,25,1,1,0,0
517,.9048,87608.542411,0,2,1,26,1,1,3,2,2,1,0,17,10,0,0,0,0
518,1.2312,119217.509709,2,2,1,38,1,1,3,4,2,1,0,16,19,1,1,0,0
519,3.7042999,358679.696587,1,2,1,23,1,1,4,7,5,1,0,16,7,0,1,0,0
520,2.3155,224205.846596,3,1,1,46,0,1,3,5,2,1,0,14,19,1,1,1,0
521,1.8388,178053.527832,0,2,1,63,1,1,3,4,3,1,0,14,12,0,0,0,0
522,.75190002,72806.328632,0,2,2,40,1,0,2,3,2,1,1,17,16,0,0,0,0
524,1.7746,171830.382262,0,2,1,86,1,1,4,3,4,1,0,12,6,0,0,0,0
528,.55150002,53406.04736,1,1,2,50,0,0,4,6,5,1,0,13,12,0,1,0,0
529,.52249998,50592.590431,2,1,2,31,0,0,1,3,2,1,1,15,11,0,1,0,1
530,.55150002,53406.04736,3,2,2,54,1,0,1,2,3,1,1,14,14,1,1,1,0
531,.76880002,74446.391017,1,2,1,72,1,1,4,4,5,1,0,12,9,0,1,0,0
533,.86500001,83756.874406,1,2,1,63,1,1,3,6,4,1,1,12,1,0,1,0,0
534,1.9942,193096.985283,2,2,1,25,1,1,1,2,1,1,0,13,14,1,0,0,1
535,.95539999,92509.188801,3,1,1,58,0,1,3,3,1,1,1,12,24,1,1,1,0
536,.65069997,63010.204474,3,2,1,56,1,1,4,4,5,1,0,12,12,0,1,1,1
538,.52069998,50420.929812,3,1,1,53,0,1,2,6,2,1,1,12,13,1,1,1,0
539,.75760001,73362.041591,0,2,1,27,1,1,4,7,5,1,1,12,1,0,0,0,0
540,.9048,87609.02920800001,1,2,1,37,1,1,4,6,5,1,1,12,13,0,1,0,0
541,1.1413,110514.407779,0,1,1,59,0,1,3,6,3,1,1,16,10,0,0,0,0
543,.73390001,71061.59526,0,2,1,77,1,1,2,5,5,1,0,13,6,0,0,0,0
544,.86360002,83625.778089,0,2,1,32,1,1,1,4,1,1,1,14,1,0,0,0,0
545,.5266,50993.225688,3,2,4,49,1,0,3,4,5,1,0,14,14,1,1,1,0
546,1.6521,159971.58146,0,1,1,29,0,1,1,5,2,1,0,11,12,0,0,0,0
547,.70819998,68569.997349,2,1,1,41,0,1,2,5,5,1,0,15,13,0,1,0,1
548,1.6639,161111.654929,0,2,1,25,1,1,1,4,1,0,0,17,14,0,0,0,0
549,.9048,87609.02920800001,0,1,1,33,0,1,1,7,1,1,1,11,11,0,0,0,0
550,1.8235,176570.521523,1,2,1,48,1,1,4,4,3,1,1,15,3,0,1,0,0
552,.96539998,93482.558538,2,2,1,66,1,1,4,5,4,1,0,16,16,0,1,0,1
554,1.1993001,116126.199229,3,1,1,65,0,1,4,4,3,1,1,11,9,0,1,1,1
555,1.4909,144361.552081,0,2,1,28,1,1,1,6,5,0,1,13,9,0,0,0,0
558,.94870001,91858.414882,0,2,1,26,1,1,3,4,2,0,0,12,4,0,0,0,0
559,1.5142,146619.344294,2,2,1,32,1,1,1,4,4,1,0,14,15,0,1,0,1
561,.37259999,36078.805874,3,2,2,42,1,0,4,6,4,1,0,12,3,0,1,1,1
564,.58920002,57048.795377,0,1,1,63,0,1,4,6,5,1,1,12,15,0,0,0,0
565,.70819998,68569.997349,0,1,1,45,0,1,4,7,2,1,1,13,14,0,0,0,0
568,.77710003,75246.436048,0,1,1,58,0,1,1,4,5,1,0,17,8,0,0,0,0
570,.56239998,54455.002476,0,2,1,60,1,1,4,6,3,1,0,14,16,0,0,0,0
572,1.3977,135336.053305,4,1,1,45,0,1,2,6,5,1,1,12,15,1,1,1,1
573,.58969998,57096.401011,0,1,4,36,0,0,4,3,5,1,1,17,18,0,0,0,0
575,.75760001,73362.041591,0,1,4,23,0,0,1,4,2,1,1,12,14,0,0,0,0
576,1.1329,109696.808614,0,1,1,24,0,1,2,3,1,1,0,16,17,0,0,0,0
577,1.1329,109696.808614,0,2,1,25,1,1,3,3,1,0,0,16,5,0,0,0,0
579,.616,59650.749129,0,1,1,36,0,1,1,4,2,1,0,12,17,0,0,0,0
582,.384,37185.088396,0,2,1,19,1,1,1,5,3,1,0,13,2,0,0,0,0
583,.33970001,32894.113119,0,2,2,75,1,0,4,3,5,1,0,13,9,0,0,0,0
585,.42500001,41153.040149,1,2,2,76,1,0,4,2,5,1,0,17,11,0,1,0,0
587,.58920002,57048.795377,3,1,1,64,0,1,3,6,1,1,1,8,9,1,1,0,1
589,.588,56938.655234,0,2,1,32,1,1,4,2,4,1,1,17,6,0,0,0,0
592,.70819998,68569.997349,0,2,1,47,1,1,1,7,2,1,1,14,15,0,0,0,0
596,.70819998,68569.997349,2,2,1,48,1,1,4,6,4,1,1,14,3,1,1,0,0
597,.58920002,57048.795377,3,1,1,64,0,1,3,4,4,1,1,12,11,1,1,1,0
598,.94870001,91858.414882,3,2,1,26,1,1,1,5,3,1,0,12,10,0,1,1,1
599,.9181,88903.46647,3,1,1,76,0,1,3,4,5,1,0,17,7,1,1,0,1
600,.56239998,54455.002476,4,2,1,66,1,1,3,4,5,1,1,13,4,1,1,1,1
603,.9795,94843.156105,2,2,1,62,1,1,4,4,4,1,0,16,13,1,1,0,0
604,.70819998,68569.997349,0,2,1,44,1,1,3,3,5,1,0,13,1,0,0,0,0
605,.588,56938.655234,0,2,1,38,1,1,4,5,5,1,1,13,8,0,0,0,0
606,.88599998,85786.287767,1,2,1,43,1,1,3,4,4,1,1,16,12,1,0,0,0
608,1.7792,172275.602142,3,2,1,37,1,1,3,4,5,1,1,16,15,1,1,1,0
609,.93970001,90988.973946,3,2,1,49,1,1,3,4,1,1,0,17,13,1,1,1,0
611,.3788,36681.020796,0,2,1,28,1,1,1,6,4,1,1,12,13,0,0,0,0
613,.33219999,32164.911852,2,2,1,61,1,1,4,6,5,1,1,17,15,0,1,1,0
614,.223,21593.003562,1,2,1,61,1,1,3,4,5,1,0,15,25,0,1,0,0
618,.29890001,28938.44481,0,1,1,42,0,1,2,5,2,1,1,12,25,0,0,0,0
622,.23360001,22621.518424,0,2,1,64,1,1,4,6,4,1,0,12,11,0,0,0,0
624,.3788,36681.020796,3,2,1,28,1,1,1,4,1,1,1,12,8,1,1,0,1
626,.55140001,53388.609022,0,1,1,59,0,1,4,2,5,1,1,12,12,0,0,0,0
627,.50950003,49333.657846,1,1,1,44,0,1,4,6,5,1,1,14,9,0,1,0,0
629,.77710003,75246.436048,3,1,4,49,0,0,4,2,4,1,0,17,1,1,1,1,0
630,.33970001,32889.105231,2,2,1,45,1,1,4,2,3,1,1,16,1,1,1,0,0
632,.44389999,42978.27537,0,1,1,53,0,1,4,7,4,1,1,14,18,0,0,0,0
633,.2357,22818.915283,0,1,1,37,0,1,1,2,3,1,0,16,13,0,0,0,0
636,.34200001,33118.239944,1,2,1,54,1,1,4,4,5,1,0,14,11,0,1,0,0
637,.384,37178.502138,1,2,1,66,1,1,4,1,1,1,0,17,18,1,0,0,0
639,.71509999,69247.31355000001,2,2,1,75,1,1,4,7,4,1,0,6,9,1,1,0,0
640,.71509999,69247.31355000001,1,1,1,87,0,1,4,6,1,1,0,8,1,0,1,0,0
642,.96139997,93087.516613,1,1,1,31,0,1,1,4,3,1,0,13,17,0,1,0,0
643,2.0309999,196659.528423,1,1,1,53,0,1,1,4,3,1,1,14,12,0,1,0,0
644,.71509999,69247.31355000001,1,2,4,77,1,0,4,6,5,1,0,6,12,0,1,0,0
645,1.5010999,145345.949564,2,2,1,72,1,1,4,5,3,1,0,16,16,1,1,0,0
646,2.9809,288633.925096,4,2,1,81,1,1,3,6,5,1,1,11,2,1,1,1,1
648,2.5139,243420.107469,3,1,1,77,0,1,4,7,5,1,1,12,7,1,1,0,1
650,1.4484,140249.755721,1,1,1,46,0,1,1,4,1,1,0,17,16,0,1,0,0
651,2.4054999,232918.373633,2,1,1,37,0,1,1,5,3,1,1,16,7,0,1,0,1
652,.72280002,69983.68283999999,0,2,2,32,1,0,1,4,5,1,0,10,3,0,0,0,0
657,2.9609001,286696.935889,0,1,1,22,0,1,1,4,1,1,0,13,7,0,0,0,0
658,2.5139,243420.107469,1,1,1,77,0,1,3,4,4,1,1,12,11,0,1,0,0
659,2.9609001,286696.935889,0,1,1,26,0,1,1,4,2,1,0,14,11,0,0,0,0
660,.96319997,93267.581848,1,2,1,63,1,1,1,4,5,1,0,12,7,0,1,0,0
662,1.4603,141400.952919,3,1,1,37,0,1,4,4,1,1,1,15,13,1,1,1,0
664,1.9093,184879.509145,2,1,1,71,0,1,4,5,5,1,1,12,10,1,1,0,0
665,1.8424,178397.169465,1,1,1,46,0,1,4,6,3,1,0,10,14,0,1,0,0
666,1.0492001,101592.6485,0,1,1,18,0,1,1,5,2,1,0,12,2,0,0,0,0
667,.97979999,94877.058248,2,2,1,43,1,1,3,5,4,1,1,17,13,1,1,0,0
668,2.188,211857.476068,2,1,1,18,0,1,1,6,5,1,0,12,8,0,1,1,0
669,.58969998,57096.401011,1,2,1,33,1,1,3,5,4,1,1,16,13,0,1,0,0
671,.75760001,73362.041591,0,2,1,20,1,1,1,4,3,1,0,12,1,0,0,0,0
673,1.711,165679.080707,2,1,1,47,0,1,4,5,3,1,1,12,17,1,1,0,0
674,.70819998,68569.997349,1,1,1,42,0,1,4,5,2,1,1,16,18,0,1,0,0
675,.88599998,85786.287767,2,2,1,42,1,1,3,1,1,1,1,17,11,1,1,0,0
678,1.4117,136694.89104,2,1,1,70,0,1,4,5,2,1,1,17,19,1,1,0,0
679,.73390001,71061.59526,2,1,1,65,0,1,3,6,4,1,1,14,8,1,0,0,1
680,1.7419,168666.013783,2,1,1,26,0,1,2,4,3,1,1,16,13,1,1,0,0
681,.70819998,68569.997349,4,1,1,43,0,1,1,6,4,1,0,13,15,1,1,1,1
682,.9551,92477.436128,0,2,1,56,1,1,3,4,4,1,1,13,8,0,0,0,0
684,1.0888,105430.853131,2,2,1,46,1,1,3,5,5,1,1,13,1,0,1,1,0
685,.85949999,83220.29874100001,2,1,1,50,0,1,4,7,1,1,1,16,25,1,1,0,0
688,2.1873,211795.497932,3,2,1,31,1,1,3,2,2,1,1,16,17,1,1,0,1
689,1.6720999,161906.229197,3,1,1,60,0,1,3,6,3,1,1,16,18,1,1,0,1
690,2.1055,203873.091582,1,2,1,47,1,1,3,4,5,1,1,14,13,0,1,0,0
691,2.8206,273114.47796,1,1,1,18,0,1,1,5,1,1,0,9,1,0,1,0,0
692,2.3155,224205.846596,1,2,1,42,1,1,1,4,4,1,1,13,1,0,1,0,0
693,2.0919001,202557.020653,2,2,1,60,1,1,3,4,3,1,0,16,17,1,1,0,0
694,2.6341,255060.760954,2,1,1,45,0,1,4,5,4,1,1,16,21,1,1,0,0
695,.588,56938.655234,3,2,1,37,1,1,4,6,4,1,1,14,9,1,1,1,0
696,1.4342999,138879.442126,2,1,1,46,0,1,4,2,5,0,0,16,1,1,1,0,0
697,.57489997,55671.63246,1,2,2,65,1,0,4,4,5,1,0,12,9,0,0,1,0
699,.96319997,93267.581848,2,2,1,60,1,1,2,5,5,1,0,12,14,1,1,0,0
700,.63440001,61431.187315,3,1,2,51,0,0,3,6,5,1,1,13,19,1,1,0,1
701,1.257,121710.455437,2,1,1,77,0,1,3,4,5,1,0,12,9,1,1,0,0
702,2.4054999,232918.373633,2,1,1,36,0,1,4,4,1,1,1,16,7,1,1,0,0
704,1.4484,140249.755721,3,2,1,41,1,1,3,6,4,1,0,16,19,1,1,1,0
705,1.1131999,107788.035727,2,1,1,48,0,1,4,5,2,1,1,14,18,1,1,0,0
706,.62110001,60145.368854,2,2,1,50,1,1,3,2,3,1,0,16,16,1,1,0,0
707,.27419999,26552.907037,2,2,2,46,1,0,2,1,5,1,0,9,7,0,1,1,0
710,.2288,22154.179084,2,1,2,30,0,0,4,4,5,1,0,16,15,1,1,0,0
712,.2022,19583.221492,3,1,2,49,0,0,2,3,4,1,0,12,6,0,1,1,1
713,.63440001,61431.187315,4,1,2,52,0,0,3,4,5,1,1,14,20,1,1,1,1
714,.2084,20176.385469,2,2,2,30,1,0,1,4,5,1,1,12,2,0,0,1,1
722,.3204,31025.818351,0,2,2,26,1,0,3,6,5,1,0,9,16,0,0,0,0
724,.56239998,54455.002476,4,2,1,69,1,1,3,5,2,1,0,14,1,1,1,1,1
731,1.8128,175527.423528,2,1,1,36,0,1,1,4,4,1,0,12,11,1,1,0,0
733,.62400001,60421.011895,2,1,2,62,0,0,1,4,5,1,0,16,20,1,1,0,0
735,.86680001,83935.47620200001,1,2,1,62,1,1,3,6,5,1,0,12,14,0,1,0,0
736,1.9148,185412.90778,1,1,1,57,0,1,1,2,4,1,0,12,3,0,1,0,0
738,1.9263999,186534.548042,2,2,1,63,1,1,4,5,2,1,1,12,3,1,1,0,0
739,.90640002,87763.71176400001,1,1,1,34,0,1,1,4,2,1,0,12,24,0,1,0,0
740,.86680001,83935.47620200001,1,1,1,62,0,1,4,6,5,1,0,12,10,0,1,0,0
742,2.0143001,195042.252086,1,2,1,37,1,1,1,2,4,1,1,12,4,0,1,0,0
743,2.0696001,200395.529922,2,2,1,44,1,1,3,6,5,1,1,13,11,1,1,0,0
744,.62769997,60782.333318,1,2,2,49,1,0,4,7,5,1,0,13,4,0,1,0,0
746,.66460001,64357.268856,0,1,2,55,0,0,3,4,4,1,0,12,12,0,0,0,0
747,3.7042999,358679.696587,1,2,1,26,1,1,4,5,4,1,0,16,13,0,1,0,0
749,1.3092999,126781.571156,0,1,1,34,0,1,3,4,1,1,0,17,14,0,0,0,0
750,.36649999,35485.177493,0,1,1,43,0,1,4,6,3,1,0,12,13,0,0,0,0
752,.58920002,57048.795377,0,2,1,65,1,1,1,6,4,1,0,12,7,0,0,0,0
754,.77710003,75246.436048,0,1,1,50,0,1,4,5,3,1,1,16,23,0,0,0,0
756,1.5768,152680.318183,0,2,1,47,1,1,4,6,5,1,1,17,17,0,0,0,0
758,.38229999,37015.928875,0,2,2,48,1,0,3,4,5,1,0,14,18,0,0,0,0
761,1.9227,186174.418759,0,1,1,33,0,1,1,4,1,1,0,13,17,0,0,0,0
762,2.523,244295.020751,0,1,1,54,0,1,3,3,3,1,0,11,5,0,0,0,0
763,2.9609001,286696.935889,0,1,1,20,0,1,1,4,4,1,0,13,6,0,0,0,0
764,.46720001,45241.46955,1,2,2,62,1,0,3,4,3,1,0,9,3,1,0,0,0
765,.31810001,30796.6461,3,2,2,22,1,0,1,2,2,0,0,12,14,1,1,0,1
768,.4928,47721.091837,3,1,2,37,0,0,2,4,3,1,0,12,2,1,1,0,1
774,.63440001,61431.187315,1,1,2,57,0,0,4,5,5,1,1,13,1,0,1,0,0
776,.62959999,60966.896175,2,1,2,37,0,0,3,5,3,1,1,12,9,0,1,0,1
778,.66460001,64357.268856,0,2,2,55,1,0,4,4,5,1,0,12,4,0,0,0,0
780,.63440001,61431.187315,0,1,2,58,0,0,4,4,5,1,1,17,18,0,0,0,0
783,.72549999,70246.69931,3,2,2,41,1,0,4,4,5,1,1,13,9,1,1,0,1
784,.52359998,50703.716294,3,1,2,35,0,0,4,4,2,1,0,16,12,1,1,0,1
788,.90759999,87883.96958800001,3,1,2,44,0,0,4,2,3,1,1,16,22,1,1,0,1
789,.75190002,72806.328632,1,2,2,39,1,0,4,1,5,1,0,17,19,0,1,0,0
790,.9242,89488.096089,1,2,2,23,1,0,1,3,3,1,0,14,2,0,1,0,0
795,1.0663,103248.237452,3,2,1,81,1,1,3,7,5,1,0,13,6,1,1,0,1
801,3.678,356141.57353,2,1,1,23,0,1,4,6,5,1,0,11,7,0,1,1,0
803,2.9609001,286696.935889,1,1,1,27,0,1,3,4,5,1,0,14,21,0,1,0,0
804,2.8763001,278513.695145,0,2,1,48,1,1,4,6,4,1,0,11,3,0,0,0,0
805,2.4054999,232918.373633,0,2,1,33,1,1,3,3,3,1,1,16,13,0,0,0,0
806,2.5139,243420.107469,2,1,1,73,0,1,4,6,5,1,1,12,9,1,0,0,1
807,2.9809,288633.925096,2,1,1,81,0,1,1,3,5,1,1,9,6,1,1,0,0
809,1.2704999,123018.428111,3,2,1,50,1,1,3,2,2,1,1,17,13,1,1,0,1
810,1.9263999,186534.548042,2,1,1,50,0,1,4,5,2,1,1,12,9,1,1,0,0
813,2.1277001,206026.786996,4,1,1,51,0,1,2,4,2,1,1,12,14,1,1,1,1
815,.96319997,93267.581848,2,2,1,60,1,1,1,5,3,1,0,12,4,0,1,0,1
816,1.257,121710.455437,1,1,1,72,0,1,4,4,3,1,0,12,7,0,0,0,1
819,2.4258001,234885.187461,4,1,1,40,0,1,2,5,3,1,1,12,18,1,1,1,1
821,2.9809,288633.925096,4,2,1,76,1,1,3,4,3,1,1,10,10,1,1,1,1
823,1.1942,115635.469,2,2,1,40,1,1,1,4,3,1,1,11,5,0,0,1,1
825,.2395,23186.419953,0,1,2,73,0,0,2,5,5,1,0,12,10,0,0,0,0
826,.1758,17022.035206,0,2,2,63,1,0,3,4,4,1,0,13,9,0,0,0,0
828,.27869999,26986.311021,1,1,2,48,0,0,4,2,5,1,0,16,12,1,0,0,0
830,1.0405,100749.633239,2,1,1,44,0,1,3,2,5,0,0,14,7,1,1,0,0
832,.99879998,96716.767912,1,1,2,24,0,0,1,4,3,1,0,10,7,0,1,0,0
833,2.0143001,195042.252086,0,1,1,34,0,1,2,4,1,1,0,12,11,0,0,0,0
835,.72280002,69983.68283999999,0,2,2,32,1,0,2,5,5,0,0,11,9,0,0,0,0
838,2.1277001,206026.786996,1,2,1,51,1,1,3,3,5,1,1,12,1,0,1,0,0
842,.96319997,93267.581848,3,2,1,64,1,1,2,5,1,1,0,12,17,1,1,0,1
845,2.2843001,221182.215911,3,2,1,63,1,1,4,7,5,1,1,9,3,1,1,0,1
846,1.0154999,98330.08874799999,3,2,1,57,1,1,4,3,5,1,1,14,1,1,1,0,1
848,3.678,356141.57353,0,2,1,29,1,1,1,4,1,1,1,11,3,0,0,0,0
851,1.1404999,110438.238883,1,1,1,53,0,1,1,4,2,1,1,12,11,0,1,0,0
852,.56239998,54455.002476,2,1,1,60,0,1,4,3,1,1,0,13,14,1,1,0,0
853,.73390001,71061.59526,3,2,1,90,1,1,4,4,5,1,0,13,9,1,1,0,1
855,.91170001,88274.359385,3,2,1,90,1,1,3,7,5,1,0,8,4,1,1,1,0
861,.52069998,50420.929812,2,1,2,55,0,0,1,4,5,1,1,12,2,0,1,0,1
864,.99980003,96810.003715,3,1,1,45,0,1,3,6,4,1,0,17,7,1,1,0,1
867,1.8929,183284.507557,2,2,1,43,1,1,3,5,4,1,1,16,20,0,1,1,0
868,1.6603,160765.85589,2,2,1,54,1,1,3,5,3,1,0,15,17,1,1,0,0
869,1.2618999,122189.671705,1,1,1,47,0,1,3,6,5,1,1,16,22,0,1,0,0
871,.70359999,68127.354431,2,2,1,62,1,1,3,6,5,1,0,17,13,1,1,0,0
872,1.1069,107177.23726,2,1,1,58,0,1,3,4,5,1,0,16,18,0,1,1,0
873,.46250001,44786.613748,3,1,1,32,0,1,3,4,2,1,1,14,12,0,1,1,1
876,.76880002,74446.391017,3,2,1,72,1,1,3,2,4,1,0,12,12,1,1,0,1
877,1.0479,101462.970094,1,2,1,35,1,1,4,4,5,1,1,17,4,0,1,0,0
879,.92470002,89534.57300999999,0,1,2,86,0,0,4,4,5,1,0,9,4,0,0,0,0
882,.39739999,38475.664192,2,2,2,75,1,0,1,4,4,1,0,7,3,1,1,0,0
884,.3874,37512.154395,2,2,2,32,1,0,4,5,2,1,0,13,10,1,1,0,0
888,.25830001,25008.10293,3,1,2,35,0,0,4,4,4,1,0,14,8,1,1,0,1
890,.23980001,23220.686836,3,2,2,59,1,0,4,2,4,1,0,10,8,0,1,1,1
892,.61119998,59183.767039,2,1,2,60,0,0,1,4,4,1,1,11,2,1,1,0,0
894,.42840001,41484.343671,4,1,2,53,0,0,3,4,5,1,1,12,8,1,1,1,1
897,.38999999,37766.350897,2,2,2,41,1,0,4,6,5,1,1,16,17,0,1,1,0
898,.48120001,46598.466953,4,1,2,32,0,0,1,5,5,1,0,8,1,1,1,1,1
900,.35179999,34067.129468,1,2,2,29,1,0,3,6,5,1,0,16,10,0,1,0,0
901,.28560001,27656.229114,2,1,2,57,0,0,4,1,5,1,0,12,10,0,0,1,1
903,.27419999,26552.907037,0,2,2,46,1,0,4,7,4,1,0,11,8,0,0,0,0
906,.40020001,38749.86967,2,2,2,78,1,0,4,4,5,1,1,17,13,1,1,0,0
908,.54110003,52398.570634,2,1,2,31,0,0,3,5,4,1,0,12,18,0,1,0,1
913,.28119999,27230.260664,3,2,2,29,1,0,4,4,5,1,0,14,2,0,1,1,1
915,.2313,22393.457326,0,2,2,47,1,0,4,4,4,1,0,12,2,0,0,0,0
918,.2762,26742.142303,1,1,2,43,0,0,3,2,4,1,0,16,8,0,0,1,0
920,.2313,22393.457326,4,2,2,44,1,0,1,1,5,1,0,12,12,1,1,1,1
922,.32080001,31065.644636,1,1,2,38,0,0,3,4,4,1,0,11,12,0,1,0,0
931,.1825,17671.477206,0,1,2,68,0,0,2,1,4,1,0,12,6,0,0,0,0
935,.99449998,96297.837491,3,1,1,47,0,1,4,6,4,1,0,14,14,0,1,1,1
936,2.1826999,211348.092474,4,2,1,57,1,1,3,2,4,1,1,17,16,1,1,1,1
937,1.6516,159926.194565,4,2,1,29,1,1,3,6,5,1,1,15,15,1,1,1,1
939,2.8945,280274.587347,4,1,1,45,0,1,3,6,5,1,1,17,22,1,1,1,1
941,2.4238,234697.61473,4,1,1,48,0,1,1,5,3,1,1,12,17,1,1,1,1
943,.65069997,63010.204474,3,2,1,59,1,1,4,6,5,1,0,12,13,1,0,1,1
944,.72659999,70360.811095,0,2,1,30,1,1,1,4,3,1,1,14,17,0,0,0,0
945,.65069997,63010.204474,4,2,1,58,1,1,4,1,5,1,0,12,6,1,1,1,1
946,1.3126,127101.016271,4,2,1,40,1,1,2,5,5,1,1,14,23,1,1,1,1
947,.80409998,77863.607347,2,2,1,50,1,1,1,5,5,1,0,12,3,0,0,1,1
949,.72659999,70360.811095,4,1,1,32,0,1,3,6,4,1,1,14,19,1,1,1,1
950,1.1346,109860.691023,4,1,1,78,0,1,4,6,5,1,1,16,12,1,1,1,1
953,1.5554,150604.579287,4,1,1,23,0,1,1,3,1,1,0,14,18,1,1,1,1
954,1.8388,178053.527832,3,1,1,60,0,1,4,6,2,1,1,14,21,0,1,1,1
957,2.1277001,206026.786996,4,2,1,52,1,1,4,5,3,1,1,12,13,1,1,1,1
958,1.1761,113878.148133,4,1,1,56,0,1,1,6,3,1,0,12,19,1,1,1,1
959,2.1277001,206026.786996,4,1,1,59,0,1,3,3,3,1,1,12,7,1,1,1,1
960,1.8098,175244.489398,3,2,1,66,1,1,2,3,5,1,0,9,1,0,1,1,1
961,1.4776,143071.21078,2,1,1,33,0,1,2,5,2,1,0,14,12,1,1,0,0
963,.5104,49423.147246,0,2,4,37,1,0,1,4,3,1,1,16,6,0,0,0,0
964,1.7794,172297.580679,2,2,1,42,1,1,3,3,3,1,1,14,9,0,1,1,0
965,1.8388,178053.527832,2,2,1,64,1,1,3,1,5,1,1,14,4,1,1,0,0
966,.72320002,70026.547101,1,1,4,20,0,0,2,4,3,1,0,13,13,0,0,1,0
969,2.5409,246036.044184,3,1,1,52,0,1,3,3,3,1,1,17,14,1,1,1,0
973,.96139997,93087.516613,3,1,1,30,0,1,3,5,2,1,0,14,14,1,1,0,1
974,2.8968,280498.58566,2,2,1,41,1,1,4,6,2,1,0,16,18,1,1,0,0
975,2.3004999,222758.520739,4,1,1,63,0,1,1,1,1,1,0,16,15,1,1,1,1
978,2.5409,246036.044184,3,2,1,58,1,1,3,2,4,1,1,17,13,1,1,0,1
979,2.5409,246036.044184,4,2,1,58,1,1,4,5,2,0,0,17,19,1,1,1,1
980,1.4484,140249.755721,2,2,1,46,1,1,3,3,2,1,0,16,18,1,1,0,0
982,2.3004999,222758.520739,2,1,1,62,0,1,2,4,1,1,1,16,23,1,1,0,0
983,2.9609001,286696.935889,1,2,5,19,1,0,1,3,2,0,0,13,1,0,1,0,0
984,.79369998,76855.092848,4,1,2,59,0,0,4,3,5,1,1,17,18,1,1,1,1
985,1.3348,129245.032944,3,2,1,58,1,1,4,3,3,1,0,17,18,1,1,0,1
986,2.4054999,232918.373633,3,1,1,31,0,1,3,7,3,1,1,16,19,1,1,0,1
987,3.0021,290690.939707,2,1,1,70,0,1,3,6,5,1,1,17,18,1,1,0,0
988,1.01,97799.16176800001,1,2,1,37,1,1,2,3,3,1,0,14,11,0,1,0,0
990,2.3004999,222758.520739,1,2,1,66,1,1,3,6,5,1,1,16,11,1,0,0,0
991,2.3155,224205.846596,1,2,1,49,1,1,2,4,3,1,0,14,9,0,0,0,1
994,1.0669,103307.087846,3,2,1,51,1,1,3,5,4,1,0,13,12,1,1,0,1
996,2.0143001,195042.252086,2,1,1,33,0,1,1,4,2,1,1,12,18,0,1,0,1
1000,.25830001,25008.10293,0,2,2,35,1,0,1,4,3,1,0,13,13,0,0,0,0
1003,.49329999,47770.550819,2,2,2,20,1,0,2,6,5,1,0,11,1,0,1,0,1
1008,.1742,16868.021992,2,2,2,63,1,0,4,6,5,1,0,13,13,0,1,0,1
1009,.2313,22393.457326,3,1,2,43,0,0,4,4,5,1,0,12,1,0,1,1,1
1012,.38730001,37499.105087,0,1,2,43,0,0,1,5,2,1,0,12,1,0,0,0,0
1013,.3788,36681.394423,0,1,2,19,0,0,1,4,3,1,0,12,1,0,0,0,0
1018,.2726,26398.805004,1,2,2,51,1,0,2,3,3,1,1,14,12,0,1,0,0
1020,.2265,21931.971626,2,2,2,76,1,0,3,1,5,1,0,14,12,1,1,0,0
1023,.193,18692.846497,0,2,2,56,1,0,3,4,5,1,0,16,8,0,0,0,0
1027,.2814,27244.403089,0,2,2,75,1,0,4,5,4,1,0,9,8,0,0,0,0
1030,.2022,19583.221492,0,2,2,47,1,0,4,7,5,1,0,12,1,0,0,0,0
1031,.2814,27244.403089,0,1,2,73,0,0,4,4,3,1,0,6,15,0,0,0,0
1035,.1742,16868.021992,0,2,2,58,1,0,3,5,5,1,0,14,9,0,0,0,0
1037,.19159999,18551.56772,0,1,2,35,0,0,2,4,5,1,0,12,9,0,0,0,0
1038,.2288,22154.179084,0,2,2,36,1,0,4,3,5,1,0,17,16,0,0,0,0
1039,.4161,40287.407693,0,1,2,20,0,0,4,3,3,1,0,12,8,0,0,0,0
1043,.2208,21375.311539,0,1,2,41,0,0,4,7,5,1,0,13,2,0,0,0,0
1044,.32659999,31624.959496,0,2,2,39,1,0,3,5,3,1,0,12,9,0,0,0,0
1047,.27059999,26199.285317,1,1,2,37,0,0,3,4,5,1,0,9,3,0,0,1,0
1051,.29460001,28527.288551,0,1,2,19,0,0,4,4,2,1,0,12,2,0,0,0,0
1055,.1825,17671.477206,1,1,2,63,0,0,4,3,2,1,0,12,15,0,1,0,0
1056,.2726,26398.805004,2,2,2,54,1,0,4,6,5,1,1,13,13,0,1,0,1
1058,.58920002,57048.795377,2,2,4,64,1,0,3,2,5,1,0,12,6,1,1,0,0
1061,.40020001,38749.86967,2,1,2,85,0,0,4,2,5,1,1,16,12,1,1,0,0
1067,.27059999,26199.285317,3,1,2,36,0,0,3,5,5,1,1,12,13,1,1,0,1
1072,.19159999,18551.56772,1,2,2,39,1,0,3,2,5,1,0,12,12,0,1,0,0
1075,.65509999,63437.159893,1,2,1,56,1,1,2,2,1,1,0,12,23,1,0,0,0
1076,.92439997,89505.87392300001,4,1,1,80,0,1,3,4,2,0,0,17,17,1,1,1,1
1077,.7033,68103.62769199999,1,2,1,68,1,1,2,1,5,1,0,10,6,0,0,0,1
1081,1.9102,184961.689968,1,2,1,23,1,1,2,2,4,1,1,12,17,0,0,0,1
1085,2.4258001,234885.187461,2,1,1,49,0,1,3,3,4,1,0,12,17,1,1,0,0
1086,2.4258001,234885.187461,2,1,1,48,0,1,1,3,1,1,1,12,3,1,1,0,0
1088,.75760001,73362.041591,0,2,1,25,1,1,1,4,3,1,1,12,6,0,0,0,0
1089,2.5139,243420.107469,2,1,1,86,0,1,3,3,1,1,0,12,12,0,1,1,0
1091,1.9227,186174.418759,4,1,1,38,0,1,3,6,2,1,1,15,12,1,1,1,1
1094,.75590003,73191.03711400001,0,1,2,27,0,0,4,7,5,1,0,12,2,0,0,0,0
1097,1.0154999,98330.08874799999,3,2,7,55,1,0,2,6,5,1,0,16,16,1,1,0,1
1098,1.0154999,98330.08874799999,4,1,1,50,0,1,2,4,3,1,0,14,18,1,1,1,1
1100,1.2027,116459.571189,1,2,1,35,1,1,3,4,1,1,0,16,14,0,1,0,0
1101,1.1576999,112103.293292,4,1,1,47,0,1,3,3,3,1,0,14,13,1,1,1,1
1102,1.2027,116459.571189,2,2,1,34,1,1,3,2,4,1,0,16,10,1,1,0,0
1103,.62110001,60145.368854,1,1,4,51,0,0,4,3,5,0,0,15,14,0,1,0,0
1104,.70819998,68569.997349,3,1,1,45,0,1,3,3,3,1,0,14,16,0,1,1,1
1107,1.0584,102486.765731,0,2,1,50,1,1,3,1,5,0,1,14,9,0,0,0,0
1108,3.7042999,358679.696587,0,2,1,27,1,1,3,3,5,0,1,17,6,0,0,0,0
1109,2.3884001,231270.174697,2,1,1,39,0,1,4,7,2,1,1,12,15,1,1,0,0
1110,1.8388,178053.527832,1,1,1,63,0,1,4,4,2,1,1,14,15,0,1,0,0
1111,1.2027,116459.571189,4,2,1,36,1,1,3,3,1,1,0,17,19,1,1,1,1
1112,1.2704999,123018.428111,4,1,1,51,0,1,3,4,5,1,0,16,18,1,1,1,1
1113,1.1998,116176.741478,2,2,1,80,1,1,3,4,5,1,0,13,9,1,1,0,0
1114,2.5139,243420.107469,3,2,1,74,1,1,4,5,4,1,1,12,12,1,1,0,1
1115,.70230001,68004.5083,1,2,2,40,1,0,3,4,4,1,0,14,14,0,1,0,0
1116,1.4484,140249.755721,3,2,1,44,1,1,4,5,4,1,0,16,21,1,1,0,1
1117,2.4054999,232918.373633,3,2,1,30,1,1,3,5,2,1,1,17,23,1,1,0,1
1118,1.257,121710.455437,0,1,1,90,0,1,4,6,5,1,0,12,12,0,0,0,0
1119,2.5409,246036.044184,2,2,1,58,1,1,3,6,5,1,1,16,1,1,1,0,0
1120,1.1576999,112103.293292,3,1,1,48,0,1,4,6,2,1,0,14,22,1,1,0,1
1121,1.8388,178053.527832,3,2,1,63,1,1,3,1,3,1,1,15,9,1,1,0,1
1123,2.4054999,232918.373633,3,1,1,31,0,1,2,6,3,1,1,16,16,1,1,0,1
1124,2.3996,232352.71608,1,2,1,90,1,1,3,6,4,1,0,14,8,0,0,1,0
1126,1.9227,186174.418759,3,1,1,36,0,1,3,5,4,1,1,15,20,1,1,0,1
1127,2.4054999,232918.373633,3,1,1,35,0,1,3,5,3,1,1,16,25,1,1,1,0
1129,.62110001,60145.368854,2,1,1,54,0,1,4,6,3,1,0,13,18,1,1,0,0
1132,.98320001,95206.45994099999,2,1,1,58,0,1,4,5,4,1,1,16,13,0,1,0,1
1133,.56330001,54547.789681,2,1,2,31,0,0,4,4,5,1,0,17,17,0,1,1,0
1135,.38999999,37766.350897,3,1,2,45,0,0,4,4,5,1,1,16,16,1,1,0,1
1138,.59570003,57683.537518,4,2,2,21,1,0,4,4,5,1,0,14,1,1,1,1,1
1139,.2288,22154.179084,3,2,2,29,1,0,4,5,5,1,0,16,14,1,1,0,1
1140,.2288,22154.179084,4,2,2,39,1,0,4,3,5,1,0,16,17,1,1,1,1
1142,.1742,16868.021992,2,2,2,61,1,0,4,2,5,1,0,14,14,1,1,0,0
1143,.2022,19583.221492,4,2,2,56,1,0,3,2,5,1,0,11,13,1,1,1,1
1147,.2313,22393.457326,4,2,2,41,1,0,1,2,4,1,1,12,9,1,1,1,1
1148,.23729999,22976.632167,1,2,2,70,1,0,4,4,5,1,0,12,7,0,1,0,0
1151,.2288,22154.179084,0,2,2,37,1,0,1,4,5,1,0,14,9,0,0,0,0
1153,.1742,16868.021992,4,1,2,60,0,0,4,5,3,1,0,14,8,1,1,1,1
1155,.9242,89488.096089,1,1,2,29,0,0,1,3,3,1,0,13,12,0,1,0,0
1156,.46759999,45280.638345,1,2,2,44,1,0,2,6,5,1,0,14,4,0,1,0,0
1159,.96820003,93750.58030099999,1,2,2,18,1,0,1,5,4,0,0,12,5,0,1,0,0
1161,.68409997,66239.672829,0,2,2,53,1,0,3,6,3,1,0,12,1,0,0,0,0
1164,.52060002,50409.915814,1,1,2,65,0,0,1,6,4,1,0,12,5,0,1,0,0
1165,.62959999,60966.896175,0,1,2,36,0,0,4,4,5,1,1,12,14,0,0,0,0
1166,2.5409,246036.044184,1,2,1,49,1,1,4,6,5,1,1,16,14,0,1,0,0
1167,2.5974,251506.940842,4,2,1,45,1,1,3,6,4,1,1,16,13,1,1,1,1
1168,2.1277001,206026.786996,2,1,1,55,0,1,3,6,5,1,1,12,17,1,1,0,0
1169,1.9263999,186534.548042,0,1,1,62,0,1,3,5,5,1,1,12,13,0,0,0,0
1170,1.6295,157778.1551,0,2,1,18,1,1,1,5,3,1,0,12,3,0,0,0,0
1172,2.9609001,286696.935889,2,2,1,24,1,1,4,3,4,1,1,14,6,1,1,0,0
1173,1.1999,116189.08472,0,2,1,66,1,1,3,7,4,1,0,11,7,0,0,0,0
1174,.77710003,75246.436048,2,2,1,56,1,1,4,6,5,1,1,17,23,0,1,0,1
1176,.76880002,74446.391017,0,1,1,88,0,1,4,3,4,1,0,12,7,0,0,0,0
1177,.56239998,54455.002476,1,2,1,60,1,1,4,3,5,1,0,13,5,0,1,0,0
1179,.90549999,87681.960272,2,2,1,29,1,1,4,6,3,1,0,14,10,1,1,0,0
1180,.69859999,67645.265228,2,2,1,66,1,1,1,7,5,1,0,8,6,1,1,0,0
1181,.67809999,65657.3643,0,2,2,56,1,0,1,6,4,1,0,13,17,0,0,0,0
1182,.95609999,92574.728567,0,1,1,52,0,1,1,1,2,1,0,9,5,0,0,0,0
1183,.33899999,32828.68215,0,2,2,25,1,0,4,4,3,1,0,13,6,0,0,0,0
1185,2.4258001,234885.187461,0,2,1,42,1,1,4,3,5,1,1,12,8,0,0,0,0
1189,1.8388,178053.527832,2,2,1,64,1,1,4,2,5,1,1,14,2,0,1,0,1
1190,1.1104,107514.454363,2,2,1,48,1,1,4,6,5,1,1,15,13,1,1,0,0
1191,1.1576999,112103.293292,2,2,1,46,1,1,4,3,2,1,1,16,4,1,1,0,0
1193,1.4804,143348.941064,1,2,1,28,1,1,3,4,4,0,0,15,12,0,1,0,0
1194,2.9609001,286696.935889,2,2,1,22,1,1,3,2,1,1,0,14,8,0,1,0,1
1195,2.8968,280498.58566,3,2,1,49,1,1,4,5,1,1,1,17,19,1,1,1,0
1198,.2577,24956.385373,1,1,2,62,0,0,4,7,5,1,1,9,2,1,0,0,0
1200,.83209997,80574.81538499999,3,2,2,20,1,0,1,4,3,0,0,12,1,0,1,1,1
1204,.75190002,72806.328632,1,2,2,34,1,0,4,2,5,1,1,16,14,0,1,0,0
1205,.75190002,72806.328632,3,1,2,28,0,0,4,2,5,1,1,17,16,1,1,0,1
1206,1.8227,176489.418949,3,1,1,39,0,1,4,4,3,1,1,13,14,1,1,0,1
1207,.63440001,61431.187315,3,1,2,53,0,0,3,4,4,1,1,14,13,1,1,0,1
1210,.63440001,61431.187315,1,2,2,53,1,0,4,4,4,1,1,14,13,0,1,0,0
1212,1.8996,183939.240886,1,2,1,31,1,1,2,2,5,1,1,11,3,0,1,0,0
1213,.62959999,60966.896175,0,2,2,36,1,0,4,1,5,1,0,12,16,0,0,0,0
1216,.75999999,73592.68005900001,1,2,2,41,1,0,4,2,5,1,0,10,14,0,1,0,0
1217,.90759999,87883.96958800001,0,2,2,39,1,0,4,4,5,1,1,16,13,0,0,0,0
1218,1.3033,126194.704999,0,2,1,45,1,1,3,4,4,1,0,12,1,0,0,0,0
1221,.74190003,71836.11367000001,2,2,1,48,1,1,1,6,5,1,0,12,15,1,1,0,0
1222,.77710003,75246.436048,0,2,1,57,1,1,3,4,5,1,0,16,14,0,0,0,0
1223,.74190003,71836.11367000001,2,1,1,45,0,1,1,4,1,1,1,11,5,0,1,0,1
1227,.44999999,43577.123499,4,1,2,40,0,0,4,4,5,1,0,12,10,1,1,1,1
1234,.57499999,55677.445535,3,1,2,32,0,0,3,5,5,1,1,16,9,1,1,0,1
1236,.75999999,73592.68005900001,2,2,2,45,1,0,2,4,5,1,1,12,1,0,0,1,1
1237,.9242,89488.096089,1,1,2,27,0,0,2,2,1,1,1,17,12,0,1,0,0
1238,.62180001,60212.394203,3,1,4,53,0,0,3,7,1,0,0,17,15,1,1,0,1
1239,.96139997,93087.516613,2,1,1,38,0,1,1,6,3,1,0,17,6,0,1,0,1
1240,1.1503,111379.627975,4,1,1,69,0,1,3,3,4,1,0,17,15,1,1,1,1
1242,1.8521,179340.440202,2,2,1,24,1,1,2,5,1,1,0,17,13,1,1,0,0
1243,1.1503,111379.627975,4,1,1,66,0,1,4,5,5,1,0,17,25,1,1,1,1
1244,2.5409,246036.044184,2,1,1,57,0,1,4,5,2,1,0,17,21,0,1,0,1
1245,2.8968,280498.58566,2,2,1,40,1,1,2,6,3,1,1,17,14,1,1,0,0
1246,2.5409,246036.044184,3,1,1,56,0,1,4,5,5,1,1,17,13,1,1,0,1
1247,3.7042999,358679.696587,1,2,1,26,1,1,3,6,5,1,1,17,6,0,1,0,0
1248,2.4054999,232918.373633,0,1,1,33,0,1,1,5,5,1,1,17,24,0,0,0,0
1249,.20460001,19809.676054,2,1,2,36,0,0,3,4,4,1,0,12,14,1,1,0,0
1251,.588,56938.655234,3,1,1,35,0,1,1,6,3,1,0,14,11,1,1,1,0
1252,.70819998,68569.997349,0,2,1,43,1,1,1,4,1,1,0,14,14,0,0,0,0
1253,.89050001,86229.350636,3,1,1,57,0,1,2,4,1,1,1,12,21,0,1,1,1
1254,.94870001,91858.414882,0,2,1,23,1,1,1,4,1,1,0,12,1,0,0,0,0
1258,.80470002,77920.44650400001,0,2,1,37,1,1,3,4,3,1,0,14,9,0,0,0,0
1259,2.5409,246036.044184,2,1,1,51,0,1,3,5,4,1,1,16,15,1,1,0,0
1260,1.577,152702.666812,4,2,1,83,1,1,4,4,3,1,0,16,10,1,1,1,1
1262,2.4258001,234885.187461,3,1,1,49,0,1,3,4,4,1,1,12,17,1,1,0,1
1263,2.5409,246036.044184,2,2,1,49,1,1,3,4,5,1,1,17,12,1,1,0,0
1264,1.3206,127870.856945,2,2,1,83,1,1,4,6,4,1,0,12,13,1,1,0,0
1265,2.0309999,196659.528423,4,1,1,57,0,1,4,6,1,1,1,14,17,1,1,1,1
1268,1.6295,157778.1551,2,1,1,23,0,1,4,7,5,1,0,12,10,0,1,1,0
1269,3.0021,290690.939707,4,2,1,70,1,1,3,6,1,1,1,17,7,1,1,1,1
1271,1.5554,150604.579287,0,1,1,28,0,1,2,4,2,1,0,16,9,0,0,0,0
1272,2.1277001,206026.786996,4,2,1,58,1,1,4,4,3,1,1,12,5,1,1,1,1
1274,2.523,244295.020751,1,2,1,55,1,1,1,4,2,1,1,11,3,0,1,0,0
1275,.96600002,93533.181883,1,1,1,61,0,1,3,5,3,1,0,13,19,0,1,0,0
1276,2.9809,288633.925096,3,1,1,83,0,1,4,4,5,1,1,11,8,1,1,0,1
1280,.47130001,45637.830566,3,1,4,37,0,0,3,2,4,1,1,13,14,1,1,0,1
1281,1.6295,157778.1551,1,1,1,26,0,1,3,6,4,1,0,12,9,1,0,0,0
1282,2.0309999,196659.528423,2,2,1,51,1,1,4,6,5,1,1,16,15,1,1,0,0
1284,2.3996,232352.71608,2,1,1,70,0,1,3,3,2,1,1,13,15,1,1,0,0
1285,1.5554,150604.579287,4,1,1,21,0,1,4,3,3,1,0,15,2,1,1,1,1
1286,3.1019001,300352.843395,4,2,1,29,1,1,2,6,5,1,1,12,1,1,1,1,1
1287,2.8968,280498.58566,2,2,1,47,1,1,4,4,5,1,1,16,2,1,1,0,0
1288,1.0581,102457.517474,4,1,1,32,0,1,4,3,2,1,0,12,17,1,1,1,1
1289,2.4054999,232918.373633,0,1,1,32,0,1,1,5,1,1,1,16,21,0,0,0,0
1290,2.4809,240227.653827,0,1,1,43,0,1,4,4,3,1,1,17,22,0,0,0,0
1291,.62180001,60212.394203,0,2,1,57,1,1,4,5,4,0,0,16,14,0,0,0,0
1292,1.1446,110833.892905,0,2,1,32,1,1,1,4,2,1,0,14,18,0,0,0,0
1293,2.9609001,286696.935889,0,2,1,27,1,1,1,2,2,1,0,17,1,0,0,0,0
1295,2.3155,224205.846596,0,1,1,49,0,1,3,5,2,1,1,14,21,0,0,0,0
1296,.57050002,55245.446406,0,1,1,43,0,1,4,5,4,1,1,14,18,0,0,0,0
1297,1.4515001,140544.751357,0,2,1,56,1,1,4,4,5,1,1,12,1,0,0,0,0
1299,1.7333,167837.761093,0,1,1,51,0,1,4,5,5,1,1,17,20,0,0,0,0
1300,.78979999,76472.956313,2,2,1,45,1,1,4,2,4,1,0,14,14,0,0,1,1
1301,.78979999,76472.956313,0,2,1,47,1,1,3,7,4,1,0,14,14,0,0,0,0
1302,1.9761,191346.982362,0,2,4,43,1,0,3,2,3,1,1,17,23,0,0,0,0
1303,2.3004999,222758.520739,0,1,1,60,0,1,3,5,1,1,1,16,19,0,0,0,0
1307,2.0309999,196659.528423,2,2,1,55,1,1,3,5,5,1,1,14,1,1,0,0,1
1308,1.7627,170677.24825,0,1,1,25,0,1,2,2,1,1,0,13,12,0,0,0,0
1309,1.2091,117075.918685,0,2,1,53,1,1,3,4,4,1,0,15,15,0,0,0,0
1310,1.3384,129592.297176,4,2,5,32,1,0,1,2,1,1,1,17,20,1,1,1,1
1311,1.3433,130069.026202,0,2,1,48,1,1,4,4,2,1,0,15,13,0,0,0,0
1312,.76880002,74446.391017,1,2,1,72,1,1,1,4,4,1,0,12,7,0,1,0,0
1316,.47189999,45696.238284,1,2,4,22,1,0,1,5,5,0,0,11,1,0,0,1,0
1318,.41029999,39730.151891,3,1,4,49,0,0,3,2,3,1,1,12,17,0,1,1,1
1319,.2476,23974.1439,2,2,1,30,1,1,3,4,3,1,1,14,10,0,0,1,1
1321,.62110001,60145.368854,2,2,1,59,1,1,4,2,5,1,0,15,17,1,1,0,0
1325,.77710003,75246.436048,2,1,1,49,0,1,4,6,5,1,0,16,5,1,1,0,0
1328,.2604,25210.464906,3,2,4,55,1,0,4,4,5,1,0,12,17,0,1,1,1
1331,.3784,36635.756703,2,1,1,78,0,1,4,3,5,1,1,17,12,0,1,0,1
1332,.37990001,36785.852794,0,2,1,26,1,1,3,6,4,1,1,13,1,0,0,0,0
1335,.2455,23766.753643,1,1,4,67,0,0,3,6,5,1,0,12,13,0,0,0,1
1336,.2455,23766.753643,3,2,1,60,1,1,3,3,4,1,1,12,1,0,1,1,1
1337,.4492,43494.299295,1,2,4,28,1,0,1,5,3,1,0,10,4,0,0,1,0
1338,.25940001,25116.076899,1,1,1,33,0,1,1,2,4,1,1,12,14,0,1,0,0
1341,.94870001,91858.414882,0,2,1,28,1,1,3,4,4,1,0,12,6,0,0,0,0
1343,.2604,25210.464906,0,1,4,52,0,0,2,4,4,1,0,10,7,0,0,0,0
1344,.2485,24064.240442,1,2,1,57,1,1,4,4,5,1,0,14,12,0,1,0,0
1345,.1742,16868.021992,0,2,2,63,1,0,3,6,5,1,0,16,3,0,0,0,0
1346,.616,59650.749129,3,1,1,33,0,1,1,5,2,1,0,12,13,1,1,1,0
1347,.9181,88903.46647,1,1,1,77,0,1,3,4,1,1,0,17,11,0,1,0,0
1348,.3098,29993.479468,1,1,4,35,0,0,3,4,5,1,1,16,21,0,1,0,0
1349,.31400001,30403.480249,0,1,4,40,0,0,2,4,1,1,0,11,17,0,0,0,0
1353,.3723,36050.743434,0,1,4,49,0,0,3,6,4,1,1,11,8,0,0,0,0
1354,.25940001,25116.076899,3,2,1,38,1,1,1,4,4,1,1,12,2,0,1,1,1
1356,.62110001,60145.368854,2,1,1,58,0,1,1,4,5,1,1,14,18,1,1,0,0
1357,.26109999,25282.514793,1,2,1,56,1,1,4,5,5,1,1,13,7,0,1,0,0
1358,.72320002,70026.547101,1,1,1,27,0,1,1,4,5,1,1,14,19,0,1,0,0
1359,.56239998,54455.002476,2,2,1,69,1,1,3,4,3,1,1,13,7,1,1,0,0
1360,.9181,88903.46647,2,1,1,78,0,1,4,7,5,1,0,16,13,1,1,0,0
1362,.47099999,45605.220374,1,2,1,44,1,1,3,6,5,1,1,10,19,0,1,0,0
1363,.41029999,39730.151891,0,2,1,58,1,1,4,4,5,1,1,12,1,0,0,0,0
1364,.3714,35961.215851,2,1,4,29,0,0,3,2,1,1,1,15,17,1,1,0,0
1365,.2879,27872.332366,0,1,1,75,0,1,4,2,4,1,0,14,4,0,0,0,0
1367,.39120001,37881.820675,2,2,6,31,1,0,1,4,4,1,1,12,15,0,0,1,1
1368,.56559998,54761.758469,1,1,1,42,0,1,1,4,4,1,1,17,14,0,1,0,0
1370,.72320002,70026.547101,0,2,1,21,1,1,1,3,4,1,0,13,1,0,0,0,0
1373,.28529999,27622.723203,3,1,1,45,0,1,4,5,4,1,0,15,4,1,1,0,1
1374,.71179998,68922.256895,1,2,1,24,1,1,1,5,2,1,0,11,1,0,0,0,1
1375,1.6381,158611.129956,1,1,1,50,0,1,3,4,3,1,1,12,12,0,1,0,0
1378,.90549999,87681.960272,1,1,1,21,0,1,4,7,5,1,0,15,7,1,0,0,0
1379,.90549999,87681.960272,2,1,1,21,0,1,1,4,4,1,0,13,4,0,1,1,0
1380,.70359999,68127.354431,3,2,1,68,1,1,4,3,1,1,0,17,18,0,1,1,1
1381,1.9831001,192018.360588,3,2,1,50,1,1,4,6,5,1,1,14,14,1,1,0,1
1382,.63690001,61672.683474,2,1,1,61,0,1,2,4,3,1,0,15,17,1,1,0,0
1384,.8739,84616.854675,3,1,1,54,0,1,1,4,5,1,0,11,7,1,1,0,1
1385,1.0743999,104033.691815,3,1,1,25,0,1,3,4,3,1,1,12,16,0,1,1,1
1386,1.7602,170439.791458,3,1,1,55,0,1,3,5,4,1,1,17,18,1,1,0,1
1387,.59750003,57857.776062,2,2,4,22,1,0,4,3,3,1,1,12,8,0,1,1,0
1388,.90549999,87681.960272,3,1,1,21,0,1,4,7,5,1,0,13,11,1,1,0,1
1389,.77710003,75246.436048,2,2,1,58,1,1,4,3,5,1,0,16,15,1,1,0,0
1390,1.0141,98197.761939,2,2,1,40,1,1,3,5,4,1,1,17,4,0,1,0,1
1391,.70819998,68569.997349,0,2,1,46,1,1,3,4,5,1,0,14,20,0,0,0,0
1392,.70359999,68127.354431,2,2,1,65,1,1,3,7,5,1,0,17,18,1,0,0,1
1393,.74489999,72126.457732,3,1,1,54,0,1,2,5,1,1,0,12,20,0,1,1,1
1396,.90549999,87681.960272,3,1,1,27,0,1,4,5,2,1,0,13,18,0,1,1,1
1398,.6437,62333.49768,4,2,1,65,1,1,4,6,5,1,1,14,12,1,1,1,1
1399,1.5612,151165.648156,3,1,1,60,0,1,4,6,3,1,1,17,25,1,1,0,1
1400,.89840001,86988.598591,1,2,1,26,1,1,1,2,4,1,1,12,9,0,0,0,1
1401,.52069998,50420.929812,3,2,4,53,1,0,4,5,4,1,1,12,11,0,1,1,1
1406,.68910003,66727.335461,3,1,1,50,0,1,3,5,1,1,0,14,13,1,1,0,1
1407,.40020001,38748.522519,3,1,2,53,0,0,4,4,4,1,1,14,12,1,1,0,1
1409,.9048,87608.542411,0,2,4,26,1,0,3,2,3,1,0,17,15,0,0,0,0
1414,.38710001,37482.665811,4,1,1,70,0,1,3,1,1,1,0,17,13,1,1,1,1
1416,.65069997,63010.204474,3,1,1,50,0,1,1,4,1,1,0,12,15,0,1,1,1
1419,.4219,40855.608214,0,1,1,44,0,1,2,6,5,1,1,11,14,0,0,0,0
1424,.2314,22408.345153,3,1,2,38,0,0,3,3,3,0,0,17,19,1,1,1,0
1426,.36160001,35013.27355,2,2,4,28,1,0,1,4,3,1,1,14,3,0,0,1,1
1429,2.4054999,232918.373633,1,1,1,32,0,1,4,4,4,1,1,17,20,0,1,0,0
1430,1.4484,140249.755721,4,1,4,45,0,0,2,4,4,1,1,17,24,1,1,1,1
1431,2.4054999,232918.373633,1,2,1,35,1,1,4,5,2,1,1,17,22,0,1,0,0
1432,3.7042999,358679.696587,2,1,1,25,0,1,4,5,1,1,0,17,14,1,1,0,0
1433,2.5409,246036.044184,2,2,1,53,1,1,4,6,5,1,1,17,1,0,1,0,1
1434,2.9749,288059.143545,2,1,1,23,0,1,2,4,1,1,0,12,7,1,1,0,0
1435,2.4258001,234885.187461,2,1,1,43,0,1,1,4,4,1,0,12,17,1,1,0,0
1436,1.5459,149683.259068,1,2,1,40,1,1,1,2,2,1,1,12,1,0,1,0,0
1437,3.5409,342859.078474,2,2,1,23,1,1,1,6,5,1,0,16,3,0,1,0,1
1438,3.1019001,300352.843395,0,2,1,21,1,1,1,6,5,1,0,12,4,0,0,0,0
1439,.90759999,87883.96958800001,2,2,2,41,1,0,3,5,4,1,0,16,19,1,1,0,0
1440,.801,77561.116992,0,2,1,85,1,1,2,3,5,1,0,12,5,0,0,0,0
1442,2.1277001,206026.786996,1,2,1,52,1,1,1,7,3,1,0,12,13,0,1,0,0
1444,2.8968,280498.58566,3,2,1,41,1,1,3,2,5,1,1,17,14,1,1,0,1
1445,2.5409,246036.044184,2,2,1,57,1,1,4,5,5,1,1,17,5,0,1,1,0
1446,2.8968,280498.58566,1,2,1,41,1,1,1,6,3,1,1,16,5,0,1,0,0
1447,.96820003,93750.58030099999,0,1,2,24,0,0,1,7,4,1,0,12,1,0,0,0,0
1448,2.3004999,222758.520739,4,1,1,64,0,1,4,4,4,1,1,17,11,1,1,1,1
1451,2.3004999,222758.520739,3,1,4,64,0,0,2,4,3,1,1,17,11,1,1,1,0
1452,.68800002,66623.20292,3,1,1,68,0,1,4,4,5,1,0,12,16,1,1,1,0
1455,.90759999,87883.96958800001,4,1,2,39,0,0,4,2,4,1,1,16,12,1,1,1,1
1456,2.1445,207647.984424,3,1,1,79,0,1,4,2,4,1,1,17,17,0,1,1,1
1457,.45910001,44451.060742,2,2,4,44,1,0,3,5,5,1,1,14,5,1,1,0,0
1460,2.2843001,221182.215911,0,2,1,67,1,1,3,4,2,1,1,8,11,0,0,0,0
1461,2.1277001,206026.786996,1,2,1,53,1,1,3,4,3,1,0,12,10,0,1,0,0
1463,2.8763001,278513.695145,1,1,1,43,0,1,1,6,2,1,1,11,9,0,1,0,0
1466,2.3155,224205.846596,0,2,1,42,1,1,3,4,3,1,1,14,5,0,0,0,0
1468,2.0143001,195042.252086,0,2,1,31,1,1,1,4,4,1,0,12,11,0,0,0,0
1471,1.0581,102457.517474,4,2,1,38,1,1,3,4,2,1,0,12,6,1,1,1,1
1472,1.1177,108227.796301,2,2,1,55,1,1,4,6,5,1,0,12,14,1,1,0,0
1474,2.3884001,231270.174697,0,2,1,35,1,1,2,4,5,1,1,11,10,0,0,0,0
1476,1.9459,188417.796081,2,1,1,26,0,1,1,5,5,1,0,16,16,1,1,0,0
1477,1.2743,123387.383715,1,1,1,39,0,1,3,4,2,1,0,12,13,1,0,0,0
1478,.9012,87262.076763,2,2,2,40,1,0,4,4,4,1,0,11,1,0,1,1,0
1479,1.2743,123387.383715,4,2,1,41,1,1,3,5,4,1,0,12,12,1,1,1,1
1481,1.01,97799.16176800001,2,2,1,38,1,1,2,5,3,0,0,14,9,0,1,1,0
1486,1.2605,122057.052835,3,2,1,83,1,1,3,4,1,1,0,14,6,1,1,1,0
1490,1.7124,165805.577726,2,2,1,47,1,1,1,4,5,1,0,11,4,0,1,1,0
1491,1.0947,105999.340654,4,2,1,62,1,1,4,7,5,1,0,14,12,1,1,1,1
1492,.75190002,72806.328632,3,1,2,39,0,0,4,6,3,1,1,16,17,1,1,0,1
1497,.35179999,34067.479161,1,2,2,26,1,0,2,4,3,1,0,17,13,0,1,0,0
1498,.2208,21375.530953,1,2,2,41,1,0,3,2,4,1,0,14,9,0,1,0,0
1504,.19310001,18693.038376,2,1,2,52,0,0,1,2,4,1,0,14,15,0,0,1,1
1506,.38609999,37386.076751,4,1,2,49,0,0,4,4,1,1,0,14,12,1,1,1,1
1508,.24150001,23386.41434,2,2,2,54,1,0,4,1,5,1,0,17,17,1,1,0,0
1509,.5873,56871.678686,0,2,4,23,1,0,2,2,2,1,0,16,15,0,0,0,0
1511,.2288,22154.406493,3,1,2,38,0,0,4,3,4,1,0,17,20,1,1,0,1
1512,1.0978,106297.015642,0,2,4,32,1,0,2,2,5,1,0,15,13,0,0,0,0
1513,2.3004999,222758.520739,0,1,4,61,0,0,3,5,2,1,0,17,3,0,0,0,0
1514,2.5409,246036.044184,0,2,4,54,1,0,3,5,1,1,0,13,13,0,0,0,0
1518,1.6515,159909.203997,0,2,1,45,1,1,2,2,3,1,1,14,16,0,0,0,0
1520,2.2052,213530.233335,2,2,1,29,1,1,4,5,2,1,0,17,18,0,1,1,0
1522,1.4285001,138324.890292,0,2,1,78,1,1,4,4,4,1,0,13,14,0,0,0,0
1523,1.2091,117075.918685,4,2,1,50,1,1,3,4,2,1,0,15,19,1,1,1,1
1524,.53609997,51905.691108,1,2,2,30,1,0,3,4,5,1,1,12,9,0,1,0,0
1526,.66460001,64357.268856,1,2,2,54,1,0,3,1,5,1,0,12,3,0,0,0,1
1527,3.7042999,358679.696587,0,2,4,28,1,0,1,4,1,1,1,14,15,0,0,0,0
1528,2.1277001,206026.786996,2,2,1,51,1,1,4,6,5,1,1,12,16,1,1,0,0
1533,1.2743,123387.383715,3,1,1,48,0,1,3,7,5,1,0,12,15,1,1,0,1
1534,2.0309999,196659.528423,2,2,1,49,1,1,3,2,3,1,1,13,14,0,1,0,1
1535,2.0309999,196659.528423,2,2,1,53,1,1,3,7,5,1,1,13,1,0,1,0,1
1536,2.0143001,195042.252086,1,2,1,35,1,1,1,3,5,1,0,12,1,0,1,0,0
1540,.83399999,80753.217064,3,2,1,66,1,1,4,5,3,1,1,11,7,0,1,1,1
1544,.74150002,71800.02931500001,1,2,1,52,1,1,4,6,4,1,1,14,13,0,1,0,0
1545,.84539998,81857.139022,0,1,1,41,0,1,3,3,2,1,1,14,12,0,0,0,0
1547,.94870001,91858.414882,1,2,1,29,1,1,2,2,3,1,0,12,14,0,1,0,0
1548,.84539998,81857.139022,0,1,1,47,0,1,3,6,4,1,1,13,13,0,0,0,0
1552,.73540002,71209.564722,2,2,1,36,1,1,4,7,5,1,1,12,11,0,1,1,0
1553,.77679998,75219.998058,2,2,1,54,1,1,4,5,3,1,1,12,17,1,1,0,0
1554,.74150002,71800.02931500001,3,2,1,53,1,1,4,2,2,1,1,14,17,1,1,0,1
1556,1.069,103508.532321,3,2,1,66,1,1,3,4,3,1,0,17,3,1,1,0,1
1557,1.7868,173018.215219,2,2,1,37,1,1,4,5,5,1,1,14,12,1,1,0,0
1558,1.7903,173352.895601,2,1,1,63,0,1,4,4,2,1,1,12,12,1,1,0,0
1561,1.7089,165471.19526,1,2,1,65,1,1,3,4,5,1,1,14,12,0,1,0,0
1562,1.9773999,191467.695781,3,2,1,54,1,1,3,6,5,1,1,12,12,1,1,0,1
1563,2.3362999,226218.579455,1,1,1,75,0,1,4,6,3,1,1,12,17,0,1,0,0
1565,2.1519001,208362.113754,1,2,1,48,1,1,3,5,3,1,1,14,16,0,1,0,0
1572,1.2743,123387.383715,2,1,1,43,0,1,1,6,2,1,0,12,15,1,1,0,0
1573,1.012,97988.34104499999,1,1,1,68,0,1,3,5,3,1,1,12,25,1,0,0,0
1574,1.9263999,186534.548042,2,1,1,69,0,1,4,7,3,1,1,12,14,1,1,0,0
1577,2.4258001,234885.187461,2,2,1,47,1,1,3,7,5,1,0,12,17,1,1,0,0
1578,1.8388,178053.527832,2,2,1,64,1,1,4,3,5,1,1,16,14,1,1,0,0
1580,.44929999,43502.258279,1,2,2,41,1,0,3,4,5,1,0,12,11,0,1,0,0
1581,.37220001,36038.878619,3,1,2,35,0,0,4,4,2,1,0,11,1,1,1,1,0
1582,.375,36313.331364,2,2,2,50,1,0,1,4,2,1,0,15,14,0,1,0,1
1583,.40360001,39082.048644,3,2,2,62,1,0,3,1,5,1,0,12,7,0,1,1,1
1584,.79960001,77425.670923,4,2,1,66,1,1,1,6,1,1,0,16,7,1,1,1,1
1585,.53039998,51354.620889,0,2,2,57,1,0,3,1,5,1,0,10,1,0,0,0,0
1586,1.6863,163281.235382,2,2,1,46,1,1,3,4,4,1,1,12,15,1,1,0,0
1587,1.6681,161520.779304,0,2,1,71,1,1,4,6,5,1,0,13,3,0,0,0,0
1588,.48820001,47273.408761,4,2,2,49,1,0,4,3,5,1,0,14,3,1,1,1,1
1589,.63910002,61887.257138,0,2,1,68,1,1,4,3,1,1,0,13,10,0,0,0,0
1590,.60100001,58194.962053,3,1,2,31,0,0,4,4,4,1,0,15,12,1,1,1,0
1591,.83410001,80760.389652,0,1,1,77,0,1,4,1,4,1,0,13,10,0,0,0,0
1592,.62959999,60966.896175,0,1,2,30,0,0,1,2,5,1,0,12,8,0,0,0,0
1594,.79589999,77066.461379,2,2,5,48,1,0,4,4,3,1,0,12,12,0,1,0,1
1595,1.8961999,183607.459855,2,1,1,68,0,1,1,6,1,1,1,12,7,1,1,0,0
1596,1.5918,154132.922758,2,1,1,43,0,1,2,4,3,1,0,12,24,1,1,0,0
1599,.7597,73562.540935,1,1,1,46,0,1,2,5,4,1,0,16,18,1,0,0,0
1601,1.0929,105826.995148,2,1,1,46,0,1,4,5,1,1,1,13,18,1,1,0,0
1604,.73449999,71121.211075,3,2,2,27,1,0,3,3,3,1,0,17,10,0,1,1,1
1605,1.1998,116176.741478,0,2,1,70,1,1,4,5,4,1,0,15,13,0,0,0,0
1606,.96139997,93087.516613,1,1,5,30,0,0,3,4,4,1,0,14,14,0,1,0,0
1607,2.5139,243420.107469,2,1,1,75,0,1,4,5,5,1,1,12,12,1,1,0,0
1608,1.0639,103013.733492,1,2,1,54,1,1,3,4,5,1,0,12,10,0,1,0,0
1609,.75999999,73592.68005900001,1,2,2,47,1,0,3,6,5,1,0,12,14,0,1,0,0
1612,1.0072,97521.44791,2,2,1,35,1,1,2,4,1,1,0,12,18,0,1,0,1
1613,.96820003,93750.58030099999,2,1,2,22,0,0,3,3,3,1,1,12,15,0,1,0,1
1614,2.1277001,206026.786996,0,2,1,57,1,1,4,4,3,1,0,12,17,0,0,0,0
1618,.54110003,52398.570634,1,2,2,34,1,0,1,2,4,1,0,12,3,0,1,0,0
1622,.9867,95541.10163799999,2,1,2,20,0,0,1,5,4,1,0,11,1,1,1,0,0
1627,.39719999,38455.691679,2,1,2,26,0,0,2,3,3,1,0,14,12,1,1,0,0
1634,.2834,27438.566457,2,1,2,71,0,0,3,4,5,1,0,16,8,1,1,0,0
1639,.67119998,64989.386561,2,1,1,38,0,1,1,4,2,1,0,12,9,0,1,1,0
1640,1.6166,156530.639717,1,2,1,45,1,1,1,4,4,1,0,11,11,0,1,0,0
1642,.75760001,73362.041591,2,2,4,19,1,0,1,5,3,1,0,12,4,0,0,1,1
1643,1.9367,187531.102641,1,2,1,46,1,1,4,3,5,1,1,12,1,0,0,1,0
1644,.62180001,60212.394203,4,2,4,56,1,0,4,4,4,0,0,17,19,1,1,1,1
1645,.63440001,61431.187315,3,1,2,56,0,0,3,6,5,1,1,13,18,1,1,0,1
1646,.44260001,42858.985041,3,2,5,33,1,0,4,5,3,1,1,16,13,1,1,0,1
1647,1.2981,125691.87586,3,1,1,51,0,1,2,7,4,1,1,15,19,1,1,0,1
1648,1.2801,123954.502595,3,1,1,32,0,1,2,4,4,1,1,16,15,1,1,1,0
1649,.65069997,63010.204474,2,1,1,50,0,1,3,3,2,1,0,12,17,1,1,0,0
1651,.39750001,38486.948304,2,2,1,63,1,1,1,4,5,1,0,11,3,0,1,1,0
1652,.74190003,71836.11367000001,3,2,1,42,1,1,1,2,1,1,1,10,8,0,1,1,1
1653,1.8858,182601.54014,4,1,1,19,0,1,4,2,3,0,0,14,3,1,1,1,1
1654,.80919999,78352.00689999999,1,2,1,57,1,1,3,2,3,1,0,16,14,0,1,0,0
1656,.8035,77797.565048,4,1,1,50,0,1,4,7,5,1,0,10,12,1,1,1,1
1657,.72320002,70026.547101,3,2,5,29,1,0,3,4,4,1,0,13,8,1,1,1,0
1658,1.6184,156704.0138,3,1,1,59,0,1,4,2,2,1,1,16,13,1,1,0,1
1659,2.2555001,218402.143941,4,2,1,25,1,1,2,2,1,1,0,17,4,1,1,1,1
1660,1.4099,136520.238102,3,2,1,49,1,1,3,5,3,1,0,13,14,1,1,1,0
1662,2.9609001,286696.935889,3,1,1,21,0,1,3,5,2,1,0,15,2,0,1,1,1
1663,.9181,88903.46647,4,2,1,85,1,1,4,5,3,1,0,17,12,1,1,1,1
1664,.62110001,60145.368854,3,1,1,51,0,1,2,4,3,1,0,14,17,0,1,1,1
1666,.81699997,79104.7583,3,2,5,66,1,0,2,3,4,1,0,13,14,1,1,0,1
1668,2.6308999,254744.65005,1,2,1,29,1,1,4,3,4,1,1,13,2,0,1,0,0
1669,.7087,68627.172984,3,2,4,43,1,0,1,4,5,1,1,12,2,0,1,1,1
1670,2.0441,197932.151718,3,1,1,62,0,1,4,4,4,1,1,16,18,1,1,1,0
1671,2.0592,199392.967791,3,1,1,51,0,1,2,4,2,1,1,16,15,1,1,0,1
1673,2.4330001,235582.26751,3,1,1,72,0,1,4,4,4,1,1,17,16,1,1,0,1
1674,1.4902,144298.456179,4,1,1,62,0,1,4,6,4,1,1,14,17,1,1,1,1
1675,.57050002,55245.446406,2,2,4,47,1,0,3,2,5,1,1,13,18,1,1,0,0
1676,2.5139,243420.107469,2,1,1,71,0,1,3,4,2,1,1,11,11,1,1,0,0
1677,.49700001,48128.480884,2,2,4,53,1,0,3,4,4,1,0,13,10,0,1,1,0
1678,2.4054999,232918.373633,2,2,1,30,1,1,2,3,3,1,1,17,17,1,1,0,0
1680,1.257,121710.455437,2,2,1,72,1,1,1,4,4,1,0,12,13,0,1,0,1
1682,2.4054999,232918.373633,2,1,1,31,0,1,3,3,3,1,1,16,14,1,1,0,0
1683,1.1576999,112103.293292,0,2,1,46,1,1,1,2,5,0,0,13,10,0,0,0,0
1686,1.5509,150176.917353,1,2,1,22,1,1,1,5,2,1,0,12,8,0,0,0,1
1689,1.4804,143348.941064,0,1,1,26,0,1,1,5,4,1,0,13,13,0,0,0,0
1690,1.1503,111379.627975,1,2,1,64,1,1,4,6,5,1,0,16,8,0,1,0,0
1691,1.257,121710.455437,3,2,1,82,1,1,4,7,5,1,0,12,4,1,1,0,1
1696,2.8968,280498.58566,1,2,1,45,1,1,2,4,4,1,1,17,15,0,1,0,0
1697,2.8968,280498.58566,3,1,1,41,0,1,4,3,3,1,1,17,17,1,1,0,1
1698,1.257,121710.455437,1,2,1,86,1,1,3,4,5,1,0,12,9,0,1,0,0
1700,2.5409,246036.044184,2,1,1,57,0,1,3,4,4,1,1,16,17,1,1,0,0
1701,2.3996,232352.71608,2,1,1,72,0,1,4,6,5,1,1,13,8,1,1,0,0
1705,.7881,76311.2436,2,1,2,58,0,0,4,4,5,1,0,10,14,0,1,0,1
1707,.63440001,61431.187315,1,2,2,58,1,0,4,6,5,1,0,14,13,0,1,0,0
1709,.66460001,64357.268856,3,1,2,50,0,0,3,4,3,1,0,4,19,0,1,1,1
1710,.72549999,70246.69931,3,2,4,37,1,0,3,6,3,1,0,14,17,1,1,0,1
1711,.79369998,76855.092848,2,1,2,50,0,0,4,4,5,1,1,16,16,1,1,0,0
1713,.66460001,64357.268856,2,1,2,59,0,0,1,4,2,1,0,11,5,0,1,0,1
1717,.96319997,93267.581848,2,1,1,67,0,1,4,6,3,1,1,12,10,1,1,0,0
1719,.80129999,77588.575747,2,2,1,30,1,1,1,4,1,1,0,11,3,0,1,0,1
1720,.74190003,71836.11367000001,0,2,1,41,1,1,1,3,1,1,0,12,2,0,0,0,0
1725,.66180003,64079.16482,1,1,4,29,0,0,1,4,1,1,1,6,12,0,0,0,1
1727,.1903,18421.747824,1,2,2,34,1,0,4,2,4,1,0,14,13,0,1,0,0
1728,.94870001,91858.414882,1,2,1,27,1,1,4,3,4,1,1,12,4,0,1,0,0
1729,.62180001,60212.394203,4,1,1,53,0,1,1,2,5,1,1,17,16,1,1,1,1
1730,.42030001,40695.931687,2,2,4,41,1,0,4,4,5,1,1,13,11,1,1,0,0
1731,.73570001,71234.59314300001,3,2,1,38,1,1,3,3,5,1,1,17,21,1,1,0,1
1734,.9242,89488.096089,2,1,2,22,0,0,1,4,4,1,0,13,6,0,0,1,1
1736,1.1998,116176.741478,4,2,1,73,1,1,4,6,5,1,0,14,13,1,1,1,1
1737,2.4054999,232918.373633,4,2,1,34,1,1,3,5,3,1,1,16,14,1,1,1,1
1738,.9012,87262.076763,2,2,2,46,1,0,3,2,5,1,1,11,11,1,0,0,1
1739,.67720002,65570.50247000001,4,2,2,53,1,0,4,2,5,1,0,17,11,1,1,1,1
1744,.51279998,49650.228263,0,2,2,39,1,0,4,2,5,1,0,14,12,0,0,0,0
1747,.7112,68861.622304,3,1,2,61,0,0,3,2,4,1,1,10,7,1,1,0,1
1748,1.7752,171891.425982,4,1,1,30,0,1,1,4,2,1,0,12,6,1,1,1,1
1749,1.2022001,116411.433563,2,1,1,51,0,1,1,6,1,1,0,11,11,0,0,1,1
1752,2.0278001,196351.718941,4,2,1,52,1,1,3,6,5,1,1,12,1,1,1,1,1
1753,1.4306,138520.011218,0,2,1,90,1,1,4,6,4,1,0,16,13,0,0,0,0
1754,1.1034,106838.542739,0,2,1,47,1,1,3,6,3,1,0,15,18,0,0,0,0
1755,1.5029,145526.994402,3,2,1,27,1,1,1,2,2,1,0,16,1,0,1,1,1
1758,.48429999,46889.609748,0,2,2,73,1,0,3,1,3,1,1,7,2,0,0,0,0
1760,.19159999,18551.56772,0,2,2,37,1,0,4,4,4,1,0,12,2,0,0,0,0
1761,.50709999,49097.54943,4,2,2,24,1,0,4,4,4,1,0,12,8,1,1,1,1
1764,.2313,22393.457326,2,1,2,45,0,0,2,5,4,1,0,12,5,0,0,1,1
1765,.23980001,23220.686836,3,1,2,57,0,0,1,3,4,1,0,8,3,1,1,1,0
1766,.62959999,60966.896175,1,1,2,34,0,0,2,5,4,1,0,12,15,1,0,0,0
1767,2.4054999,232918.373633,0,2,1,31,1,1,4,4,2,1,1,16,19,0,0,0,0
1771,1.4904,144317.438864,0,2,1,73,1,1,3,6,5,1,0,10,3,0,0,0,0
1774,.6142,59470.376953,0,2,2,52,1,0,1,4,5,1,0,14,9,0,0,0,0
1777,.66460001,64357.268856,0,2,2,54,1,0,1,7,4,1,1,12,8,0,0,0,0
1778,2.1277001,206026.786996,0,2,1,58,1,1,4,4,5,1,1,12,11,0,0,0,0
1779,1.8388,178053.527832,0,1,1,66,0,1,4,6,3,1,1,13,25,0,0,0,0
1780,2.0309999,196659.528423,2,1,1,55,0,1,4,5,2,1,1,14,25,1,1,0,0
1781,1.4904,144317.438864,0,1,1,78,0,1,4,4,4,1,0,9,1,0,0,0,0
1782,1.2704999,123018.428111,2,1,1,58,0,1,2,5,4,1,0,16,8,0,1,0,1
1785,.2577,24956.385373,1,2,2,63,1,0,4,5,3,1,0,10,3,0,1,0,0
1794,.24150001,23386.174285,3,2,2,51,1,0,3,2,5,1,0,16,3,1,1,0,1
1798,.2726,26398.805004,2,1,2,57,0,0,4,5,2,1,0,14,7,1,1,0,0
1799,.3387,32793.20696,1,2,2,57,1,0,3,5,5,1,1,8,1,0,0,1,0
1804,.2313,22393.457326,0,2,2,48,1,0,4,4,5,1,1,12,9,0,0,0,0
1805,.29460001,28527.288551,1,2,2,19,1,0,1,7,5,1,0,12,1,1,0,0,0
1807,.62410003,60431.111539,1,2,2,21,1,0,4,4,4,1,1,12,5,0,0,0,1
1808,.2313,22393.457326,3,1,2,43,0,0,3,4,5,1,0,12,14,0,1,1,1
1809,.193,18692.846497,4,2,2,56,1,0,4,4,3,1,0,13,14,1,1,1,1
1810,.2022,19583.221492,3,1,2,55,0,0,4,2,5,1,0,12,10,1,1,0,1
1815,.95829999,92789.13946400001,2,2,1,76,1,1,4,6,5,1,1,14,13,1,0,0,1
1816,.3484,33735.355168,0,2,2,44,1,0,1,6,5,1,0,8,3,0,0,0,0
1817,.58759999,56901.584093,2,1,2,40,0,0,4,1,5,1,0,12,13,1,1,0,0
1822,.19159999,18551.56772,0,2,2,33,1,0,2,6,5,1,0,12,5,0,0,0,0
1823,.1829,17708.098119,0,2,2,35,1,0,4,4,3,1,1,14,15,0,0,0,0
1825,.28560001,27656.229114,1,2,2,52,1,0,4,3,5,1,0,12,15,0,1,0,0
1826,.1829,17708.098119,0,2,2,33,1,0,4,2,4,1,0,13,1,0,0,0,0
1827,.4161,40287.407693,1,1,2,29,0,0,1,4,4,1,0,12,12,0,1,0,0
1829,.2272,21997.409595,1,2,2,35,1,0,2,1,2,1,0,9,10,0,1,0,0
1830,.24150001,23386.174285,2,1,2,56,0,0,4,2,5,1,1,16,16,1,1,0,0
1835,.29460001,28527.288551,0,2,2,26,1,0,1,4,5,1,0,12,3,0,0,0,0
1837,1.6815,162815.583753,0,2,1,41,1,1,3,6,5,1,1,16,1,0,0,0,0
1838,1.3963,135197.619199,3,2,1,37,1,1,4,5,1,1,1,16,16,1,1,1,0
1839,1.6815,162815.583753,3,1,4,45,0,0,3,5,2,0,1,17,20,1,1,0,1
1840,2.1501,208195.859679,3,2,1,26,1,1,3,6,5,1,1,16,17,1,0,1,1
1841,1.0674,103351.284304,1,2,1,44,1,1,1,5,5,1,1,17,13,0,1,0,0
1842,1.3963,135197.619199,4,2,1,37,1,1,1,6,4,1,1,17,20,1,1,1,1
1843,1.3963,135197.619199,4,1,1,36,0,1,3,6,4,1,1,16,19,1,1,1,1
1844,1.3353,129300.326078,3,1,1,61,0,1,3,6,3,1,1,16,20,1,1,0,1
1845,.9181,88903.46647,1,1,1,78,0,1,4,4,3,1,0,17,17,0,0,1,0
1846,.73390001,71061.59526,0,2,1,71,1,1,4,6,5,1,0,17,18,0,0,0,0
1847,2.9609001,286696.935889,2,2,1,24,1,1,2,4,3,1,0,14,4,1,1,0,0
1848,1.0953,106056.555772,0,1,1,28,0,1,3,5,3,1,0,12,1,0,0,0,0
1852,1.4342999,138883.534503,0,2,1,51,1,1,3,4,3,1,1,13,14,0,0,0,0
1856,1.6247,157314.984679,1,1,1,69,0,1,3,6,4,1,1,17,18,1,0,0,0
1857,1.2986,125743.733214,2,1,1,69,0,1,4,6,4,1,1,14,15,1,1,0,0
1858,2.0458,198091.774713,4,1,1,48,0,1,4,6,3,1,1,17,20,1,1,1,1
1861,2.0143001,195042.252086,4,2,1,35,1,1,2,6,4,1,1,12,12,1,1,1,1
1862,2.4054999,232918.373633,4,2,1,38,1,1,3,6,5,1,1,17,10,1,1,1,1
1865,2.3996,232352.71608,4,2,1,82,1,1,4,6,5,1,1,13,5,1,1,1,1
1867,2.3155,224205.846596,0,2,1,49,1,1,2,6,5,1,1,13,12,0,0,0,0
1868,2.4054999,232918.373633,4,2,1,38,1,1,4,6,4,1,1,16,2,1,1,1,1
1869,3.7042999,358679.696587,4,2,1,25,1,1,4,6,4,1,1,17,15,1,1,1,1
1870,2.3996,232352.71608,2,1,1,81,0,1,3,6,4,1,1,13,17,1,1,0,0
1871,2.8968,280498.58566,3,2,1,46,1,1,4,6,5,1,1,16,1,1,1,0,1
1872,1.5010999,145345.949564,4,2,1,75,1,1,3,4,3,1,0,16,14,1,1,1,1
1873,1.0203,98796.966825,3,1,1,50,0,1,3,4,5,1,1,12,14,1,1,1,0
1874,2.3155,224205.846596,4,2,1,45,1,1,2,5,3,1,1,16,19,1,1,1,1
1875,2.5139,243420.107469,3,1,1,72,0,1,2,4,5,1,1,12,17,0,1,1,1
1876,1.2027,116459.571189,3,1,1,36,0,1,4,2,5,0,0,17,25,1,1,1,0
1877,.91939998,89027.05774800001,3,2,1,62,1,1,4,2,2,1,0,13,17,1,1,0,1
1878,.91939998,89027.05774800001,4,1,1,61,0,1,3,6,4,1,0,14,18,1,1,1,1
1879,2.5409,246036.044184,1,2,1,51,1,1,3,4,2,1,1,17,17,1,0,0,0
1880,.3576,34623.656775,4,1,1,72,0,1,4,4,5,1,0,6,7,1,1,1,1
1881,.29890001,28938.44481,1,2,1,46,1,1,4,4,5,1,1,12,6,0,1,0,0
1883,.2357,22819.147713,2,1,1,31,0,1,1,7,2,1,0,14,13,0,1,0,1
1885,.29890001,28938.739573,3,1,1,45,0,1,2,6,4,1,1,9,7,1,1,0,1
1887,.4492,43494.299295,0,2,1,29,1,1,1,4,2,1,1,10,1,0,0,0,0
1889,.3788,36681.020796,0,2,1,27,1,1,3,4,5,1,0,12,11,0,0,0,0
1892,.27700001,26823.602327,0,2,1,62,1,1,4,4,3,1,0,4,2,0,0,0,0
1893,.61739999,59786.313587,3,2,1,51,1,1,1,7,5,1,1,6,1,0,1,1,1
1894,.29890001,28938.739573,4,2,1,40,1,1,1,4,4,1,0,12,6,1,1,1,1
1896,.3576,34624.009447,2,2,1,73,1,1,4,3,5,1,1,8,2,0,0,1,1
1897,.2604,25210.721696,3,2,1,57,1,1,4,4,5,1,1,12,5,0,1,1,1
1898,.35440001,34313.936005,0,2,1,43,1,1,1,4,5,1,1,7,11,0,0,0,0
1900,.70819998,68569.997349,3,2,4,47,1,0,1,2,3,1,1,13,16,0,1,1,1
1902,.9181,88903.46647,4,2,1,84,1,1,1,5,5,1,0,16,12,1,1,1,1
1903,.25909999,25091.585111,3,2,4,53,1,0,3,2,5,0,0,14,4,1,1,0,1
1906,.24690001,23906.066098,0,1,1,37,0,1,2,4,1,1,1,12,11,0,0,0,0
1911,.62110001,60145.368854,1,2,1,55,1,1,3,6,5,1,1,15,20,0,1,0,0
1913,.35440001,34313.586492,1,2,4,47,1,0,2,2,4,1,0,6,1,0,1,0,0
1915,.24690001,23906.066098,1,1,1,32,0,1,1,5,4,1,0,12,14,0,1,0,0
1916,.2357,22819.147713,0,2,1,37,1,1,3,5,4,1,0,16,18,0,0,0,0
1917,.3601,34870.410056,3,2,1,78,1,1,4,6,5,1,0,16,10,1,1,1,0
1920,.2357,22818.915283,1,1,1,35,0,1,4,3,4,1,0,14,8,0,0,0,1
1922,.2313,22393.457326,3,1,2,43,0,0,2,4,3,1,0,12,5,0,1,1,1
1923,.70359999,68127.354431,4,1,1,64,0,1,3,3,5,0,0,17,3,1,1,1,1
1928,.29890001,28938.739573,2,2,1,45,1,1,1,4,5,1,1,12,1,0,1,0,1
1930,.2485,24064.485557,4,2,1,53,1,1,2,3,4,1,1,13,1,1,1,1,1
1931,.90549999,87681.960272,4,1,1,22,0,1,1,6,5,1,0,14,11,1,1,1,1
1932,.3118,30187.09223,1,1,2,47,0,0,2,7,4,1,0,14,6,0,1,0,0
1933,.24690001,23906.066098,2,2,1,35,1,1,2,5,2,1,1,12,5,0,1,0,1
1934,.35350001,34228.72157,3,2,1,38,1,1,3,4,4,1,1,14,1,1,1,1,0
1935,.23360001,22621.748843,3,1,1,69,0,1,4,4,5,1,1,12,13,1,1,0,1
1936,.2604,25210.464906,0,2,1,52,1,1,1,6,5,1,0,12,18,0,0,0,0
1937,.4524,43804.71739,2,2,1,29,1,1,2,4,3,1,1,17,15,0,1,1,0
1938,.29480001,28548.200506,2,2,1,29,1,1,4,2,3,1,0,17,16,1,1,0,0
1939,.73570001,71234.59314300001,3,2,4,31,1,0,3,6,5,1,0,17,15,1,1,0,1
1940,.70359999,68127.354431,3,1,4,60,0,0,1,6,1,1,1,16,18,1,1,0,1
1942,.72320002,70026.547101,0,1,1,26,0,1,1,4,5,1,0,15,12,0,0,0,0
1943,.28529999,27623.004564,1,1,1,39,0,1,3,4,5,1,0,14,9,0,1,0,0
1946,.2288,22154.179084,1,2,2,31,1,0,2,6,5,1,1,16,11,0,1,0,0
1947,.28119999,27230.260664,3,1,2,27,0,0,1,5,2,1,0,16,13,1,1,0,1
1948,.35690001,34558.129987,1,1,4,40,0,0,4,4,5,1,0,17,15,0,1,0,0
1949,.278,26916.672478,3,1,2,57,0,0,3,5,5,1,1,13,12,1,1,1,0
1950,.88599998,85786.287767,3,2,1,40,1,1,3,7,5,1,1,16,7,1,1,0,1
1951,.70359999,68127.354431,2,1,1,69,0,1,4,5,3,1,1,17,17,1,1,0,0
1952,.77710003,75246.436048,3,2,1,56,1,1,4,2,3,1,1,16,15,1,1,0,1
1956,.70359999,68127.354431,4,2,1,66,1,1,4,2,1,1,1,17,18,1,1,1,1
1960,.94870001,91858.414882,1,2,1,23,1,1,3,4,4,1,0,12,7,1,0,0,0
1962,.77710003,75246.436048,0,2,1,51,1,1,3,4,5,1,0,17,21,0,0,0,0
1963,.73570001,71234.59314300001,3,2,1,34,1,1,3,3,5,1,0,17,15,1,1,0,1
1964,1.1329,109696.808614,3,2,1,26,1,1,4,5,5,1,1,16,10,0,1,1,1
1966,.73570001,71234.59314300001,4,1,1,35,0,1,3,6,2,1,1,16,23,1,1,1,1
1967,.70819998,68569.997349,2,2,1,48,1,1,2,6,3,1,0,14,15,1,1,0,0
1970,1.2332,119413.400911,2,1,1,26,0,1,4,3,4,1,0,17,7,1,1,0,0
1973,.75760001,73362.041591,0,2,1,21,1,1,1,6,3,1,0,12,4,0,0,0,0
1974,.2357,22818.915283,0,2,1,29,1,1,4,1,4,1,0,15,10,0,0,0,0
1975,.27700001,26823.602327,0,2,1,64,1,1,2,3,4,1,1,6,1,0,0,0,0
1976,.24690001,23906.066098,0,1,1,37,0,1,1,3,3,1,1,12,16,0,0,0,0
1977,.62110001,60145.368854,0,2,1,54,1,1,2,6,3,1,0,14,7,0,0,0,0
1980,.36160001,35013.630191,0,1,1,28,0,1,3,6,4,1,1,15,13,0,0,0,0
1986,.588,56938.655234,3,1,1,38,0,1,2,5,3,1,0,13,19,0,1,1,1
1989,.70819998,68569.997349,3,2,1,40,1,1,4,4,5,1,0,14,17,0,1,1,1
1991,.73049998,70730.51620500001,1,1,1,35,0,1,2,3,2,1,0,12,7,0,1,0,0
1992,.56239998,54455.002476,3,1,1,63,0,1,3,3,3,1,1,17,17,1,1,0,1
1993,.49380001,47811.645194,3,1,4,34,0,0,1,5,5,1,0,12,10,1,1,0,1
1994,1.7627,170677.24825,1,2,1,24,1,1,4,5,3,1,0,15,10,0,1,0,0
1996,1.3785,133474.872411,2,2,4,41,1,0,4,6,5,1,0,14,16,1,1,0,0
1997,1.9227,186174.418759,1,1,1,35,0,1,3,6,2,1,0,14,14,0,1,0,0
1998,2.3155,224205.846596,3,1,1,46,0,1,3,7,5,1,1,14,19,1,1,0,1
1999,.75760001,73362.041591,2,1,4,25,0,0,2,4,1,1,1,12,13,0,1,0,1
2000,2.9609001,286696.935889,1,1,1,27,0,1,3,4,4,1,1,14,14,0,1,0,0
2001,1.2012,116307.96001,2,1,1,52,0,1,4,2,2,0,0,14,13,1,1,0,0
2002,.92470002,89534.57300999999,3,1,2,85,0,0,4,1,4,1,0,7,12,0,1,1,1
2003,1.4346,138915.297974,2,2,1,48,1,1,4,4,5,1,0,12,10,1,1,0,0
2004,1.1371,110106.878755,1,1,1,38,0,1,3,6,4,1,0,14,18,0,1,0,0
2005,1.7510999,169557.692027,1,1,1,25,0,1,4,2,1,1,0,13,11,0,1,0,0
2006,.47130001,45637.830566,0,1,1,36,0,1,1,4,5,1,0,13,20,0,0,0,0
2007,1.3694,132599.344914,0,2,5,45,1,0,2,1,4,1,0,14,9,0,0,0,0
2009,.2604,25210.464906,2,2,4,54,1,0,2,4,3,1,0,12,13,0,1,1,0
2010,.58920002,57048.795377,1,2,1,67,1,1,4,5,4,1,1,12,19,0,1,0,0
2012,.75760001,73362.041591,3,1,1,19,0,1,4,2,5,1,0,12,13,0,1,1,1
2013,.56239998,54455.002476,3,2,1,65,1,1,3,4,5,1,0,15,10,1,1,0,1
2014,.88599998,85786.287767,2,1,1,44,0,1,3,6,4,1,1,16,18,1,1,0,0
2015,.65069997,63010.204474,3,2,1,57,1,1,4,6,5,1,0,12,16,1,1,1,0
2016,.2357,22818.915283,1,2,1,33,1,1,1,4,4,1,0,13,15,0,1,0,0
2017,.223,21593.223505,0,2,1,60,1,1,3,3,5,1,1,14,12,0,0,0,0
2018,.28529999,27622.723203,0,2,1,43,1,1,1,4,3,1,0,13,7,0,0,0,0
2020,.36160001,35013.27355,0,2,4,28,1,0,1,4,3,0,0,15,1,0,0,0,0
2026,.5424,52520.445286,1,1,4,20,0,0,3,3,5,1,0,13,2,0,1,0,0
2027,.36160001,35013.630191,2,2,4,27,1,0,4,4,4,1,1,14,10,0,0,1,1
2029,.35350001,34228.72157,1,2,1,34,1,1,2,2,4,1,0,14,3,0,1,0,0
2030,.98570001,95448.547746,2,1,1,22,0,1,4,6,5,1,0,14,1,1,1,0,0
2031,.29480001,28548.491294,2,2,4,38,1,0,3,4,4,1,1,16,14,0,1,0,1
2034,.29480001,28548.491294,2,1,1,37,0,1,2,5,4,1,1,15,13,0,1,0,1
2037,.28529999,27622.723203,0,2,1,42,1,1,1,6,5,1,0,14,13,0,0,0,0
2038,.46520001,45048.949679,1,1,4,66,0,0,3,3,5,1,1,12,7,0,0,0,1
2040,.4693,45442.04978,3,1,1,35,0,1,3,4,3,1,1,14,19,1,1,1,0
2042,.4693,45442.04978,0,2,1,33,1,1,1,3,5,1,0,15,11,0,0,0,0
2043,.29890001,28938.44481,1,2,1,49,1,1,3,5,5,1,0,12,11,0,0,0,1
2044,.4693,45442.04978,0,1,1,34,0,1,2,2,3,1,1,15,11,0,0,0,0
2045,.28529999,27622.723203,2,2,1,47,1,1,1,4,4,1,0,14,18,0,1,0,1
2053,1.1932,115534.792301,4,2,1,79,1,1,4,6,5,1,0,13,7,1,1,1,1
2055,.94209999,91224.706399,2,1,1,57,0,1,2,4,5,1,1,14,15,1,1,0,0
2056,.89840001,86988.598591,0,2,1,19,1,1,1,4,4,1,0,11,2,0,0,0,0
2058,.62959999,60966.896175,0,1,2,34,0,0,1,3,4,1,0,12,14,0,0,0,0
2059,1.4252,138001.361161,1,2,1,66,1,1,3,6,5,1,1,17,12,0,1,0,0
2060,.60100001,58194.962053,0,1,2,31,0,0,2,4,4,0,0,15,11,0,0,0,0
2062,.96820003,93750.58030099999,0,2,2,19,1,0,1,5,5,1,0,12,1,0,0,0,0
2064,.38049999,36842.433026,1,2,2,51,1,0,3,4,5,1,0,14,16,0,0,1,0
2067,.62959999,60966.896175,2,1,2,30,0,0,1,5,5,1,1,12,2,0,1,0,1
2068,.4795,46428.183006,0,1,1,54,0,1,4,4,2,1,1,9,12,0,0,0,0
2069,.49829999,48248.726394,1,2,2,32,1,0,2,3,3,0,0,10,2,0,0,1,0
2070,.7112,68861.622304,0,2,2,60,1,0,3,4,5,1,1,11,1,0,0,0,0
2072,.45469999,44025.523154,0,1,4,39,0,0,4,4,3,1,1,0,14,0,0,0,0
2074,.74659997,72291.129631,0,1,2,33,0,0,1,6,3,1,0,10,16,0,0,0,0
2076,.88599998,85786.287767,2,1,1,47,0,1,4,4,5,1,1,17,23,1,1,0,0
2079,.29480001,28548.491294,1,2,1,33,1,1,3,4,2,1,1,17,17,0,1,0,0
2082,.67379999,65242.113483,0,1,1,29,0,1,1,5,5,1,1,9,1,0,0,0,0
2083,.29480001,28548.491294,1,2,4,33,1,0,4,2,4,1,1,17,16,0,1,0,0
2084,.74190003,71836.11367000001,3,1,1,47,0,1,3,6,2,1,0,12,4,1,1,1,0
2091,.2357,22818.915283,0,2,4,30,1,0,1,5,5,1,1,14,12,0,0,0,0
2093,.35690001,34558.481991,0,1,4,42,0,0,3,4,2,1,1,16,14,0,0,0,0
2094,.29890001,28938.739573,0,2,1,51,1,1,4,6,4,1,1,6,5,0,0,0,0
2095,.3788,36681.020796,3,1,1,21,0,1,1,4,3,1,0,12,7,0,1,1,1
2096,.3087,29893.461281,0,2,1,53,1,1,3,5,5,1,1,8,7,0,0,0,0
2097,.24690001,23905.822597,0,2,4,37,1,0,3,7,3,1,1,12,7,0,0,0,0
2098,.3788,36681.020796,1,2,1,26,1,1,3,5,5,1,0,12,5,0,1,0,0
2101,.2604,25210.464906,1,2,4,50,1,0,3,6,5,1,1,12,12,0,1,0,0
2102,.29269999,28346.47377,0,1,1,33,0,1,1,3,4,1,0,11,10,0,0,0,0
2103,.2022,19583.221492,0,1,2,57,0,0,4,1,4,1,0,12,12,0,0,0,0
2105,.30559999,29591.883519,2,2,2,66,1,0,1,3,4,1,0,11,3,0,1,0,1
2111,.28529999,27622.723203,0,2,1,42,1,1,4,2,2,1,0,16,6,0,0,0,0
2113,.33450001,32389.835257,3,1,1,62,0,1,3,4,3,1,1,13,10,1,1,1,0
2115,.24690001,23906.066098,0,2,1,36,1,1,1,4,5,1,0,12,10,0,0,0,0
2120,.2357,22819.147713,0,1,1,30,0,1,1,4,3,1,1,14,13,0,0,0,0
2122,.29269999,28346.47377,0,2,1,33,1,1,1,4,4,1,0,11,1,0,0,0,0
2123,.29269999,28346.47377,2,1,1,37,0,1,1,2,1,1,0,11,19,1,1,0,0
2124,.2604,25210.464906,0,2,1,58,1,1,4,4,4,1,0,12,14,0,0,0,0
2126,.77160001,74713.97012899999,0,1,1,52,0,1,1,4,4,1,1,11,12,0,0,0,0
2128,.3087,29893.461281,2,2,1,51,1,1,4,4,5,1,1,9,4,0,1,1,0
2130,.4492,43494.742322,0,1,1,27,0,1,1,4,4,1,0,11,20,0,0,0,0
2132,.30160001,29200.240747,0,1,4,82,0,0,4,6,5,1,1,12,8,0,0,0,0
2134,.3109,30106.197102,0,2,1,51,1,1,4,4,5,1,1,17,13,0,0,0,0
2135,.3087,29893.461281,2,1,4,52,0,0,1,5,2,1,1,10,10,0,0,1,1
2138,.35440001,34313.936005,1,2,1,44,1,1,1,6,5,1,0,6,7,0,0,0,1
2141,.29890001,28938.739573,0,2,1,43,1,1,4,4,5,1,0,12,1,0,0,0,0
2144,.223,21593.003562,3,1,1,62,0,1,4,4,5,1,0,13,3,1,1,0,1
2147,.3576,34624.009447,1,1,1,72,0,1,4,7,3,1,1,6,22,1,0,0,0
2151,.2343,22686.169268,2,1,1,65,0,1,4,5,4,1,1,14,17,1,1,0,0
2152,.398,38538.031281,3,2,1,22,1,1,1,2,4,1,1,12,14,1,0,1,1
2153,.2357,22818.915283,4,2,1,36,1,1,3,6,3,1,1,14,16,1,1,1,1
2154,.3087,29893.156794,1,2,4,59,1,0,4,7,4,1,1,6,3,0,0,0,1
2155,.398,38538.031281,4,1,4,18,0,0,1,6,4,1,0,12,3,1,1,1,1
2156,.29100001,28181.284866,2,2,1,68,1,1,4,2,1,1,1,6,1,0,1,0,1
2157,.375,36307.667168,3,2,1,42,1,1,3,4,5,1,1,16,14,0,1,1,1
2158,.56239998,54461.500752,0,1,1,40,0,1,4,7,4,1,1,17,15,0,0,0,0
2160,.24690001,23905.822597,0,2,1,39,1,1,3,4,3,1,1,12,7,0,0,0,0
2161,.2735,26486.767927,3,2,1,55,1,1,4,5,4,1,1,11,1,0,1,1,1
2163,.38909999,37674.115348,1,1,1,36,0,1,1,1,4,1,0,10,7,0,0,0,1
2164,.29100001,28181.284866,3,2,1,69,1,1,3,4,4,1,1,6,4,0,1,1,1
2165,.27700001,26823.329108,3,1,1,67,0,1,4,5,3,1,1,6,3,0,1,1,1
2166,.398,38538.031281,3,1,4,26,0,0,1,5,2,1,1,12,14,0,1,1,1
2167,.47189999,45696.238284,4,2,1,22,1,1,1,5,5,1,1,10,1,1,1,1,1
2168,.24690001,23905.822597,2,1,1,37,0,1,2,4,5,1,1,12,5,0,0,1,1
2169,.58969998,57096.401011,2,2,4,33,1,0,2,4,5,1,0,16,16,0,1,1,0
2170,2.5139,243420.107469,2,1,1,66,0,1,2,2,1,1,1,12,14,0,1,0,1
2172,.72320002,70026.547101,0,2,4,20,1,0,1,4,4,1,0,13,3,0,0,0,0
2173,1.1935,115562.833176,1,2,1,29,1,1,2,2,3,1,0,12,11,0,1,0,0
2174,1.6825,162914.977614,2,1,1,26,0,1,1,3,1,1,0,14,3,1,1,0,0
2175,2.8968,280498.58566,3,2,1,45,1,1,3,1,1,1,0,16,17,1,0,1,1
2176,1.8388,178053.527832,2,1,1,61,0,1,1,4,3,1,0,13,9,0,1,0,1
2177,.89840001,86988.598591,2,1,4,27,0,0,1,4,2,1,0,12,13,1,1,0,0
2178,1.4219,137680.428628,2,2,1,33,1,1,1,4,4,1,0,11,3,0,0,1,1
2179,2.4054999,232918.373633,2,1,1,37,0,1,3,6,4,1,1,17,18,1,0,0,1
2180,2.4054999,232918.373633,3,2,1,37,1,1,4,1,3,1,1,16,1,1,1,1,0
2181,.62180001,60212.394203,3,2,1,52,1,1,3,1,5,1,1,16,5,1,1,0,1
2182,2.0309999,196659.528423,4,2,1,59,1,1,3,6,5,1,1,14,13,1,1,1,1
2183,2.8968,280498.58566,2,2,1,47,1,1,3,2,4,1,1,17,18,1,1,0,0
2184,2.4956999,241660.21741,3,1,1,70,0,1,1,6,4,1,1,12,12,1,1,0,1
2186,.75760001,73362.041591,0,1,1,25,0,1,1,2,2,1,1,12,12,0,0,0,0
2188,.75999999,73592.68005900001,2,1,2,46,0,0,3,4,5,1,1,12,12,0,1,1,0
2189,.72549999,70246.69931,1,2,2,47,1,0,4,5,5,1,0,13,13,0,1,0,0
2190,.75760001,73362.041591,0,1,4,23,0,0,1,5,2,1,0,12,14,0,0,0,0
2191,.66460001,64357.268856,0,2,2,52,1,0,4,1,5,1,0,11,11,0,0,0,0
2195,.57249999,55435.503745,0,2,2,32,1,0,2,3,4,1,0,10,7,0,0,0,0
2196,1.1269,109119.237328,1,2,1,77,1,1,3,5,5,1,0,14,10,0,1,0,0
2198,.8876,85945.02277900001,2,2,1,46,1,1,3,2,4,0,0,17,13,1,1,0,0
2199,.90719998,87844.202949,2,2,1,22,1,1,2,6,3,1,0,16,13,0,1,0,1
2200,.72320002,70026.547101,0,2,1,21,1,1,1,2,2,1,0,15,3,0,0,0,0
2201,1.135,109899.786557,0,2,1,26,1,1,3,2,4,1,0,16,12,0,0,0,0
2202,1.7329,167795.163818,0,1,1,48,0,1,4,3,1,0,0,16,13,0,0,0,0
2204,.90549999,87681.960272,4,1,1,27,0,1,3,1,1,1,0,17,16,1,1,1,1
2205,1.3762,133254.869686,3,2,1,64,1,1,4,2,3,1,1,17,18,0,1,1,1
2206,.63330001,61317.039677,2,2,1,55,1,1,3,5,4,1,1,16,20,1,1,0,0
2207,.69800001,67585.81277800001,2,2,2,23,1,0,3,4,4,1,0,16,8,1,1,0,0
2208,1.199,116095.71439,0,1,1,32,0,1,3,4,4,1,0,14,13,0,0,0,0
2209,1.9342999,187295.752851,2,2,1,28,1,1,1,3,2,1,0,12,13,1,1,0,0
2212,.36160001,35013.27355,3,2,1,28,1,1,4,3,3,1,0,15,15,0,1,1,1
2213,1.1113,107603.505215,4,1,1,27,0,1,3,3,2,1,1,13,14,1,1,1,1
2214,1.7627,170677.24825,3,1,1,26,0,1,4,6,2,1,0,14,13,1,1,0,1
2215,2.0143001,195042.252086,2,2,1,30,1,1,3,4,5,1,0,12,7,0,1,1,0
2216,1.8388,178053.527832,2,2,4,63,1,0,4,4,4,1,0,15,6,1,1,0,0
2217,2.3996,232352.71608,3,1,1,75,0,1,3,6,1,1,1,15,15,1,1,0,1
2219,2.4258001,234885.187461,1,2,1,40,1,1,4,4,4,0,1,12,4,0,1,0,0
2221,1.0947,105999.340654,1,1,1,64,0,1,3,5,5,1,1,14,12,0,1,0,0
2224,2.4168,234020.078242,1,2,1,56,1,1,3,4,5,1,1,17,16,0,1,0,0
2225,2.0237999,195964.802525,2,1,1,50,0,1,1,7,1,1,1,12,22,1,1,0,0
2226,2.7553999,266799.530047,1,2,1,42,1,1,4,1,5,0,0,16,15,0,1,0,0
2227,1.9318,187055.024321,0,2,1,50,1,1,3,4,5,1,0,13,4,0,0,0,0
2229,2.3073001,223413.809671,0,1,1,41,0,1,1,5,5,1,1,12,17,0,0,0,0
2230,1.0118999,97982.40126300001,2,1,1,59,0,1,2,4,4,1,0,12,7,1,1,0,0
2231,1.1956,115765.949628,2,2,1,77,1,1,4,6,4,1,0,12,14,1,1,0,0
2232,1.1956,115765.949628,1,2,1,73,1,1,3,5,4,1,0,12,21,0,1,0,0
2234,2.3073001,223413.809671,1,2,1,48,1,1,3,4,5,1,0,12,11,0,1,0,0
2236,1.1440001,110771.525779,0,1,1,37,0,1,3,2,3,0,0,17,15,0,0,0,0
2238,.5729,55470.714712,2,1,1,22,0,1,2,4,3,1,0,12,14,0,0,1,1
2239,.71509999,69247.31355000001,0,2,1,72,1,1,2,4,5,1,0,2,7,0,0,0,0
2240,.5977,57876.889619,3,2,4,44,1,0,4,1,4,1,1,12,7,1,1,0,1
2243,2.0309999,196659.528423,1,2,1,51,1,1,2,4,1,1,0,14,4,0,1,0,0
2244,2.1277001,206026.786996,2,1,1,61,0,1,3,3,5,1,1,12,25,1,1,0,0
2248,1.4484,140249.755721,2,2,1,42,1,1,4,6,4,1,1,17,15,1,1,0,0
2250,.75999999,73592.68005900001,3,1,2,41,0,0,1,4,3,1,1,12,18,1,1,0,1
2252,.5977,57876.889619,0,1,1,46,0,1,1,4,4,1,0,12,13,0,0,0,0
2256,2.2843001,221182.215911,3,2,1,67,1,1,3,6,5,1,1,9,9,1,1,0,1
2257,.75999999,73592.68005900001,1,1,2,39,0,0,2,4,5,1,1,12,13,0,1,0,0
2260,1.4484,140249.755721,2,1,1,49,0,1,3,6,5,1,1,17,25,1,1,0,0
2261,1.1576999,112103.293292,1,2,1,43,1,1,3,4,5,1,1,15,13,0,1,0,0
2262,1.2027,116459.571189,2,1,1,39,0,1,3,7,5,1,0,16,15,1,1,0,0
2264,.9242,89488.096089,2,1,2,25,0,0,2,2,3,1,1,13,9,0,1,1,0
2266,1.0639,103013.733492,0,1,1,50,0,1,1,4,5,1,0,12,15,0,0,0,0
2268,2.9609001,286696.935889,2,2,1,26,1,1,3,4,1,1,1,13,3,1,1,0,0
2269,.62959999,60966.896175,1,1,2,36,0,0,3,5,3,1,0,12,14,0,1,0,0
2272,1.7627,170677.24825,2,1,1,27,0,1,3,6,4,1,0,16,17,1,1,0,0
2274,2.3155,224205.846596,3,2,1,39,1,1,3,2,2,1,0,13,6,0,1,1,1
2276,1.432,138661.639181,3,2,1,39,1,1,4,6,5,1,0,17,15,1,1,0,1
2277,3.7042999,358679.696587,1,1,4,24,0,0,3,1,1,1,0,17,1,0,1,0,0
2278,.60100001,58194.962053,1,2,2,32,1,0,3,4,5,1,0,14,4,0,1,0,0
2280,.73570001,71234.59314300001,3,1,4,34,0,0,1,2,4,1,0,17,24,0,1,1,1
2281,.42309999,40969.238048,2,2,2,43,1,0,3,5,5,1,0,17,19,1,1,0,0
2282,.74000001,71655.72080700001,2,1,2,53,0,0,3,3,4,1,1,16,22,1,1,0,0
2283,.70819998,68569.997349,1,1,1,45,0,1,3,2,5,0,1,14,25,0,1,0,0
2284,.74190003,71836.11367000001,1,1,1,44,0,1,1,4,2,0,0,12,4,0,1,0,0
2286,.96100003,93055.98327899999,0,2,2,18,1,0,1,4,2,1,0,11,3,0,0,0,0
2288,.52710003,51035.632091,3,1,2,30,0,0,1,3,3,1,0,12,2,1,1,0,1
2289,.33219999,32167.852466,3,2,2,54,1,0,3,3,5,1,0,16,5,1,1,0,1
2290,.83130002,80493.178056,1,2,1,32,1,1,3,2,1,1,0,14,18,0,1,0,0
2291,1.0986,106374.566628,4,2,1,52,1,1,4,2,1,1,1,17,15,1,1,1,1
2293,1.2801,123954.449072,3,1,1,23,0,1,3,5,4,1,0,17,4,1,1,1,0
2294,.73689997,71352.003457,2,1,1,59,0,1,1,2,1,1,0,13,13,1,1,0,0
2297,2.1020999,203540.974742,3,1,1,49,0,1,4,3,5,1,0,16,20,0,1,1,1
2298,1.4617,141530.446623,1,1,1,30,0,1,2,5,3,1,0,11,11,0,1,0,0
2299,1.3345,129215.273674,3,2,4,23,1,0,1,5,3,0,0,11,12,0,1,1,1
2300,.73570001,71234.59314300001,2,2,4,37,1,0,1,3,3,1,0,17,16,0,1,1,0
2301,.9242,89488.096089,2,1,2,25,0,0,1,3,5,1,0,13,8,0,1,1,0
2302,.94870001,91858.414882,1,2,1,23,1,1,3,4,5,1,0,12,2,0,0,0,1
2303,.91170001,88274.359385,3,1,1,70,0,1,4,4,5,1,0,8,12,1,1,1,0
2304,1.3753999,133179.983179,3,2,1,44,1,1,3,6,5,1,1,14,6,1,1,0,1
2305,1.4254,138019.285799,3,2,1,74,1,1,4,6,3,1,1,16,12,1,1,0,1
2307,1.4486001,140264.459863,3,1,1,42,0,1,3,4,1,1,0,12,8,0,1,1,1
2308,1.1482,111176.249851,3,2,1,32,1,1,3,2,1,1,1,14,12,0,1,1,1
2311,1.4486001,140264.459863,3,2,1,49,1,1,3,1,2,1,1,12,7,1,1,0,1
2313,.73390001,71061.59526,4,1,1,88,0,1,3,2,1,1,0,13,16,1,1,1,1
2316,1.9263999,186534.548042,3,2,1,69,1,1,4,5,5,1,1,12,16,0,1,1,1
2317,2.5409,246036.044184,4,1,1,55,0,1,3,2,1,1,1,16,18,1,1,1,1
2320,3.1019001,300352.843395,2,1,1,28,0,1,1,3,1,1,0,12,4,0,0,1,1
2321,1.9227,186174.418759,4,1,1,39,0,1,3,4,4,1,1,13,15,1,1,1,1
2322,.96319997,93267.581848,2,1,1,64,0,1,4,6,3,1,1,12,25,0,0,1,1
