ID,SCOTUSApproval,TrumpApproval,KnowChiefJustice,Democrat,GOP,Female,White,Black,Education,Age
989877,3,4,0,0,1,1,1,0,9,60
989878,3,4,1,0,0,0,1,0,9,49
989880,2,1,1,1,0,0,1,0,10,60
989881,3,3,0,0,0,1,0,0,12,34
989883,3,1,1,1,0,0,1,0,13,31
989884,3,3,1,0,0,1,1,0,12,68
989888,3,4,0,0,1,0,1,0,11,61
989889,3,4,1,0,1,0,1,0,11,65
989892,2,1,1,1,0,1,1,0,10,67
989893,3,4,1,0,1,1,1,0,12,61
989897,3,1,1,1,0,1,1,0,13,61
989904,3,4,1,0,0,1,1,0,12,74
989906,3,1,1,0,1,0,1,0,13,33
989907,3,3,1,0,1,1,1,0,12,67
989908,4,1,1,1,0,1,1,0,9,57
989910,3,1,1,1,0,1,1,0,13,57
989912,3,4,1,0,1,0,1,0,11,63
989913,3,3,1,0,1,0,1,0,9,23
989914,3,2,1,0,1,1,1,0,12,66
989916,2,1,1,1,0,0,0,1,10,58
989920,2,2,1,0,0,0,1,0,14,76
989921,3,1,1,1,0,0,1,0,12,67
989922,4,1,1,0,0,0,1,0,14,68
989923,2,3,1,0,1,0,1,0,12,53
989925,4,1,1,1,0,0,1,0,10,47
989927,3,2,1,0,0,1,1,0,12,48
989930,3,1,1,0,0,0,1,0,9,67
989931,3,1,1,1,0,1,1,0,12,66
989932,3,4,0,0,0,1,1,0,12,59
989934,2,1,1,1,0,1,1,0,13,67
989937,3,4,0,0,1,1,1,0,9,68
989939,3,1,0,1,0,0,0,1,10,55
989940,3,1,1,0,0,0,1,0,14,69
989944,4,1,0,1,0,1,1,0,13,39
989945,1,1,1,1,0,1,1,0,7,80
989946,3,1,1,1,0,0,1,0,12,44
989951,2,3,0,0,1,0,1,0,9,56
989953,3,1,1,0,1,0,1,0,13,61
989956,3,3,0,0,0,0,1,0,9,56
989960,3,4,1,0,1,0,1,0,12,80
989964,3,1,1,1,0,1,1,0,12,56
989965,3,2,1,1,0,1,1,0,10,66
989968,3,1,0,1,0,1,1,0,12,64
989969,2,2,0,1,0,1,1,0,11,48
989973,3,1,0,0,1,1,1,0,13,44
989975,2,4,0,0,0,0,1,0,11,75
989979,3,2,1,0,1,1,1,0,12,85
989984,3,1,1,1,0,0,0,1,12,47
989990,3,2,1,0,1,0,1,0,13,63
989991,3,1,1,0,0,1,1,0,13,55
989993,3,3,1,0,1,0,1,0,12,57
989995,2,4,1,0,1,0,1,0,13,65
989996,3,4,1,0,1,0,1,0,11,66
989998,3,3,1,0,1,0,1,0,12,43
990544,4,1,1,0,0,1,1,0,12,87
990545,4,1,0,0,0,0,1,0,12,70
990550,2,3,1,0,1,0,1,0,13,70
990555,2,1,1,1,0,1,1,0,13,90
990556,3,1,0,1,0,1,0,0,10,65
990558,1,3,1,0,1,0,1,0,9,58
990559,3,4,1,0,1,0,1,0,10,79
990564,3,4,1,0,1,0,1,0,13,85
990571,3,1,1,1,0,0,1,0,11,59
990572,2,1,0,1,0,1,1,0,13,38
990583,3,3,1,0,1,0,1,0,13,72
990586,3,2,1,0,0,1,1,0,11,45
990600,2,1,1,1,0,0,1,0,15,88
990605,4,3,1,1,0,1,0,0,10,28
990608,4,2,1,0,0,0,1,0,12,80
990611,3,4,1,0,1,0,1,0,10,74
990613,3,4,1,0,0,0,1,0,10,63
990622,1,1,1,1,0,0,0,1,12,67
990625,3,1,0,1,0,1,1,0,10,66
990626,2,4,1,0,0,0,1,0,10,72
990628,1,3,1,0,1,0,1,0,14,67
990633,3,4,1,0,1,0,1,0,14,31
990640,3,3,1,0,0,0,1,0,13,35
990642,3,1,1,0,0,1,0,0,14,59
990644,3,1,1,1,0,0,0,1,11,58
990648,2,1,1,0,0,0,1,0,10,71
990649,3,3,1,0,1,1,1,0,9,69
990653,3,4,1,0,1,1,1,0,12,48
990667,3,1,1,0,0,1,1,0,12,67
990685,4,1,1,0,0,1,1,0,13,44
990687,3,3,1,0,1,0,1,0,12,41
990688,2,3,1,0,0,1,1,0,10,69
990689,1,1,1,0,0,0,1,0,13,69
990690,3,3,1,1,0,1,0,1,6,46
990696,3,1,1,1,0,1,0,1,12,45
990703,3,4,1,0,1,0,1,0,12,79
990711,2,2,1,1,0,0,1,0,9,105
990737,2,1,1,1,0,1,1,0,12,62
990740,3,1,1,0,0,1,1,0,13,76
990767,2,2,1,0,0,0,1,0,9,51
990773,2,1,1,0,0,1,1,0,10,74
990966,3,2,1,0,1,0,1,0,13,59
990974,3,2,0,1,0,0,1,0,10,85
990978,3,3,1,0,1,1,1,0,9,81
990981,3,2,1,0,1,1,1,0,13,55
990982,2,2,0,1,0,0,0,1,9,37
990992,3,1,1,1,0,0,1,0,12,76
990993,2,1,1,0,0,1,1,0,13,62
990998,3,4,1,0,1,0,1,0,11,40
991001,2,2,1,0,0,0,1,0,12,70
991002,3,4,1,0,0,1,1,0,12,51
991008,2,1,1,1,0,1,1,0,10,70
991010,4,1,1,0,1,0,1,0,13,77
991021,3,1,1,1,0,1,1,0,13,62
991024,3,3,0,0,1,1,1,0,13,48
991025,3,3,0,1,0,1,1,0,10,60
991030,3,1,1,1,0,1,1,0,15,60
991036,2,3,1,0,0,1,1,0,13,51
991037,3,1,1,1,0,1,0,1,12,64
991042,4,1,1,0,0,1,1,0,12,35
991043,3,1,1,1,0,0,1,0,12,30
991047,3,3,1,0,1,1,1,0,12,51
991048,2,1,0,1,0,1,1,0,10,44
991053,3,1,0,1,0,0,1,0,9,62
991060,3,3,1,0,1,0,1,0,14,43
991067,1,1,0,1,0,0,1,0,12,30
991068,3,1,1,0,0,1,1,0,12,32
991069,2,1,1,1,0,0,1,0,8,60
991073,3,3,1,0,0,0,1,0,11,42
991081,3,1,1,0,0,0,1,0,13,52
991083,3,1,0,1,0,1,1,0,9,58
991085,2,1,1,1,0,0,1,0,15,70
991087,3,1,1,1,0,0,1,0,12,36
991090,3,1,1,1,0,1,1,0,12,52
991091,3,1,1,0,0,1,1,0,13,65
991094,3,1,1,0,1,1,1,0,14,60
991095,2,3,0,0,0,1,1,0,12,62
991097,3,4,1,0,1,0,1,0,14,69
991102,2,1,1,1,0,1,1,0,12,71
991106,2,3,1,0,0,0,1,0,12,72
991113,3,4,1,0,0,0,0,0,12,30
991120,3,1,1,1,0,1,1,0,13,65
991121,3,1,1,0,0,0,1,0,15,67
991124,3,3,1,0,0,0,1,0,12,73
991125,3,1,1,1,0,1,1,0,10,26
991127,1,4,0,0,1,0,1,0,10,70
991129,3,4,1,0,0,0,1,0,12,42
991131,2,1,1,0,1,0,0,0,9,92
991132,4,1,1,1,0,1,0,0,10,73
991136,4,1,1,0,0,0,0,1,14,52
991450,1,1,1,0,0,1,1,0,14,79
991454,2,1,1,0,0,0,1,0,13,44
991457,1,2,1,0,0,1,1,0,10,54
991461,2,1,0,1,0,1,0,1,12,42
991464,1,1,1,1,0,0,1,0,13,39
991467,3,1,1,1,0,1,1,0,12,53
991485,3,3,1,0,0,0,1,0,12,61
991488,3,2,0,1,0,0,0,1,10,58
991492,1,2,0,0,1,1,1,0,13,69
991494,3,1,1,1,0,1,1,0,13,69
991497,2,1,1,1,0,0,1,0,12,86
991501,3,1,1,0,0,0,0,1,11,59
991506,2,4,0,0,1,0,1,0,9,48
991624,3,1,0,1,0,0,0,0,9,28
991625,3,3,0,0,0,1,1,0,9,71
991628,3,4,0,1,0,1,1,0,9,55
991629,1,1,1,1,0,1,1,0,9,55
991632,3,2,1,1,0,0,0,0,14,37
991828,3,1,1,0,0,1,0,1,12,56
991830,4,1,1,1,0,0,1,0,12,63
991833,3,1,1,1,0,1,1,0,14,42
991836,3,1,1,1,0,0,1,0,11,69
991838,4,4,1,0,1,0,1,0,15,79
991843,1,1,1,0,0,0,1,0,13,43
991844,3,3,1,0,1,1,1,0,11,45
991848,3,3,1,0,0,1,1,0,12,72
991849,1,1,0,0,0,0,1,0,9,24
993275,3,3,0,0,1,0,0,0,10,49
993277,2,3,1,0,0,0,1,0,12,55
993278,3,1,1,1,0,0,0,0,10,47
993289,3,1,1,1,0,1,0,1,12,69
993290,3,4,1,0,1,0,1,0,11,85
993293,3,4,1,0,1,0,1,0,9,82
993295,3,3,1,0,1,0,1,0,13,34
993302,1,1,1,0,0,1,1,0,10,81
993303,1,1,1,0,0,0,1,0,15,41
993308,3,1,1,1,0,0,1,0,12,66
993309,2,1,1,1,0,1,0,1,10,56
993310,2,1,0,1,0,0,1,0,9,46
993312,2,1,1,1,0,1,1,0,12,62
993315,2,4,1,0,1,1,1,0,11,44
993316,2,1,1,1,0,0,1,0,15,72
993318,2,3,0,1,0,1,1,0,9,53
993320,3,2,1,0,1,1,1,0,12,39
993325,2,3,0,0,0,1,1,0,10,45
993328,3,4,1,0,0,1,1,0,11,62
993332,3,3,0,0,1,1,1,0,9,36
993333,3,2,0,1,0,1,1,0,10,50
993336,1,1,0,1,0,0,1,0,11,46
993339,3,3,1,1,0,0,1,0,13,42
993340,2,1,1,1,0,0,1,0,14,74
993341,2,1,1,1,0,1,1,0,9,71
993349,4,4,1,0,0,0,1,0,13,77
993350,2,1,1,0,0,1,1,0,9,81
993352,3,1,1,1,0,1,1,0,10,46
993353,2,3,1,0,1,1,1,0,8,70
993356,3,2,1,0,1,1,1,0,10,27
993358,3,1,1,1,0,1,1,0,14,70
993361,2,3,1,0,1,1,1,0,12,81
993362,3,1,1,1,0,1,1,0,11,80
993365,3,4,1,0,0,0,1,0,10,47
993366,2,1,1,0,0,1,1,0,11,53
993369,3,1,1,1,0,0,1,0,13,69
993371,2,1,1,1,0,0,1,0,13,47
993372,3,2,1,0,1,0,1,0,15,43
993786,4,3,1,0,1,1,1,0,13,35
993788,2,1,1,1,0,1,1,0,10,62
993790,3,4,1,0,1,1,1,0,9,78
993794,3,2,1,0,0,0,1,0,9,77
993798,4,1,0,0,0,1,1,0,13,50
993800,3,3,0,0,0,1,1,0,12,53
993804,2,1,0,1,0,1,0,1,9,40
994549,1,1,1,0,0,1,0,1,15,47
994551,2,1,1,0,0,0,0,0,15,74
994553,3,3,1,0,1,1,1,0,10,78
994560,1,1,1,0,0,0,1,0,10,62
994561,3,4,1,0,1,0,1,0,13,65
994562,2,1,1,0,0,0,1,0,12,62
994565,3,1,1,1,0,1,1,0,10,56
994566,2,1,1,1,0,0,1,0,12,45
994569,2,1,1,1,0,1,1,0,12,76
994570,3,4,1,0,1,0,0,0,10,75
994571,1,4,1,0,1,0,1,0,10,82
994587,3,1,1,0,0,1,1,0,12,37
994588,1,4,1,0,1,1,1,0,10,54
994592,3,4,1,0,1,1,1,0,11,65
994593,4,4,1,0,1,1,1,0,13,53
994595,3,1,0,1,0,0,1,0,10,56
994596,2,3,1,0,1,0,1,0,12,61
994597,2,1,1,1,0,0,1,0,13,72
994601,3,1,0,1,0,0,1,0,11,62
994880,3,2,0,1,0,1,1,0,11,44
994889,2,1,0,0,1,1,1,0,12,36
995907,1,1,1,0,0,1,1,0,10,78
995908,2,4,0,0,1,1,1,0,9,71
995913,3,4,1,0,1,1,1,0,11,56
995916,3,4,1,0,1,0,1,0,15,79
995922,3,1,1,1,0,1,1,0,13,74
995923,1,1,1,0,0,1,1,0,10,68
995924,3,3,0,0,0,1,1,0,6,81
995928,3,2,1,0,1,0,1,0,10,84
995929,3,3,0,0,1,0,1,0,10,78
995931,1,2,1,0,0,0,1,0,15,60
995932,3,4,0,0,1,1,1,0,8,65
995936,2,3,1,0,1,0,1,0,12,38
995937,2,1,1,1,0,0,1,0,12,57
995938,3,4,0,0,0,1,1,0,9,61
995939,3,1,1,1,0,1,1,0,10,69
995941,2,1,1,0,0,0,1,0,12,34
995946,3,1,1,1,0,1,1,0,12,52
995951,3,1,1,1,0,0,0,0,10,41
995956,3,3,1,0,1,1,1,0,12,42
995957,2,2,0,0,1,1,1,0,13,50
995963,3,1,1,0,0,0,0,0,13,56
995964,2,1,1,1,0,1,1,0,10,62
996407,3,4,1,0,0,1,1,0,9,54
996409,2,3,1,0,1,0,0,0,10,70
996412,3,1,1,1,0,1,1,0,12,78
996413,3,3,0,0,0,0,1,0,9,74
996418,3,4,1,0,1,0,1,0,11,45
996420,2,2,0,1,0,1,1,0,10,58
996421,3,4,0,0,0,0,1,0,9,50
996422,3,1,0,1,0,0,0,0,13,47
996425,3,3,0,0,1,1,1,0,10,53
996426,2,1,0,1,0,0,0,1,11,37
996434,2,1,1,1,0,0,1,0,13,84
996437,3,1,0,0,0,1,1,0,12,79
996438,3,1,1,0,0,1,1,0,15,69
996442,3,1,1,0,0,0,1,0,13,79
996443,4,1,1,1,0,0,1,0,12,64
996445,2,1,1,1,0,0,1,0,15,72
996448,3,1,0,1,0,1,0,1,10,67
996453,4,1,1,0,1,1,1,0,10,70
996454,3,1,1,1,0,1,1,0,13,68
996457,3,4,1,0,1,0,1,0,12,71
996458,2,1,1,1,0,1,1,0,13,60
996460,2,3,1,0,1,1,1,0,9,60
996461,3,1,1,0,1,0,1,0,13,72
996737,3,2,0,1,0,0,1,0,12,61
996738,3,2,0,0,0,0,1,0,10,70
996741,2,1,1,1,0,1,1,0,10,57
996743,3,4,1,0,1,0,1,0,15,80
996744,3,2,1,0,1,0,1,0,15,69
996746,3,1,1,1,0,1,1,0,14,42
996748,3,1,1,0,1,0,0,0,12,47
996752,3,2,1,0,1,1,1,0,10,70
996758,3,1,1,1,0,0,1,0,12,51
996760,4,3,1,0,1,0,1,0,12,88
996763,3,4,0,0,1,0,1,0,10,63
996957,4,1,1,1,0,0,1,0,12,69
996958,2,4,1,0,1,0,1,0,14,69
996961,2,1,1,1,0,0,1,0,13,67
996962,3,1,1,0,0,0,1,0,14,68
996963,4,2,1,0,1,1,1,0,13,57
996965,3,1,1,1,0,0,1,0,13,70
996971,1,1,1,1,0,1,0,1,13,54
996974,3,3,0,0,1,1,1,0,10,35
996975,2,4,1,0,1,1,1,0,9,70
996976,2,4,1,0,1,0,1,0,10,63
997212,3,2,1,0,1,0,1,0,13,67
997216,2,1,1,1,0,1,1,0,14,66
997217,3,3,0,0,1,0,1,0,10,46
997220,3,4,1,0,0,1,1,0,12,81
997225,3,4,1,0,0,0,1,0,10,69
997228,3,4,1,0,1,0,1,0,9,86
997229,3,3,1,0,1,0,1,0,13,81
997231,3,3,1,0,1,1,1,0,12,45
997235,3,3,1,0,0,1,1,0,10,31
997811,2,1,1,0,0,0,1,0,13,62
997812,3,4,1,0,1,0,1,0,15,48
997813,2,1,1,1,0,1,1,0,12,34
997822,2,1,0,0,0,1,1,0,12,56
997823,3,1,1,1,0,0,1,0,12,75
997827,3,4,1,0,1,1,1,0,12,68
997829,4,1,1,0,0,1,1,0,12,45
997831,2,3,1,0,0,0,1,0,11,72
997833,2,3,0,0,0,1,1,0,9,60
997835,2,2,1,0,0,1,1,0,9,75
997844,2,1,1,0,0,1,1,0,10,64
997851,3,4,1,0,0,0,1,0,13,82
997855,3,1,1,1,0,1,1,0,12,57
997861,3,2,1,0,0,1,1,0,11,67
997864,2,3,1,0,1,0,1,0,10,75
997870,3,1,0,1,0,1,1,0,11,68
997872,2,3,0,0,1,0,1,0,11,46
998051,2,2,1,0,0,1,1,0,9,79
998058,3,3,1,0,0,0,0,0,10,55
998063,3,1,1,1,0,1,1,0,10,85
998064,4,1,1,0,0,1,1,0,12,67
998068,3,3,1,0,1,1,1,0,10,56
998069,1,1,1,0,0,0,1,0,13,67
998070,3,1,1,0,1,1,1,0,15,54
998073,1,1,1,0,0,1,1,0,11,62
998075,2,4,1,0,1,0,1,0,13,64
998076,3,1,1,1,0,1,1,0,11,64
998140,3,1,0,1,0,1,1,0,9,63
998279,3,3,1,1,0,0,0,0,10,29
998284,3,1,1,0,1,1,1,0,12,65
998478,3,3,1,0,1,1,1,0,11,67
998479,3,1,1,1,0,1,1,0,12,71
998481,1,4,1,0,0,1,1,0,10,55
998482,3,1,0,0,0,0,1,0,11,60
999155,3,1,0,1,0,0,1,0,13,81
999158,4,2,1,0,0,0,1,0,12,84
999159,3,2,1,0,0,1,1,0,11,66
999164,3,4,1,0,1,1,1,0,8,70
999172,1,2,1,0,1,1,1,0,10,68
999174,3,1,1,0,1,0,1,0,12,74
999175,3,4,1,0,1,1,1,0,9,52
999178,3,1,1,1,0,1,1,0,10,61
999182,3,4,1,0,1,0,1,0,10,63
999185,3,3,1,0,0,0,1,0,12,55
999477,2,2,0,0,0,1,0,0,15,51
999478,4,1,0,1,0,1,0,1,10,62
999481,3,3,0,0,1,1,1,0,13,64
999486,2,1,1,1,0,1,0,0,15,42
999487,3,1,1,0,0,0,0,1,13,80
999491,3,1,1,1,0,0,1,0,15,73
999493,3,1,1,1,0,1,1,0,10,48
999498,3,4,1,0,1,1,1,0,13,88
999505,3,4,1,0,1,0,1,0,10,73
999790,1,1,0,1,0,0,1,0,13,32
999791,3,1,1,1,0,0,1,0,11,48
999800,3,3,1,0,1,1,1,0,11,37
999803,2,3,1,0,0,0,1,0,12,33
999807,3,1,1,1,0,1,1,0,13,60
999811,3,1,1,0,0,0,1,0,12,73
999814,2,1,1,1,0,1,0,1,12,52
999815,3,3,1,0,1,0,1,0,12,55
999822,3,1,1,0,1,0,1,0,10,24
999824,3,1,0,0,0,0,1,0,9,52
999826,2,2,1,0,1,0,1,0,12,38
999831,2,1,1,1,0,1,1,0,12,53
999833,3,1,1,1,0,1,1,0,12,54
999834,2,1,1,1,0,1,1,0,15,40
999836,2,3,1,0,1,1,1,0,12,38
999839,2,4,1,0,1,0,1,0,10,61
999840,1,1,0,0,0,1,1,0,9,40
999841,1,1,1,0,1,0,1,0,10,33
999842,3,4,1,0,1,1,1,0,12,62
999845,2,1,1,1,0,0,1,0,12,64
1000106,3,3,1,0,1,1,1,0,13,49
1000110,3,4,1,0,1,0,1,0,11,77
1000111,3,4,1,0,1,0,0,0,9,29
1000114,3,1,1,0,0,0,1,0,12,31
1000116,3,1,1,1,0,1,1,0,13,59
1000125,3,3,0,0,1,0,0,0,12,56
1000126,2,1,1,1,0,0,1,0,10,62
1000277,3,1,1,1,0,1,1,0,12,41
1000279,4,1,1,1,0,1,1,0,13,39
1000281,3,4,1,0,0,0,0,0,14,68
1000283,2,1,1,0,0,0,1,0,12,59
1000284,4,1,0,1,0,0,0,0,8,25
1000287,3,1,1,1,0,1,0,1,12,53
1000289,1,4,1,0,1,0,1,0,10,65
1000291,1,3,1,0,0,0,1,0,12,65
1000293,3,1,1,0,0,1,1,0,10,72
1000294,4,4,1,0,1,1,1,0,14,63
1000296,1,3,1,0,1,1,1,0,9,76
1000661,3,4,1,0,1,0,1,0,11,59
1000669,2,1,1,1,0,1,1,0,13,72
1000676,3,2,0,1,0,0,1,0,9,57
1000686,3,1,1,0,0,0,1,0,14,74
1000689,1,1,0,1,0,1,1,0,10,55
1000704,2,3,1,0,1,1,1,0,12,37
1000705,1,4,1,0,1,0,1,0,9,82
1000708,3,1,1,1,0,1,1,0,12,58
1000711,3,1,0,1,0,1,0,1,9,86
1000712,2,1,1,0,0,0,1,0,13,40
1000713,4,1,1,1,0,1,1,0,13,50
1000715,3,1,1,1,0,1,1,0,13,76
1000721,3,1,1,1,0,1,1,0,13,64
1000723,3,4,1,0,1,1,0,0,12,54
1000725,3,2,0,0,0,0,1,0,10,49
1000727,2,3,1,0,1,0,1,0,9,39
1000728,3,1,1,0,0,0,1,0,15,35
1000731,2,4,1,0,1,0,1,0,13,74
1000732,3,1,0,1,0,1,1,0,9,26
1000734,3,1,0,0,0,1,1,0,10,36
1000947,1,1,1,1,0,0,1,0,9,59
1000951,1,1,0,0,0,0,1,0,7,42
1000965,3,2,1,0,1,0,1,0,10,67
1000968,3,2,1,0,0,0,0,0,11,52
1000970,2,1,1,1,0,1,0,1,7,54
1000972,3,1,1,1,0,1,1,0,3,71
1001078,2,1,1,1,0,1,1,0,13,36
1001087,3,1,1,0,0,0,1,0,10,65
1001089,2,1,1,0,0,0,1,0,13,55
1001090,2,1,0,0,0,1,1,0,11,65
1001094,2,1,1,0,0,0,1,0,10,46
1001097,2,1,1,1,0,0,1,0,12,70
1001098,2,4,1,0,1,1,1,0,10,69
1001099,1,1,1,1,0,0,1,0,13,64
1001100,3,3,1,0,1,0,0,0,12,75
1001101,3,4,1,0,1,0,1,0,12,83
1001102,3,4,1,0,1,1,1,0,12,45
1001103,3,1,1,1,0,0,1,0,13,70
1001104,2,2,1,0,0,1,1,0,12,77
1001106,2,1,0,0,0,0,1,0,13,48
1001108,3,1,1,1,0,0,1,0,9,55
1001110,3,2,0,0,1,0,1,0,13,47
1001113,2,1,1,1,0,0,1,0,12,56
1001115,2,1,0,1,0,0,0,0,10,64
1001123,3,4,1,0,0,0,1,0,11,54
1001127,3,4,1,0,1,0,0,0,12,81
1001132,3,4,1,0,0,0,1,0,12,64
1001435,2,4,0,0,1,0,1,0,11,38
1001440,3,1,0,1,0,1,0,1,12,67
1001442,3,2,1,0,0,1,1,0,13,60
1001444,3,1,1,1,0,0,1,1,13,38
1001446,4,1,1,1,0,0,0,1,10,32
1001451,4,1,1,1,0,1,0,1,10,55
1001456,2,3,0,0,0,0,1,0,10,68
1001463,3,3,1,0,1,0,1,0,12,69
1001522,3,1,1,0,0,0,1,0,12,69
1001523,3,3,1,0,1,1,1,0,9,70
1001531,2,1,1,0,0,0,1,0,13,36
1001537,3,1,1,0,0,1,0,0,11,63
1002772,2,1,1,1,0,1,1,0,10,65
1002778,2,1,1,1,0,0,1,0,12,39
1002784,2,1,0,0,0,0,1,0,13,44
1002786,3,1,1,1,0,1,1,0,13,41
1002789,3,4,0,0,0,1,0,0,10,67
1002795,3,3,1,0,1,0,1,0,12,59
1002802,3,2,1,0,0,0,1,0,12,62
1002804,2,1,0,0,0,0,0,0,15,37
1002806,1,2,1,0,1,1,0,1,15,47
1002808,4,1,1,1,0,1,1,0,10,61
1002815,3,1,1,1,0,0,1,0,12,65
1002820,3,1,1,0,0,1,1,0,13,74
1002821,3,1,1,1,0,1,1,0,15,76
1002823,4,4,1,0,1,0,1,0,12,80
1002892,1,1,0,0,0,1,1,0,10,58
1002905,3,1,1,1,0,0,1,0,12,60
1002907,4,2,1,0,0,1,1,0,14,59
1002909,3,4,1,0,1,0,1,0,13,60
1002912,1,1,0,0,0,0,1,0,9,60
1002913,3,4,1,0,1,0,1,0,10,67
1002914,3,4,1,0,1,0,0,0,14,73
1003387,2,1,1,1,0,0,1,0,14,66
1003390,3,1,1,1,0,0,0,1,15,79
1003391,4,2,1,1,0,0,1,0,9,61
1003399,1,1,1,1,0,1,1,0,12,65
1003405,2,1,1,1,0,1,1,0,12,59
1003407,3,3,1,0,1,1,1,0,12,48
1003944,2,1,1,1,0,1,0,1,12,62
1003953,3,1,1,1,0,0,1,0,12,55
1003957,2,3,1,0,0,0,1,0,12,74
1004378,3,1,1,1,0,0,1,0,14,75
1004380,2,1,1,1,0,0,1,0,9,62
1004381,3,3,1,0,1,1,1,0,10,60
1004991,2,4,1,0,1,0,1,0,9,74
1004992,3,1,1,1,0,0,1,0,12,70
1004999,4,4,1,0,1,0,1,0,13,78
1005001,4,4,1,0,0,0,1,0,12,65
1005005,2,1,1,1,0,0,0,0,10,63
1005006,3,4,1,0,0,0,1,0,10,70
1005009,3,3,1,0,1,0,1,0,13,59
1005012,3,3,1,0,1,0,1,0,12,70
1005373,3,3,1,0,1,1,1,0,12,54
1005375,1,2,0,0,0,0,1,0,11,56
1005376,3,2,1,0,0,1,1,0,13,57
1005379,3,2,0,0,0,0,1,0,9,75
1005381,3,1,1,1,0,1,0,1,10,61
1005836,3,3,1,0,0,0,1,0,10,79
1005838,3,1,1,0,0,0,1,0,10,68
1005923,3,3,1,0,1,0,1,0,15,50
1006141,3,3,1,0,0,0,1,0,12,76
1006142,3,3,1,0,0,0,1,0,10,45
1006143,1,1,0,0,0,0,1,0,9,60
1007084,2,1,1,0,0,0,1,0,13,61
1007381,3,4,1,0,0,0,0,0,15,45
1007382,3,3,0,0,0,0,1,0,10,53
1007388,2,2,0,1,0,1,0,0,11,35
1007577,1,1,1,1,0,0,1,0,11,63
1007835,3,3,1,0,1,0,1,0,12,54
1007838,1,1,1,0,0,1,1,0,15,67
1007839,3,1,1,0,0,0,1,0,10,28
1007840,2,4,1,0,1,0,1,0,12,59
1007841,3,3,1,0,0,0,1,0,10,78
1008361,3,3,0,1,0,1,1,0,12,43
1008363,3,1,1,0,0,0,1,0,14,50
1008426,3,1,1,1,0,0,1,0,10,53
1008429,1,4,1,0,1,1,1,0,10,59
1008431,3,4,0,0,1,0,1,0,9,30
1008826,2,1,0,1,0,1,1,0,12,56
1008832,3,1,1,1,0,0,1,0,13,83
1008836,2,1,1,0,0,1,1,0,9,72
1008838,3,3,0,0,1,0,1,0,13,60
1008840,3,3,1,0,1,0,1,0,13,53
1008843,2,1,1,1,0,1,0,0,12,37
1009130,3,1,1,0,0,0,1,0,13,69
1009131,3,4,1,0,1,1,1,0,9,58
1009133,3,4,1,0,1,0,1,0,11,61
1009136,3,4,1,0,1,1,1,0,12,54
1009139,1,1,1,0,0,1,1,0,15,69
1009142,3,3,0,1,0,1,0,0,10,56
1009266,4,1,0,1,0,1,1,0,12,50
1009270,2,4,1,0,1,0,1,0,11,51
1009274,1,1,0,0,0,0,0,0,10,26
1009287,3,1,1,1,0,1,1,0,13,71
1009295,2,2,1,0,1,0,1,0,8,36
1009302,2,1,1,1,0,1,1,0,11,40
1009304,3,1,1,1,0,1,1,0,12,45
1009565,1,4,1,0,0,1,1,0,10,50
1009566,3,1,1,0,0,0,1,0,12,38
1009567,3,1,1,1,0,1,1,0,9,65
1009569,3,1,1,1,0,0,0,0,12,51
1009574,2,1,1,1,0,1,0,1,9,62
1009853,3,1,1,1,0,1,1,0,13,65
1009917,3,4,0,0,1,0,1,0,11,73
1009928,3,1,1,1,0,1,1,0,14,47
1010279,2,1,1,1,0,0,1,0,15,68
1010282,2,1,1,1,0,0,1,0,15,74
1010286,1,3,1,0,0,0,1,0,10,59
1010314,3,3,1,0,0,1,1,0,11,69
1010318,2,1,1,0,0,0,1,0,10,65
1010319,2,3,1,0,1,0,1,0,11,43
1010511,2,1,0,1,0,1,0,1,11,65
1010517,2,2,1,0,0,0,1,0,12,46
1010976,1,2,1,0,1,0,1,0,12,29
1010978,2,2,1,0,1,1,1,0,11,75
1010981,3,1,1,1,0,0,1,0,13,65
1010982,3,3,1,0,0,0,1,0,12,54
1010984,2,1,1,0,0,1,1,0,14,48
1011250,3,1,1,0,0,1,1,0,13,66
1011251,3,1,1,0,1,0,1,0,13,59
1011399,4,2,1,0,0,0,1,0,13,67
1011401,3,4,1,0,1,0,1,0,11,73
1011764,3,1,1,1,0,1,1,0,13,40
1012022,2,4,0,0,1,0,1,0,9,60
1012024,2,1,1,1,0,0,1,0,10,59
1012824,3,1,1,0,0,0,1,0,13,60
1012826,1,4,1,0,0,0,1,0,9,30
1012837,3,1,1,1,0,1,1,0,10,74
1012842,3,1,1,1,0,0,1,0,11,58
1012844,3,1,1,1,0,0,1,0,11,66
1012846,3,3,1,1,0,0,1,0,12,63
1012848,1,1,0,1,0,1,0,1,10,52
1012853,3,4,1,0,1,1,1,0,11,60
1012854,3,2,1,0,1,1,1,0,12,53
1012864,1,3,1,0,1,0,1,0,10,51
1012867,2,1,0,1,0,1,1,0,11,29
1012868,4,1,1,0,0,0,1,0,12,70
1012874,3,3,1,0,1,0,1,0,12,54
1012875,3,3,1,0,1,0,1,0,13,72
1012876,3,4,1,0,1,0,1,0,15,83
1012878,2,1,1,1,0,1,1,0,12,54
1013050,3,1,1,1,0,0,1,0,13,70
1013054,3,4,1,0,1,0,1,0,13,56
1013056,2,3,1,0,1,0,1,0,12,50
1013057,2,1,1,1,0,0,1,0,12,63
1013058,2,1,1,1,0,0,1,0,12,64
1013059,2,4,1,0,0,0,1,0,12,50
1013061,3,1,0,1,0,0,0,1,12,55
1013073,3,1,1,0,0,0,1,0,9,91
1013074,2,1,1,0,0,0,1,0,12,72
1013179,2,2,0,0,0,1,1,0,11,57
1013184,3,4,1,0,1,1,1,0,13,72
1013186,3,3,0,0,1,1,1,0,10,50
1013190,2,2,0,0,0,1,1,0,12,60
1013334,2,4,1,0,1,0,1,0,11,66
1013339,3,4,1,0,1,1,1,0,10,61
1013342,3,1,1,0,1,0,1,0,12,53
1013344,3,3,1,0,0,0,1,0,14,78
1013595,3,1,1,0,0,0,1,0,13,55
1013600,4,1,1,0,1,0,1,0,13,40
1013604,3,1,1,1,0,1,1,0,9,62
1013635,3,3,1,0,1,0,1,0,10,59
1013639,4,3,1,0,0,1,1,0,13,42
1013641,3,2,1,0,1,0,1,0,9,80
1013642,2,3,1,0,1,1,1,0,11,64
1013644,4,1,1,1,0,0,1,0,9,55
1013758,3,4,1,0,0,1,1,0,15,70
1013791,3,4,1,0,0,0,0,1,12,56
1013795,2,2,1,0,0,1,1,0,12,47
1014115,3,3,0,0,1,1,0,0,10,59
1014119,2,4,1,0,0,0,1,0,9,68
1014121,3,1,0,1,0,0,1,0,11,45
1014226,3,2,1,0,1,0,1,0,13,73
1014361,1,1,1,0,0,1,1,0,12,73
1014458,2,1,1,1,0,0,1,0,15,63
1014535,3,4,1,0,1,0,1,0,12,67
1014826,2,4,0,0,1,0,1,0,11,37
1014828,2,4,1,0,1,0,1,0,10,64
1015065,4,2,1,1,0,0,1,0,13,66
1015078,2,4,1,0,0,1,1,0,12,25
1015081,2,1,1,1,0,0,1,0,13,74
1015088,2,1,1,1,0,1,0,1,12,61
1015090,1,4,1,0,0,0,1,0,12,55
1015093,3,1,0,1,0,1,0,1,11,49
1015096,3,4,1,0,1,0,1,0,9,66
1015100,1,4,1,0,1,1,1,0,11,69
1015103,1,1,1,1,0,1,1,0,10,37
1015105,3,1,1,1,0,0,1,0,15,84
1015106,2,1,0,0,0,1,1,0,7,58
1015110,2,2,0,0,0,1,0,0,11,34
1015173,2,1,1,1,0,0,0,1,12,59
1015174,3,1,1,1,0,1,0,1,10,60
1015179,3,4,1,0,1,0,1,0,10,71
1015181,1,1,1,1,0,1,1,0,12,37
1015183,4,1,1,0,0,1,0,1,12,52
1015185,3,3,1,0,0,1,0,0,15,83
1015254,3,1,1,0,1,0,1,0,13,79
1015318,3,3,0,0,1,0,1,0,8,68
1015320,1,3,1,0,0,0,1,0,12,56
1015321,3,3,0,1,0,1,0,0,11,30
1015326,4,1,1,0,0,0,1,0,12,60
1015388,2,2,0,0,0,1,0,0,10,29
1015448,3,1,1,0,0,0,1,0,12,70
1015450,3,3,0,0,1,0,1,0,8,50
1015451,3,3,1,0,1,0,1,0,13,74
1015452,2,2,1,0,0,1,1,0,12,51
1015453,3,2,1,0,0,0,1,0,13,67
1015767,3,3,1,0,1,0,1,0,10,55
1015866,1,1,1,0,0,0,1,0,12,43
1015999,3,3,0,0,1,0,1,0,10,64
1016069,2,1,1,1,0,0,1,0,12,66
1016215,3,1,0,0,1,1,1,0,9,89
1016288,1,1,1,1,0,0,0,1,13,54
1018525,4,4,0,0,1,0,1,0,9,72
1018527,2,3,0,0,0,0,1,0,10,36
1018528,4,1,1,1,0,1,1,0,10,67
1018529,3,1,0,0,0,1,1,0,11,65
1018534,3,2,1,0,0,0,1,0,10,55
1053280,3,4,1,0,1,0,1,0,9,34
1053281,2,1,1,1,0,0,1,0,10,38
1053289,3,1,1,1,0,0,1,0,15,71
1053293,3,3,0,1,0,0,1,0,9,60
1053294,3,3,1,0,1,1,1,0,12,62
1053296,3,3,1,0,0,0,1,0,12,86
1053299,2,2,0,1,0,1,1,0,10,69
1053304,3,1,0,1,0,1,1,0,12,33
1053306,2,3,0,0,1,1,1,0,10,34
1053308,2,4,1,0,1,0,1,0,12,56
1053309,3,1,1,1,0,1,1,0,12,49
1053312,2,4,1,0,0,0,1,0,14,62
1053317,2,1,1,1,0,1,1,0,13,65
1053319,3,4,1,0,0,0,1,0,13,69
1053320,3,1,1,1,0,1,0,1,10,57
1053321,3,4,0,1,0,1,1,0,10,46
1053324,3,4,1,0,0,0,1,0,15,63
1053572,3,3,0,0,1,1,1,0,4,33
1053573,3,1,1,0,0,0,1,0,12,35
1053577,3,1,0,0,0,0,0,0,9,51
1053578,3,3,1,1,0,1,1,0,12,72
1053579,1,1,1,1,0,0,1,0,12,77
1053580,2,1,1,1,0,0,0,1,12,59
1053731,3,1,1,0,0,0,0,0,10,54
1053733,3,1,1,1,0,0,1,0,15,47
1053739,3,1,1,0,0,1,0,1,13,61
1053740,3,2,1,0,1,0,1,0,9,36
1054050,3,4,0,0,0,0,1,0,11,68
1054051,3,4,1,0,1,0,1,0,11,49
1054055,3,1,1,1,0,0,1,0,13,71
1054059,1,1,1,0,0,1,0,0,15,39
1054062,3,4,1,0,0,0,1,0,9,46
1054067,3,4,1,0,1,0,1,0,11,77
1054076,3,2,1,0,0,0,1,0,10,72
1054077,3,4,0,0,1,1,1,0,9,42
1054079,3,4,1,0,1,0,1,0,10,41
1054081,3,1,1,0,0,1,1,0,11,61
1054082,3,3,1,0,1,1,1,0,13,75
1054085,2,1,0,0,0,1,1,0,14,69
1054379,2,1,1,0,0,1,1,0,12,24
1054380,3,3,1,0,1,0,1,0,13,68
1054385,3,2,1,0,0,1,1,0,12,34
1054517,4,1,1,0,1,0,1,0,13,53
1054846,3,2,1,0,1,0,1,0,11,26
1054849,3,1,1,1,0,1,1,0,13,32
1054966,4,1,1,1,0,1,1,0,10,69
1054968,2,1,1,1,0,1,1,0,14,65
1054970,2,1,1,1,0,0,1,0,12,71
1054972,3,4,1,0,1,1,1,0,9,59
1054978,3,2,1,1,0,1,1,0,10,83
1055064,1,1,0,0,0,0,0,0,10,24
1055065,3,1,0,1,0,0,1,0,10,67
1055070,1,4,1,0,1,0,1,0,9,70
1055628,4,1,0,1,0,1,1,0,9,57
1056052,3,1,1,0,0,0,0,0,10,47
1056055,1,1,1,1,0,1,1,0,11,55
1056058,2,1,1,0,0,0,1,0,12,67
1056261,1,1,1,1,0,0,1,0,15,71
1056263,3,3,0,0,0,0,1,0,10,66
1056267,2,1,1,1,0,0,1,0,13,63
1056270,3,1,1,1,0,1,1,0,12,74
1056272,3,1,1,1,0,0,1,0,15,59
1056275,2,1,1,1,0,1,1,0,12,69
1056276,1,1,0,1,0,1,1,0,9,71
1056277,3,1,1,0,0,1,1,0,12,41
1056278,2,1,1,0,0,0,1,0,12,51
1056501,3,1,1,1,0,0,1,0,11,56
1056503,2,1,1,1,0,1,0,1,10,60
1056505,1,1,0,1,0,1,0,1,13,36
1056507,2,1,0,0,0,1,0,1,9,48
1056682,3,3,0,0,1,1,1,0,11,29
1056687,3,3,1,0,1,0,1,0,12,39
1056692,3,3,1,0,1,0,1,0,10,71
1056694,1,4,1,0,1,1,1,0,12,34
1056704,2,1,1,0,0,0,1,0,12,65
1056708,3,3,1,0,1,0,1,0,13,61
1056709,4,1,1,0,0,0,1,0,12,55
1056711,3,1,1,1,0,0,1,0,13,71
1056714,3,3,1,0,1,0,1,0,12,70
1056715,1,1,1,0,0,1,1,0,10,66
1057515,2,2,1,1,0,0,1,0,12,58
1057521,3,3,1,0,1,0,1,0,15,84
1057522,2,3,1,0,1,1,1,0,10,38
1057524,2,2,1,0,1,1,1,0,12,67
1057525,1,1,0,1,0,1,0,1,10,27
1057539,2,4,0,0,1,1,1,0,11,45
1057546,2,4,1,0,0,1,1,0,11,75
1057548,3,4,0,0,1,0,1,0,12,52
1057549,2,1,0,0,0,0,1,0,12,60
1058158,2,4,1,0,0,0,1,0,10,45
1058161,3,1,1,0,0,1,1,0,13,66
1058164,2,1,1,0,0,0,1,0,13,59
1058759,3,1,1,0,0,0,1,0,15,42
1058760,2,1,0,1,0,0,1,0,9,59
1058831,3,1,1,1,0,0,1,0,13,38
1059573,3,1,1,1,0,0,1,0,10,63
1059577,3,3,1,0,1,0,1,0,12,63
1059578,3,2,1,0,0,0,1,0,9,49
1059930,2,1,1,0,0,0,1,0,12,54
1059931,2,1,1,1,0,1,1,0,13,62
1059933,3,1,1,0,0,0,1,0,10,49
1060266,3,3,1,0,1,1,1,0,10,50
1060270,3,4,1,0,0,1,1,0,14,77
1060576,3,4,1,0,1,0,1,0,12,62
1061037,1,1,0,1,0,1,1,0,13,64
1061039,1,1,0,0,0,1,0,1,12,47
1061041,3,3,1,0,1,0,1,0,12,71
1061044,4,1,1,0,0,0,1,0,11,63
1062343,4,1,1,1,0,1,1,0,12,62
1096139,4,4,1,0,1,0,1,0,9,46
1096140,2,1,0,1,0,0,1,0,13,57
1096221,3,3,1,0,0,0,1,0,13,67
1096223,3,2,1,1,0,1,0,0,12,53
1096225,3,3,0,0,1,1,1,0,11,51
1096226,2,1,0,1,0,0,1,0,12,27
1096229,2,1,1,0,0,0,1,0,12,58
1096232,2,1,0,1,0,0,1,0,9,66
1096233,2,4,1,0,1,0,1,0,11,78
1096421,3,1,1,1,0,0,1,0,9,62
1096422,3,1,1,0,0,0,1,0,13,34
1096426,3,1,1,0,0,1,1,0,13,54
1096427,3,1,1,1,0,0,1,0,13,79
1096429,1,1,1,0,0,1,0,0,11,41
1096430,4,4,1,0,1,0,1,0,9,50
1096431,3,1,0,1,0,1,1,0,9,56
1096435,3,4,1,0,0,0,1,0,11,63
1096436,3,1,1,0,0,0,1,0,13,29
1096437,4,3,1,0,0,0,1,0,15,58
1096440,2,3,1,0,1,0,1,0,12,62
1096442,3,3,1,0,1,1,1,0,12,66
1096454,3,1,1,0,0,0,1,0,13,40
1096455,3,3,1,0,1,1,1,0,11,64
1096456,3,3,0,0,0,1,1,0,11,43
1096457,2,1,1,1,0,1,1,0,9,60
1096458,2,1,1,1,0,1,1,0,13,60
1096464,1,1,1,0,0,0,1,0,10,69
1096580,1,3,1,0,1,1,1,0,11,54
1096584,2,1,1,1,0,0,1,0,13,80
1096585,2,1,0,1,0,1,0,0,10,27
1096590,1,1,0,0,0,1,1,0,10,46
1096595,4,1,1,0,0,1,1,0,10,75
1096597,3,4,1,0,1,1,1,0,13,68
1096598,3,4,1,0,1,0,1,0,10,60
1096603,3,1,1,1,0,1,1,0,12,55
1096607,2,1,1,1,0,0,1,0,8,57
1096608,2,3,1,0,0,0,1,0,5,81
1096609,3,3,0,0,0,1,1,0,5,34
1096610,3,1,1,1,0,0,0,1,12,59
1096691,1,1,1,1,0,1,1,0,12,66
1096693,3,1,1,0,0,1,1,0,15,50
1096695,3,4,1,0,1,1,1,0,10,51
1096697,1,2,1,0,1,0,1,0,12,33
1096702,2,1,1,0,1,1,1,0,12,65
1096704,3,4,1,0,0,0,1,0,9,88
1096794,3,1,1,1,0,1,1,0,12,72
1096796,1,1,0,1,0,1,1,0,10,57
1096797,3,3,1,1,0,0,0,1,11,58
1096798,3,1,1,1,0,1,0,1,9,76
1096800,2,1,1,0,0,0,1,0,12,34
1096946,4,4,1,0,1,0,1,0,11,66
1096948,2,4,0,1,0,0,0,0,12,43
1096949,3,3,1,0,1,0,1,0,12,83
1096954,3,3,1,0,1,0,1,0,10,53
1096955,2,1,0,1,0,1,1,0,9,64
1096958,3,3,0,0,0,0,0,1,10,33
1096961,1,1,1,1,0,1,1,0,9,22
1096966,3,1,1,0,0,0,1,0,15,64
1097075,4,2,0,1,0,1,1,1,12,26
1097079,2,1,0,1,0,1,1,0,13,44
1097082,3,1,1,0,0,1,1,0,13,66
1097089,2,2,0,0,0,1,1,0,9,64
1097090,3,4,1,0,1,0,1,0,12,74
1097093,2,1,1,1,0,0,1,0,10,75
1097176,3,1,1,1,0,1,1,0,13,79
1097181,3,3,1,0,1,1,1,0,12,61
1097184,3,1,1,1,0,1,0,1,13,81
1097244,2,4,1,0,0,0,1,0,13,70
1097357,2,3,1,0,1,0,1,0,11,60
1098482,2,4,0,0,1,1,1,0,10,71
1098484,3,4,0,0,1,1,1,0,10,34
1098485,3,4,1,0,1,0,1,0,9,33
1098769,4,4,1,0,0,0,1,0,12,68
1098773,3,2,0,1,0,1,1,0,10,58
1098774,3,1,1,0,0,0,1,0,9,82
1099096,2,2,1,0,1,1,1,0,9,63
1099097,3,3,1,0,1,1,1,0,11,62
1099098,3,4,1,0,1,0,1,0,9,77
1099099,3,3,1,0,1,0,1,0,13,74
1099103,3,1,1,1,0,1,1,0,12,25
1099534,4,1,1,1,0,0,1,0,10,61
1099535,3,1,1,1,0,1,1,0,9,73
1099538,3,3,1,0,0,0,0,0,15,78
1099539,3,3,1,0,1,1,1,0,13,81
1101653,1,1,0,1,0,1,0,0,10,28
1101655,1,4,0,0,1,0,1,0,5,60
1101656,2,3,1,0,1,1,1,0,12,68
1102532,2,4,0,0,1,1,1,0,12,85
1102535,3,4,1,0,1,1,1,0,10,40
1102542,2,1,1,0,0,0,1,0,13,69
1102543,2,4,0,0,0,1,1,0,10,62
1102545,2,1,1,1,0,1,1,0,13,67
1102548,3,1,1,1,0,1,1,0,11,75
1102551,3,4,1,0,0,1,1,0,10,75
1102552,1,2,0,0,1,1,1,0,10,59
1102559,2,1,1,1,0,0,1,0,8,52
1102563,1,1,1,1,0,0,1,0,4,82
1102567,4,3,1,0,1,0,1,0,12,70
1102573,3,1,1,1,0,1,1,0,10,70
1102574,3,4,1,0,1,1,1,0,10,68
1102577,3,4,1,0,1,1,1,0,9,52
1102578,3,3,1,0,1,0,1,0,12,49
1102579,2,1,1,0,0,0,1,0,14,47
1102580,3,2,0,1,0,1,1,0,13,45
1102581,4,4,1,0,0,1,1,0,13,70
1106235,3,3,1,0,1,0,1,0,14,83
1106238,3,2,1,0,1,0,1,0,9,78
1106239,3,4,1,0,1,0,1,0,9,53
1106243,3,4,1,0,1,1,1,0,9,80
1106245,2,1,1,1,0,0,1,0,13,53
1106246,3,3,1,0,1,1,1,0,12,84
1106247,3,3,1,0,1,0,1,0,10,58
1106249,2,3,1,0,0,0,0,0,10,62
1106250,3,3,0,1,0,0,0,1,12,52
1106252,2,2,0,0,0,1,1,0,13,44
1106253,3,4,1,0,1,1,1,0,9,58
1106255,3,4,1,0,1,1,1,0,12,66
1106967,3,1,1,0,0,0,1,0,12,60
1106970,3,4,1,0,1,1,1,0,12,72
1110033,3,2,0,1,0,0,1,0,12,51
1115273,3,1,1,1,0,1,0,1,10,59
1330911,3,1,1,1,0,0,1,0,13,56
1331492,3,4,1,0,1,1,1,0,10,45
1331627,3,1,1,0,0,0,0,1,9,39
1335021,4,1,1,1,0,0,1,0,12,85
1335025,3,4,1,0,1,1,1,0,12,38
1335027,3,3,1,0,0,1,1,0,12,57
1335028,3,2,1,0,0,0,1,0,11,76
1335029,1,3,1,0,1,1,1,0,12,49
1335030,3,1,1,1,0,0,1,0,13,44
1335033,3,4,1,0,1,0,1,0,15,75
1335034,3,3,1,0,0,0,1,0,11,48
1335035,3,1,1,1,0,1,1,0,12,69
1335038,3,1,1,0,0,1,1,0,12,58
1335044,3,3,1,0,0,1,1,0,13,69
1335047,3,1,0,1,0,1,1,0,13,63
1335051,2,2,1,0,0,0,1,0,12,88
1335053,4,1,1,0,0,1,1,0,13,64
1335055,3,4,0,0,1,1,1,0,10,75
1335057,2,3,1,0,1,1,1,0,9,57
1335058,2,4,1,0,0,0,1,0,9,47
1335066,2,2,0,1,0,1,1,0,12,59
1335068,3,2,1,0,0,1,1,0,13,31
1335071,2,4,1,0,1,0,1,0,12,82
1335072,2,4,1,0,1,0,1,0,10,46
1335073,1,3,1,0,1,1,1,0,12,49
1335080,3,4,1,0,1,0,0,0,12,41
1335083,3,1,1,0,0,0,1,0,10,54
1335084,3,1,1,1,0,1,1,0,14,51
1335086,3,1,0,1,0,0,1,0,9,18
1336308,3,4,1,0,0,0,1,0,10,73
1336311,3,4,1,0,1,0,1,0,12,74
1336312,3,3,1,0,1,0,1,0,10,55
1336313,3,4,1,0,1,0,1,0,12,29
1336316,3,3,1,0,1,1,1,0,12,68
1336318,3,3,1,0,1,0,1,0,12,25
1336321,3,1,0,1,0,1,1,0,9,66
1336326,3,1,1,0,0,1,1,0,12,68
1336329,2,1,1,1,0,1,1,0,13,28
1336575,3,1,1,1,0,0,0,0,12,59
1337772,3,3,0,1,0,0,1,0,10,79
1337773,3,1,0,1,0,1,1,0,10,56
1337776,4,1,1,1,0,0,1,1,13,43
1337777,4,1,1,1,0,1,1,0,12,77
1337780,3,1,1,0,0,1,0,0,13,30
1337781,3,2,1,0,1,0,1,0,14,59
1337782,3,1,1,0,0,1,1,0,9,62
1337783,3,2,1,0,1,0,0,0,10,113
1337786,3,3,1,0,1,0,1,0,13,33
1337790,2,1,1,1,0,0,1,0,12,26
1337791,3,4,1,0,1,0,1,0,12,50
1337793,3,1,1,1,0,1,1,0,13,67
1337794,3,1,0,1,0,1,1,0,15,25
1341761,1,1,0,0,0,1,1,0,10,23
1341763,3,1,1,1,0,1,1,0,15,64
1341767,3,4,1,0,1,0,1,0,13,58
1341770,3,1,1,0,0,1,1,0,12,50
1341772,2,1,0,0,0,1,1,0,12,28
1347671,3,1,0,1,0,1,0,1,11,62
1347672,2,1,1,0,0,1,0,1,15,63
1347673,3,4,1,0,1,0,1,0,9,67
1347677,2,1,1,1,0,0,0,1,10,32
1347691,3,1,1,0,0,0,1,0,12,64
1347694,3,4,1,0,1,0,0,0,10,63
1347698,2,1,1,1,0,1,1,0,10,57
1347702,3,1,1,1,0,0,1,0,15,46
1347705,3,1,1,0,1,1,1,0,11,62
1347707,2,1,1,1,0,0,1,0,13,62
1347709,2,2,1,0,1,1,1,0,12,41
1347710,4,2,1,0,1,0,0,0,14,49
1347712,3,2,1,0,1,0,1,0,12,44
1347713,3,1,1,1,0,1,0,1,10,52
1347715,2,1,1,0,0,1,0,0,10,35
1347717,3,1,1,1,0,0,1,0,12,54
1347719,3,1,1,1,0,0,1,0,9,74
1347722,4,2,1,0,1,0,1,0,12,48
1347723,3,4,1,0,0,0,1,0,13,63
1347726,4,1,1,0,0,1,1,0,13,55
1347727,4,1,1,1,0,0,1,0,12,83
1347729,3,1,1,0,0,0,1,0,12,60
1347730,3,2,0,0,1,1,1,0,13,34
1347732,2,1,0,1,0,0,0,1,10,42
1347734,3,1,0,0,0,1,1,0,11,38
1347735,3,3,1,0,1,1,1,0,10,62
1347736,3,1,1,1,0,1,1,0,15,63
1347738,2,1,1,0,0,0,1,0,13,50
1347740,2,1,1,1,0,1,0,0,12,64
1347741,2,2,0,0,0,1,1,0,10,42
1347744,2,3,0,0,1,1,1,0,10,33
1347745,2,1,1,0,0,0,0,0,14,42
1347747,2,1,1,0,0,0,1,0,12,53
1347750,4,3,0,0,1,1,1,0,10,68
1347752,2,2,1,0,1,1,1,0,10,40
1347754,3,4,1,0,1,0,1,0,13,57
1347755,4,4,1,0,1,0,1,0,11,55
1347756,2,1,1,1,0,0,1,0,12,60
1347763,1,1,0,0,0,0,1,0,10,53
1347768,2,1,1,0,0,1,1,0,12,29
1347769,4,1,1,1,0,1,1,0,12,51
1347770,3,1,1,1,0,1,1,0,9,19
1347771,3,3,1,0,1,1,1,0,9,79
1347777,3,3,1,0,1,0,0,0,15,38
1347782,1,1,1,1,0,1,1,0,12,22
1347783,3,3,1,0,1,0,1,0,12,25
1347787,3,1,1,1,0,1,1,0,11,64
1347788,3,1,1,0,0,1,1,0,10,19
1347790,3,1,1,1,0,0,1,0,13,24
1347792,3,1,1,0,0,0,1,0,12,31
1347793,3,2,1,1,0,1,0,1,15,63
1347794,2,2,1,0,1,0,1,0,12,29
1347799,3,3,1,0,1,1,1,0,13,24
1347803,3,3,0,0,1,0,1,0,10,69
1347804,2,4,0,0,1,0,1,0,12,80
1350994,2,1,0,1,0,1,0,1,12,39
1351003,3,1,1,0,1,1,1,0,11,50
1351006,2,2,1,0,1,1,1,0,13,32
1351008,4,4,1,0,0,1,1,0,11,56
1351013,3,1,1,1,0,1,1,0,15,60
1351017,1,4,1,0,0,0,1,0,10,44
1351021,3,3,1,0,0,1,1,0,13,59
1351022,3,2,0,1,0,1,1,0,12,43
1351024,2,3,1,0,0,1,1,0,11,53
1351028,3,1,1,1,0,0,1,0,10,19
1358283,3,3,1,0,1,0,0,1,13,30
1358289,3,4,1,0,0,0,1,0,10,78
1358291,3,4,1,0,0,0,1,0,13,50
1358295,2,2,0,0,0,1,1,0,12,28
1358296,1,1,1,1,0,0,0,1,11,57
1358298,4,1,1,0,0,0,1,0,13,52
1358302,2,4,1,0,0,0,1,0,7,45
1358304,2,2,0,1,0,1,0,1,10,34
1358317,2,1,0,1,0,1,0,1,10,52
1358324,3,1,1,0,0,0,1,0,12,30
1358325,3,2,0,0,1,1,1,0,10,31
1358329,3,1,1,0,0,1,1,0,12,69
1358330,2,1,1,0,0,1,1,0,12,29
