ISO3,Year,Region,country,LandArea,ArablePercent,Population,PopGrowth,RuralPopulation,UrbanPopulation,BirthRatePer1K,FertilityRate,PrimarySchoolAge,LifeExpectancy,AgeDepRatioOld,CO2Emissions,GDP,GDPPerCapita,GDPPerCapGrowth,Inflation,TotalTrade,Exports,Imports,FDIIn,AgriEmployment,NetAidReceived,MobileCellSubscriptions,NaturalResourceRents,MilitaryExpenditures,GovtExpenditures,HIVDeaths,WomenBusLawIndex,PaidParentalLeave
AND,2018,Europe & Central Asia,Andorra,470,1.76595744680851,77008,0.0142852505031622,11.938,88.062,7.2,NA,6,NA,NA,5.97340536048203,2949506390.20052,38301.2984391299,1.57425431733354,NA,NA,NA,NA,NA,NA,NA,107.2825494,0,NA,NA,NA,NA,NA
ARE,2018,Middle East & North Africa,United Arab Emirates,71020,0.595606871303858,9630966,1.50393782063358,13.478,86.522,10.331,1.413,6,77.814,1.28689480839373,20.7974984025486,382069392728.146,39670.9315273407,-0.320590314360061,3.06863379251994,159.728773537434,93.0481227958133,66.6806507416209,2.45971482010468,1.46000003814697,NA,208.5048332,17.3247703336333,NA,11.8192185421443,100,30,0
AFG,2018,South Asia,Afghanistan,652860,11.7988542719726,37171922,2.38430907940751,74.505,25.495,32.487,4.473,7,64.486,4.75827277828347,0.200151071015376,20323488524.6834,546.743010078504,-1.19490038335884,0.626149149168811,NA,NA,NA,0.661572001890286,43.1300010681152,3792449951.17188,59.12084823,0.915366188790762,1.00674629248273,NA,500,38.125,0
ATG,2018,Latin America & Caribbean,Antigua and Barbuda,440,9.09090909090909,96282,0.894078681398432,75.401,24.599,15.327,1.994,5,76.885,12.7319719304573,5.50466338464095,1554626242.87881,16146.5927471262,5.93227628165489,1.20715793367003,135.064152858016,64.5248555713149,70.539297286701,12.7554180936599,NA,17590000.1525879,NA,0,NA,15.2422043103746,NA,66.25,0
ALB,2018,Europe & Central Asia,Albania,27400,22.311897810219,2866376,-0.246732042281782,39.681,60.319,11.78,1.617,6,78.458,20.0412141646094,1.93973156347946,12702457551.515,4431.53918101288,4.2763256546607,2.02805963071136,76.8081181330347,31.5719272134517,45.236190919583,7.94635135089316,37.2900009155273,344320007.324219,94.17699827,1.81806469880433,1.16126612950916,11.2865596118116,100,91.25,0
ARM,2018,Europe & Central Asia,Armenia,28470,15.6515630488233,2951741,0.235799808401976,36.851,63.149,13.987,1.755,6,74.945,16.5223584838091,1.88024626821933,11958639113.6524,4051.38496692373,4.9522308356251,2.52023382001631,92.473107021212,39.3928940286073,53.0802129926047,2.14180606651725,25.7800006866455,141619995.117188,121.259018,1.09018106273031,4.11988615256896,11.4866903221706,100,85,1
AGO,2018,Sub-Saharan Africa,Angola,1246700,3.93037619314992,30809787,3.2761445879162,34.486,65.514,40.729,5.519,6,60.782,4.34798748465237,0.88738036390839,110764470655.247,3595.10666708754,-5.16211179066241,19.6286077209765,66.3781108165459,40.8362898865574,25.5418209299885,-6.36987727292231,50.9099998474121,162660003.662109,43.13051888,27.4282203466729,1.87177586619642,10.474544743401,17000,73.125,0
ARG,2018,Latin America & Caribbean,Argentina,2736690,14.3238729998648,44494502,1.01580834908002,8.13,91.87,17.021,2.261,6,76.52,17.3386897637727,3.9872341980589,583118120294.002,13105.397163317,-3.60160975657155,NA,30.7625359549926,14.4366857499034,16.3258502050892,2.232532212602,0.100000001490116,73110000.6103516,132.0931513,2.12951508687493,0.745498854953045,15.8050971558947,1400,76.25,0
ASM,2018,East Asia & Pacific,American Samoa,200,15,55461,-0.280883888014678,12.847,87.153,NA,NA,6,NA,NA,NA,631900763.358779,11393.6056572867,2.95991055574585,NA,171.830985915493,68.2316118935837,103.599374021909,NA,NA,NA,NA,0,NA,52.2691705790297,NA,NA,NA
AUT,2018,Europe & Central Asia,Austria,82520,16.0827678138633,8840521,0.487071924768999,41.703,58.297,9.7,1.47,6,81.6926829268293,28.4878923188851,7.14663762463773,408334528417.519,46188.9665119872,2.00355252390945,1.99837981429546,107.88167678734,55.440654375526,52.4410224118143,-6.28465704339647,3.69000005722046,NA,123.5352681,0.15508780567555,0.744858294108948,19.3318630043618,NA,94.375,1
AUS,2018,East Asia & Pacific,Australia,7692020,4.02677060122049,24982688,1.53610551570388,13.988,86.012,12.6,1.74,5,82.7487804878049,24.0303526189308,15.475516485656,1460169477425.41,58447.2526505317,1.302840712022,1.91140094445692,43.3822260663091,21.8697129487245,21.5125131175846,4.29284940490712,2.61999988555908,NA,111.012255,5.48041543739468,1.89062224595723,19.10636556904,100,96.875,1
ABW,2018,Latin America & Caribbean,Aruba,180,11.1111111111111,105846,0.459265888430662,56.589,43.411,11.652,1.896,6,76.152,19.7398843930636,NA,NA,NA,NA,3.62604141352956,148.425802450609,73.7993971442039,74.6264053064053,4.2446335956983,NA,NA,NA,NA,NA,23.5598474209043,NA,NA,NA
AZE,2018,Europe & Central Asia,Azerbaijan,82654,25.3817117138916,9939771,0.866316916370841,44.32,55.68,14,1.73,6,72.864,8.79557246844854,3.22140218320925,52304901977.9426,5262.18380463117,0.624486167739761,2.26854690374005,91.6725765369825,54.0922938620586,37.5802826749238,2.97794611197123,36.2599983215332,87410003.6621094,103.9214187,29.2523743952692,3.56240123412697,10.4664635668981,200,78.75,1
BIH,2018,Europe & Central Asia,Bosnia and Herzegovina,51200,20.09765625,3323929,-0.827063451812447,51.755,48.245,8.111,1.265,6,77.262,23.9521466331882,6.78113160660171,17906901109.7165,5387.26943617524,4.60162519334784,1.41710814018026,99.7748645936587,42.5185448529263,57.2563197407324,2.98246076424119,15.7299995422363,355950012.207031,104.1256346,1.16874724954918,0.852548557100982,19.7695458947922,NA,85,0
BRB,2018,Latin America & Caribbean,Barbados,430,16.2790697674419,286640,0.143488326481972,68.853,31.147,10.648,1.619,5,79.081,23.6376160433333,4.36087077867709,4826653203.49673,16838.7287311496,-0.722886472225468,3.67381410406798,80.992899832891,41.2875985451686,39.7053012877224,4.74975916445493,2.70000004768372,NA,114.8914496,0.310389540203822,NA,11.8167482551853,NA,76.875,0
BGD,2018,South Asia,Bangladesh,130170,59.7088422831682,161376713,1.05357030023873,63.368,36.632,18.184,2.036,6,72.32,7.68354122853888,0.512837313770296,241804912832.722,1498.38789214106,6.73329863316326,5.5436213948647,38.2448929879071,14.800958178109,23.4439348097981,0.883679502978234,39.3899993896484,3044679931.64063,100.2447125,0.60162957960818,1.26399978490041,6.35669477164265,NA,49.375,0
BEL,2018,Europe & Central Asia,Belgium,30280,28.0713342140026,11427054,0.455184695275022,1.999,98.001,10.4,1.62,6,81.5951219512195,29.2861038187606,8.17971106113614,484429970740.234,42393.2512036991,1.35679144535901,2.05316499865181,166.313174766656,83.035866838076,83.2773079285802,-7.65753615991978,0.990000009536743,NA,99.69668646,0.0189338645597239,0.890644486309656,23.091328510743,NA,100,1
BFA,2018,Sub-Saharan Africa,Burkina Faso,273600,21.9298245614035,19751466,2.86697911426999,70.642,29.358,37.93,5.189,6,61.174,4.57210308721352,0.21618648458803,14194244080.5891,718.642559523889,3.59163480841336,1.95594302672532,60.5956256236488,28.0789061419219,32.5167194817269,1.68919955715947,27.0799999237061,1108790039.0625,97.91227142,8.45879707689409,2.16504174626094,18.419409475168,3800,80,0
BGR,2018,Europe & Central Asia,Bulgaria,108560,32.0375829034635,7025037,-0.722080405222853,24.992,75.008,8.9,1.56,7,74.9634146341464,32.6515293385686,5.85477343393352,55214529018.3632,7859.67803704994,3.42872477679667,2.81454473824833,128.851881427473,65.6959664260159,63.1559150014572,2.72719509208229,6.57999992370605,NA,118.9396801,0.706368691334035,1.45156836676972,16.4143716566787,NA,90.625,1
BHR,2018,Middle East & North Africa,Bahrain,780,2.05128205128205,1569440,4.92102429600582,10.713,89.287,13.99,1.987,6,77.163,3.09801289482783,19.5929758385156,34251782226.1479,21824.2062303419,-2.76780486148901,2.08766938046983,150.812440416932,79.2536594117502,71.5587810051817,0.294089711433264,0.970000028610229,NA,133.3409369,4.397892074888,4.07429482993766,16.2915850239388,NA,40,0
BDI,2018,Sub-Saharan Africa,Burundi,25680,46.7289719626168,11175379,3.16691169681282,86.968,13.032,39.008,5.41,7,61.247,4.30024883162165,0.0527946300523678,3151124212.65852,281.970232298924,-1.5575434549573,-2.8146980766847,39.2100430604203,9.40103814120826,29.8090049192121,0.0368652311931706,86.25,451079986.572266,56.53470747,11.3212654718392,1.88216144691977,26.210261088543,2200,73.125,0
BEN,2018,Sub-Saharan Africa,Benin,112760,24.8315005321036,11485035,2.73485620295269,52.688,47.312,36.221,4.836,6,61.47,5.99205352724548,0.688722324311593,13268812169.9892,1155.31316796067,3.81878334277161,0.644803622440778,61.7951944901323,27.2742306188147,34.5209638713176,1.36073583540309,39.0800018310547,574619995.117188,82.38429039,2.45566500560684,0.6328575401476,10.4105053938863,2400,74.375,0
BMU,2018,North America,Bermuda,54,5.55555555555556,63919,0.0719919900882055,0,100,8.3,1.3,5,81.6517073170732,NA,NA,6819905984.64909,106696.068221485,-0.504455912272903,NA,77.121210841865,51.269813431808,25.851397410057,1.32076448207162,NA,NA,NA,0,NA,11.692006274908,NA,NA,NA
BRN,2018,East Asia & Pacific,Brunei Darussalam,5270,0.94876660341556,428960,1.04964282773986,22.371,77.629,14.896,1.848,6,75.722,6.75888024521311,16.644908616188,12784201742.5315,29802.7828760991,-0.992460952847097,1.02505179290213,93.896319873231,51.93227637834,41.964043494891,3.80474135275375,1.05999994277954,NA,131.9342228,25.3799382379259,2.63661248547429,24.1412808043276,NA,53.125,0
BOL,2018,Latin America & Caribbean,Bolivia,1083300,4.13551186190344,11353140,1.42189080360535,30.575,69.425,21.75,2.73,6,71.239,11.6498033544948,2.00032766265544,37364958855.9519,3291.15635462541,2.75216346209768,2.27205987230148,57.1099643246793,25.9887946637693,31.12116966091,0.750524780940684,31.0599994659424,728849975.585938,100.8164084,5.72501407400761,1.53659628459923,17.5256443634586,500,88.75,0
BRA,2018,Latin America & Caribbean,Brazil,8358140,6.67158004053533,209469320,0.783844259734468,13.431,86.569,13.924,1.73,6,75.672,12.7938666350351,2.04187419904738,1797736638228.88,8582.33863665038,0.988960032623851,3.66485028376724,28.876203377402,14.6349994952986,14.2412038821035,4.07748708411665,9.26000022888184,444829986.572266,99.9717023,3.80859162626252,1.49420335261882,19.8950877773591,14000,81.875,0
BHS,2018,Latin America & Caribbean,"Bahamas, The",10010,0.799200799200799,385635,1.01280016721917,16.975,83.025,13.968,1.752,5,73.752,10.3300386066185,5.86046391017413,12429506802.9681,32231.2725840966,1.73146903767967,2.26586346678726,75.5760332767297,36.0240851236193,39.5519481531103,3.82779517697477,2.25999999046326,NA,100.7960854,0.0130319917052742,NA,12.2996151988658,NA,81.25,0
BTN,2018,South Asia,Bhutan,38140,2.46460409019402,754396,1.17777914017278,59.105,40.895,17.259,1.975,6,71.46,8.79867726461119,1.82927799192997,2336476327.38733,3097.14835098189,1.84848775239858,2.72396386183716,84.1870116266903,30.8177060148869,53.3693056118033,0.108279483744831,56.1199989318848,107919998.168945,93.26155771,1.99853590816896,NA,17.1169027937557,100,71.875,0
BWA,2018,Sub-Saharan Africa,Botswana,566730,0.458066451396609,2254067,2.1974164684246,30.554,69.446,24.821,2.874,6,69.275,6.8499182332335,3.64230521985371,15717831995.6606,6973.09884562464,1.72043437304123,3.2380155894771,88.0634318560814,44.535786925164,43.5276449309174,1.69061675690844,20.3700008392334,85750000,150.0055899,0.756371424689892,2.67608892317505,28.9707654471547,5300,63.75,0
BLR,2018,Europe & Central Asia,Belarus,202980,28.1407035175879,9438785,-0.213824206997671,21.405,78.595,9.9,1.448,6,74.1756097560976,21.7387466231065,6.28364773644065,58198692497.6768,6165.90933024502,3.36999151883471,4.87230220550689,139.393736250171,70.4550452625374,68.9386909876332,2.3762618776861,11.3100004196167,119099998.474121,122.925228,1.72988519764888,1.18226172889567,15.7394924938501,500,75.625,1
BLZ,2018,Latin America & Caribbean,Belize,22810,3.94563787812363,383071,1.9229790570947,54.276,45.724,20.786,2.307,5,74.496,7.28867892694449,1.77512784836231,1803268967.98605,4707.40141641118,0.946112739484732,NA,113.010631596286,56.3560947888058,56.6545368074805,6.36993895949505,17.0100002288818,33790000.9155273,64.29904639,1.71920538810287,1.29466567099759,17.7529405407454,200,79.375,0
CAN,2018,North America,Canada,8965590,4.31505344322013,37065084,1.41245586917998,18.589,81.411,10.1,1.5,6,82.0487804878049,25.7587282054988,15.497064568908,1664870307455.57,44917.4837282326,1.33556428524561,2.268225672481,66.447716838606,32.2801824238976,34.1675344147084,2.46931207254863,1.49000000953674,NA,89.57894095,2.12161307395814,1.32468109445935,20.6815221553072,NA,97.5,1
COD,2018,Sub-Saharan Africa,"Congo, Dem. Rep.",2267050,5.20500209523389,84068092,3.22669886135312,55.54,44.46,41.183,5.919,6,60.368,5.93870007584419,0.0261692628875174,42619014794.5289,506.958273711373,2.46109271097485,NA,71.8107113992928,34.1101043281883,37.7006070711045,2.98554161856132,64.8099975585938,2513929931.64063,43.38221502,18.1795590931898,0.623912514687135,6.37458418066788,20000,70,0
CAF,2018,Sub-Saharan Africa,Central African Republic,622980,2.88933834151979,4666375,1.5191174668345,58.636,41.364,35.348,4.721,6,52.805,5.34374841696808,0.0707187056333878,1927167157.0247,412.990202678674,2.22467545139492,1.61215686991553,65.8636468647533,18.883624410786,46.9800224539673,0.81061260088137,70.3000030517578,656250000,27.41449024,10.8301828703178,1.43304053959819,14.2027423022207,4200,76.875,0
COG,2018,Sub-Saharan Africa,"Congo, Rep.",341500,1.61054172767204,5244363,2.58172086705774,33.084,66.916,32.862,4.428,6,64.29,4.82715941752411,0.613992585944184,9651902027.20243,1840.43362887017,-7.23155796221506,1.15277896375521,120.035762323808,71.0295689509468,49.0061933728618,31.5672219414183,33.7400016784668,146570007.324219,95.34053637,47.9515215045735,2.50811727955521,14.5945704974132,5400,49.375,0
CHE,2018,Europe & Central Asia,Switzerland,39516.03,10.0753770052305,8514329,0.736633975172522,26.203,73.797,10.3,1.52,7,83.7536585365854,28.0192376233827,4.40199104356902,749096375856.472,87980.6706854377,2.16156965343124,0.936335464113605,119.976635141108,66.1556552660556,53.820979875052,-21.8054744512594,3.02999997138977,NA,126.5434466,0.0128212132483177,0.632561531257734,11.1019876685696,200,85.625,0
CIV,2018,Sub-Saharan Africa,Cote d'Ivoire,318000,11.0062893081761,25069226,2.55232234123969,49.221,50.779,35.74,4.649,6,57.422,5.17886210056234,0.39530538358065,56350019798.3227,2247.77660859265,4.1966214196201,0.359409031380664,46.0674863772771,22.6406826881759,23.4268036891012,1.06932420831873,41.0099983215332,960010009.765625,134.8579514,3.42431451345361,1.41343544765218,10.2409781481538,14000,78.125,0
CHL,2018,Latin America & Caribbean,Chile,743532,1.63140254891518,18729166,1.39106423293431,12.436,87.564,12.428,1.649,6,80.042,16.7788488397309,4.6248722447118,260354479474.381,13901.0183087907,2.28112103495536,2.43488981353058,57.3216227591195,28.5071835463276,28.8144392127919,2.60765642227731,9.22000026702881,NA,134.4373213,5.79353858035928,1.85963861836923,14.3895554652052,NA,77.5,1
CMR,2018,Sub-Saharan Africa,Cameroon,472710,13.1158638488714,25216261,2.61228416133822,43.626,56.374,35.386,4.572,6,58.921,4.99432793464968,0.34184290843119,36242614126.2874,1437.27153388392,1.27506372633268,1.0742994515814,40.587602877028,18.7362534690181,21.8513494080099,1.91398182081519,44.1699981689453,1165339965.82031,73.19019901,6.75180707787456,1.11159531025983,11.920018840418,18000,60,0
CHN,2018,East Asia & Pacific,China,9424702.9,12.678245804438,1402760000,0.467672053461959,40.848,59.152,10.86,1.69,6,76.704,15.337864254135,7.35226268214092,13493418449040.5,9619.19248413167,6.25170055569883,2.07479039965578,37.5657841021374,19.1121035364139,18.4536805657234,1.69390529382545,26.0699996948242,-705450012.207031,115.5258122,1.46776487878169,1.73953368321942,16.5358083434476,NA,75.625,0
COL,2018,Latin America & Caribbean,Colombia,1109500,5.42676881478143,49661056,1.52423594388212,19.222,80.778,14.882,1.807,6,77.109,12.3868282477211,1.6006506184645,311467941587.106,6271.87512055937,1.01285604228866,3.24023413752975,36.5347527968973,15.8997196775431,20.6350331193542,3.38083576651694,16.7099990844727,1781020019.53125,129.9086097,5.01999432786466,3.06210551143266,15.4214808598175,2700,81.875,0
CRI,2018,Latin America & Caribbean,Costa Rica,51060,4.94516255385821,4999443,0.994802059847413,20.66,79.34,13.971,1.754,6,80.095,13.8152455883225,1.65218405330354,62862775554.8961,12573.9558496609,1.60014007285719,2.22111461526584,66.9453420166008,33.7385107761818,33.206831240419,4.82943871297315,12.3999996185303,99360000.6103516,169.9306983,0.96135213571786,0,16.1957338927845,500,80,0
CUB,2018,Latin America & Caribbean,Cuba,103800,28.0211946050096,11338146,-0.00978066226269748,22.963,77.037,10.166,1.618,6,78.726,22.1365146458905,2.20230009386014,91169895871.5596,8040.98799500021,2.25848146064915,NA,27.0834582708646,14.5227386306847,12.5607196401799,NA,17.6900005340576,749710021.972656,47.39153727,1.05729602912563,2.87620737245072,30.0449775112444,500,NA,NA
CPV,2018,Sub-Saharan Africa,Cabo Verde,4030,12.4069478908189,543764,1.15884296629081,34.268,65.732,19.49,2.274,6,72.782,6.91960896368751,1.14020052817031,1812401360.18566,3333.06610990367,3.32680146934304,1.25615185860788,116.951067174899,48.9526443748728,67.9984228000264,5.73076133865228,11.8400001525879,84279998.7792969,112.2407207,0.36914918506449,0.542008419435312,17.798660743674,100,86.25,0
CUW,2018,Latin America & Caribbean,Curacao,444,NA,159336,-0.525178744011738,10.855,89.145,10.5,1.7,6,NA,25.8956575948257,NA,3000095279.94639,18828.7347488728,-1.65097683750417,2.58368756641871,NA,NA,NA,4.05782379263103,NA,NA,114.5239383,0,NA,NA,NA,NA,NA
CYP,2018,Europe & Central Asia,Cyprus,9240,11.2559523809524,1189262,0.80854929846874,33.19,66.81,10.462,1.329,6,80.828,19.7416677254055,6.07940050216016,23632267889.5555,27161.4033495721,4.41138580684543,1.43549119531762,148.847177002968,75.0738018631541,73.7733751398143,-4.35009192162822,2.17000007629395,NA,137.0450965,0.00473206898053211,1.78048570866271,14.5771692972774,NA,91.25,0
CZE,2018,Europe & Central Asia,Czech Republic,77200,32.1761658031088,10629928,0.334427262299794,26.208,73.792,10.7,1.71,6,79.0292682926829,29.8817078512209,9.64070499819002,209255388993.343,19685.4944824973,2.85410811330968,2.14949494949492,147.978497744315,76.9591647541946,71.0193329901205,3.34391039785703,2.79999995231628,NA,119.1135078,0.401836823957783,1.08885095047558,19.3889824970677,NA,93.75,1
DEU,2018,Europe & Central Asia,Germany,349380,33.5766214437003,82905782,0.300526701992065,22.688,77.312,9.5,1.57,6,80.8926829268293,33.0606141554973,8.55838981170216,3562734209022.97,42973.2899573032,0.782690047310425,1.73216766075662,88.4344064183191,47.3010457679357,41.1333606503833,3.98551180166669,1.25,NA,129.3242137,0.084988373002426,1.17181679234658,19.9048060192526,500,97.5,1
DJI,2018,Middle East & North Africa,Djibouti,23180,0.0862812769628991,958923,1.55786869505917,22.223,77.777,21.466,2.728,6,66.582,6.87055517048206,0.51098993349831,2961694845.73082,3088.5637801271,6.73190060418814,0.147970849877116,288.216697848041,149.178492905046,139.038204942995,5.64258513442503,25.4699993133545,179210006.713867,41.19590415,0.265248181244454,NA,20.6462575491068,500,61.875,0
DNK,2018,Europe & Central Asia,Denmark,40000,59.8,5793636,0.495838925879129,12.126,87.874,10.6,1.73,6,80.9536585365854,31.0894763954635,5.76149416359606,327708263102.566,56563.4884729669,1.4850851572351,0.813609467455633,106.974996433357,56.5598044910739,50.4151919422829,2.45600096718496,2.19000005722046,NA,125.4530064,0.634213587271277,1.27740222690715,24.2753514178382,100,100,1
DMA,2018,Latin America & Caribbean,Dominica,750,8,71626,0.23202839477624,29.517,70.483,NA,NA,5,NA,NA,2.51305391896797,528298704.161051,7375.79516043128,1.97741396289945,0.989191119189815,107.766298060107,29.4131891193801,78.353108940727,14.2172198776951,NA,26940000.5340576,107.2530541,0.0346879419505435,NA,27.5970619097587,NA,62.5,0
DOM,2018,Latin America & Caribbean,Dominican Republic,48310,18.1535913889464,10627147,1.07886200909288,18.926,81.074,19.506,2.346,6,73.892,10.9066947774143,2.36375764821923,84993382978.8095,7997.7611092431,5.83453748755498,3.56443426013507,52.0559663874181,23.5514313052003,28.5045350822178,3.20786379861054,9.32999992370605,89300003.0517578,84.10208352,0.868605190492434,0.693991110098086,10.8598569852577,2200,86.25,0
DZA,2018,Middle East & North Africa,Algeria,2381741,3.15106344476582,42228415,2.00739866314238,27.371,72.629,24.282,3.023,6,76.693,10.0214417401297,3.59165741835207,175426085546.502,4154.21903821165,-0.909245791015422,4.26999020467078,58.065491770819,25.8611508241538,32.2043409466652,0.838207480046885,9.88000011444092,144529998.779297,111.6647921,18.4741287092162,5.46782435628871,17.2020294285578,200,57.5,0
ECU,2018,Latin America & Caribbean,Ecuador,248360,3.89756804638428,17084359,1.76565269522798,36.179,63.821,19.719,2.427,6,76.8,11.042793254305,2.31381230047905,101689830586.566,5952.21808360301,-0.483429077922167,-0.224103246005465,46.3621309486896,22.6046839884209,23.7574469602687,1.29084310432381,28.8299999237061,404010009.765625,92.32327021,7.57513349818404,2.35188715281228,14.7163578426316,550,89.375,0
EST,2018,Europe & Central Asia,Estonia,43470,15.827007131355,1321977,0.348039137980543,31.12,68.88,10.9,1.67,7,78.2439024390244,30.658266019445,12.1030850007224,26013436192.7348,19677.6768375961,3.77202331144019,3.43632688420445,146.340557531205,74.469196995113,71.8713605360916,4.04250268791939,3.28999996185303,NA,145.4384241,1.35147678112492,2.00866586260145,19.2003648972897,100,97.5,1
EGY,2018,Middle East & North Africa,"Egypt, Arab Rep.",995450,2.92427424782762,98423602,2.0332723991851,57.296,42.704,26.379,3.326,6,71.825,8.57741596757332,2.50204214229022,377080487734.144,3831.19983491505,3.19442074906497,14.4014657807421,48.2782710596295,18.9119754811376,29.3662955784919,3.2602627890206,21.6599998474121,2080850097.65625,95.28659682,7.10879301097282,1.24996619642133,8.35173750394375,500,45,0
ERI,2018,Sub-Saharan Africa,Eritrea,101000,6.83168316831683,NA,NA,NA,NA,30.302,4.056,6,65.941,NA,0.231696216140132,NA,NA,NA,NA,NA,NA,NA,NA,63.7599983215332,84239997.8637695,NA,NA,NA,NA,500,69.375,0
ESP,2018,Europe & Central Asia,Spain,499603.479,23.7873681820378,46797754,0.437982993728698,19.679,80.321,7.9,1.26,6,83.4317073170732,29.3816331332926,5.52035039972218,1297505426273.83,27725.8055220733,1.84175785793946,1.67498136863794,67.6081375663926,35.1625876058272,32.4455499605654,4.12571580987284,4.19999980926514,NA,115.9942148,0.0618904718960867,1.25393588160509,18.6733695737992,730,97.5,0
ETH,2018,Sub-Saharan Africa,Ethiopia,1129300.39,14.333653068162,109224410,2.61996917105787,79.237,20.763,32.339,4.247,7,66.24,6.28390468301824,0.149050931014413,82721152428.0532,757.35041670679,4.0539401511658,13.8307621811517,31.199374943469,8.37267586646371,22.8266990770053,3.98771253765884,67.2900009155273,4941029785.15625,NA,5.88853924136121,0.639015280336255,10.2504816780532,14000,71.875,0
FIN,2018,Europe & Central Asia,Finland,303920,7.38352197946828,5515525,0.132641040791912,14.618,85.382,8.6,1.41,7,81.7341463414634,34.9579430280203,8.04275204989552,251667480441.797,45628.9257036813,1.00788071036347,1.08382098409299,78.1901588226224,38.4677985848168,39.7223602378056,-3.83428376041318,3.71000003814697,NA,129.4685668,0.530894235358595,1.36221240755957,22.911919406514,NA,97.5,1
FJI,2018,East Asia & Pacific,Fiji,18270,9.0311986863711,883490,0.684860282111394,43.752,56.248,21.277,2.774,6,67.341,8.37919116188249,2.15056197580052,5246541361.38024,5938.42755592054,3.10381043650811,4.08147637644538,103.436804382678,47.9130892481423,55.5237151345358,8.40046167281378,17.9799995422363,120959999.084473,114.8861948,1.21451821548079,1.46760686131695,20.3921605341966,100,74.375,0
FSM,2018,East Asia & Pacific,"Micronesia, Fed. Sts.",700,2.85714285714286,112640,1.05221384801299,77.297,22.703,22.82,3.053,6,67.755,6.21625726633804,1.59801136363636,328598163.580178,2917.24221928425,-0.837259215875989,1.79400375972253,100.851461800905,35.4747304458985,65.3767313550068,NA,NA,98790000.9155273,NA,0.0163218806922424,NA,NA,NA,61.25,0
FRO,2018,Europe & Central Asia,Faroe Islands,1396,2.14899713467049,48497,0.353222225693126,57.936,42.064,13.4,2.5,NA,82.5439024390244,NA,NA,NA,NA,NA,NA,105.04255760847,53.3926717874196,51.6498858210504,NA,NA,NA,117.1041508,0,NA,29.4545360182686,NA,NA,NA
FRA,2018,Europe & Central Asia,France,547557,33.1041334509467,67101930,0.274451849056795,19.556,80.444,11.3,1.87,6,82.6756097560976,32.3092675519458,4.61924120513374,2569458097202.24,38291.8657809431,1.58587880599642,1.85081508315494,64.437952596913,31.7136672102555,32.7242853866575,2.77657814362353,2.5,NA,108.357357,0.0416918985715751,1.84505339891481,23.2715949606187,NA,100,1
GAB,2018,Sub-Saharan Africa,Gabon,257670,1.26130321729344,2119275,2.60348679566927,10.63,89.37,31.611,3.969,6,66.187,5.99881181764896,2.17527220393767,14876945039.3652,7019.8275539348,-1.75350522651408,4.74906652083221,77.0365976973024,54.2990764910062,22.7375212062962,8.17599000229088,30.5900001525879,116959999.084473,138.2809687,23.1529082505263,1.54872276748932,10.5658037085265,1200,57.5,0
GBR,2018,Europe & Central Asia,United Kingdom,241930,24.9567536064151,66460344,0.605929132212552,16.602,83.398,11,1.68,5,81.2560975609756,28.776790862684,5.39870813789348,3139010897079.7,47231.3368868464,1.03685521942496,2.29283990345939,62.31422290492,30.5063972258759,31.8078256790441,-0.863744974538628,1.07000005245209,NA,117.499287,0.669601494989635,1.94875570783718,18.3520819727922,NA,97.5,1
GRD,2018,Latin America & Caribbean,Grenada,340,8.82352941176471,111449,0.517266573481224,63.728,36.272,16.465,2.063,5,72.384,14.4010098432863,2.69181419303897,1126643677.17002,10109.0514690129,3.76129237119484,0.804102313277037,NA,NA,NA,15.7738511239474,NA,31739999.7711182,106.5201787,0,NA,NA,NA,77.5,0
GEO,2018,Europe & Central Asia,Georgia,69490,4.47546409555332,3726549,-0.0390365463489613,41.368,58.632,13.472,2.06,6,73.6,22.7512423508152,2.53854169098541,16915132067.1573,4539.08752230476,4.88385492937473,2.61524471397664,111.755539312188,50.5585276931977,61.1970116189904,7.21880585628202,38.9000015258789,589859985.351563,136.380667,0.474382777896456,1.89711315739272,13.2075767835442,100,79.375,0
GHA,2018,Sub-Saharan Africa,Ghana,227540,20.6557088863497,29767108,2.19285287421765,43.94,56.06,29.407,3.87,6,63.78,5.1721500327873,0.541201382411755,58648966891.8988,1970.26082923134,3.89661430974051,7.80876516610709,67.9585183453884,33.4548958825786,34.5036224628098,4.44140705490139,31.0499992370605,1067540039.0625,137.5171658,10.1973786803673,0.419660326452183,7.10478048996711,17000,75,0
GIB,2018,Europe & Central Asia,Gibraltar,10,NA,33715,-0.023725496122441,0,100,NA,NA,5,NA,NA,NA,NA,NA,NA,NA,NA,NA,NA,NA,NA,NA,121.7302331,NA,NA,NA,NA,NA,NA
GRL,2018,Europe & Central Asia,Greenland,410450,NA,56023,-0.263828878276887,13.184,86.816,14.6,2,NA,71.8865853658537,NA,NA,2665817621.63892,47584.3425314409,2.11490153214922,NA,89.9661440700037,44.4710662013647,45.495077868639,NA,NA,NA,108.5390001,0,NA,43.3605916974842,NA,NA,NA
GMB,2018,Sub-Saharan Africa,"Gambia, The",10120,43.4782608695652,2280092,2.94601268814255,38.73,61.27,38.535,5.219,7,61.735,4.87376926060726,0.249989912687734,1579264906.00789,692.632098181955,4.12181776319187,6.52096823946571,63.1091120519767,21.7264294987761,41.3826825532006,4.89653694972418,27.7099990844727,234130004.882813,139.5290282,2.55468764231255,0.702928017615916,6.82478004672062,1300,69.375,0
GIN,2018,Sub-Saharan Africa,Guinea,245720,12.6159856747518,12414292,2.8331175118102,63.86,36.14,36.364,4.7,7,61.185,5.49758314896817,0.25132323293185,11433119038.1247,920.964243319291,3.38751521788826,9.82600180777342,88.984111543709,40.2070955328741,48.7770160108349,2.97511257024732,61.3199996948242,594440002.441406,96.76749212,15.7347533121624,1.63681420468527,15.4819047734539,3900,62.5,0
GNQ,2018,Sub-Saharan Africa,Equatorial Guinea,28050,4.27807486631016,1308966,3.65334093213133,27.857,72.143,33.241,4.513,7,58.402,4.06764017953094,5.09562509645018,10634279180.0445,8124.1828894291,-9.6002319632794,1.34988438751676,103.645681107196,59.6145344277884,44.0311466794075,3.02418425112698,39.1500015258789,6719999.79019165,45.16686721,30.0226351365411,1.07214133360045,23.4091243148112,2100,51.875,0
GRC,2018,Europe & Central Asia,Greece,128900,16.5756400310318,10732882,-0.202880238259165,20.942,79.058,8.1,1.35,6,81.7878048780488,33.6923925949753,6.08317505028006,200141371166.33,18647.4957207515,1.87490316346144,0.625621413453588,80.1500265574834,38.9929061011015,41.1571204563819,1.89835335150904,12.2700004577637,NA,115.6669118,0.126715463087638,2.71388945796109,19.7755483313339,100,97.5,0
GTM,2018,Latin America & Caribbean,Guatemala,107160,8.04404628592759,16346950,1.60038598150372,48.946,51.054,24.561,2.87,7,74.063,7.92077602816018,1.11396927255543,68004474883.7077,4160.07113765612,1.68170693128233,3.75186186704512,47.0884306147534,18.1989699881601,28.8894606265933,1.25995863140534,31.7399997711182,399399993.896484,118.6670871,1.20690831058814,0.390612897420441,11.0821079957052,980,70.625,0
GUM,2018,East Asia & Pacific,Guam,540,1.85185185185185,165770,0.902290919869412,5.22,94.78,16.579,2.313,6,79.859,14.9952244508118,NA,5819051137.39763,35103.1618350584,-1.61196506198668,NA,72.8877887788779,19.2244224422442,53.6633663366337,NA,0.239999994635582,NA,NA,0,NA,NA,NA,NA,NA
GNB,2018,Sub-Saharan Africa,Guinea-Bissau,28120,10.6685633001422,1874304,2.4935051959006,56.64,43.36,35.125,4.476,6,58.003,5.14927297227614,0.165394727856314,1194956294.73557,637.546681187029,-1.21055169342024,0.381324702791038,56.0181155026704,25.2760949743129,30.7420205283575,1.36670254905123,61.060001373291,153580001.831055,78.9888828,9.47857602557821,1.4111445505489,12.6235200292059,1700,42.5,0
GUY,2018,Latin America & Caribbean,Guyana,196850,2.13360426720853,779007,0.487575158848574,73.394,26.606,19.967,2.462,6,69.774,9.87256516152356,3.13219265038697,4813398364.26896,6178.88974588029,3.93302457193192,1.28284288443518,NA,NA,NA,24.6552899505381,15.8900003433228,104180000.305176,NA,6.55040402075593,1.593320008704,NA,200,86.875,0
HKG,2018,East Asia & Pacific,"Hong Kong SAR, China",1050,2.85714285714286,7451000,0.799050247136158,0,100,7.2,1.072,6,84.9341463414634,23.6929102165783,NA,337417488799.2,45284.8595892096,2.02792769150992,2.40613432046539,376.933984076153,188.360100581316,188.573883494837,26.8284572383635,0.170000001788139,NA,269.9337198,6.6013437252437e-4,NA,9.92621473737081,NA,89.375,0
HND,2018,Latin America & Caribbean,Honduras,111890,9.1160961658772,9587523,1.66708222728063,42.904,57.096,21.599,2.46,6,75.088,7.37883830805568,1.01903275747031,23565812342.1988,2457.96670758431,2.1281635729176,4.34734937777536,103.551162215452,41.4548165613247,62.0963456541272,6.03582052422655,30.6700000762939,664900024.414063,79.15031642,1.10446985006109,1.60769447208664,13.4622514861767,700,75,0
HRV,2018,Europe & Central Asia,Croatia,56590,14.207457147906,4087843,-0.893486927711056,43.053,56.947,9,1.47,7,78.0707317073171,31.4338959847151,4.05592876243046,55265833941.4365,13519.5588337019,3.82352734471229,1.50012501041753,99.8523620325136,49.5103557829871,50.3420062495264,2.11957998153972,6.23999977111816,NA,105.5834549,0.79233830655424,1.57456380583892,20.6020672883682,100,93.75,1
HTI,2018,Latin America & Caribbean,Haiti,27560,38.8243831640058,11123183,1.27405022512994,44.722,55.278,24.349,2.935,6,63.66,8.00765841034604,0.299374738328049,15739297369.472,1414.99940884475,0.38072842933046,12.4814111170435,47.2643458356698,10.8161897340876,36.4481561015822,0.638102587627495,29.2199993133545,997159973.144531,59.3614343,0.450263747512425,0.00150080164095032,8.23773996468872,2600,61.25,0
HUN,2018,Europe & Central Asia,Hungary,91260,47.3811089195705,9775564,-0.126786951652838,28.649,71.351,9.6,1.55,7,76.0658536585366,28.8388473244651,4.74550624393641,140567177109.717,14379.4442049294,5.4931633015081,2.85024792594642,163.238968653431,83.7442636315693,79.4947050218614,-40.0810562590773,4.84999990463257,NA,103.4451716,0.367596981075921,1.1166413873556,19.6879935479999,NA,96.875,1
IDN,2018,East Asia & Pacific,Indonesia,1877519,14.0078475903573,267670549,1.13450697951891,44.675,55.325,18.072,2.311,7,71.509,8.66551800798512,2.17846155349724,999178589070.128,3732.86711146592,3.98782486089075,3.19834641562404,43.0743089551995,21.0027464972455,22.071562457954,1.81428979693517,29.6299991607666,962630004.882813,119.3387219,4.46361302801468,0.725001628386087,9.02123180420785,24000,64.375,0
IRL,2018,Europe & Central Asia,Ireland,68890,6.54666860211932,4867316,1.23887545258946,36.83,63.17,12.5,1.75,5,82.2048780487805,21.421701783777,7.62432519277565,353404288247.427,72607.6318544814,7.68774579482279,0.488370168032449,217.42522408799,122.990378775336,94.4348453126538,17.4946584687148,4.76999998092651,NA,103.1710486,0.13679910380022,0.286862381839764,11.9042792409857,100,97.5,0
ISR,2018,Middle East & North Africa,Israel,21640,17.7218114602588,8882800,1.92662286520241,7.58199999999999,92.418,20.8,3.09,6,82.8024390243903,19.9291768039796,6.97640383662809,340224152566.357,38301.4536594719,1.99923149357343,0.817323896191417,59.16209174212,29.9980486599107,29.1640430822093,5.75806351489424,0.959999978542328,NA,127.6618693,0.186586814868376,5.33188467038149,22.7545281968285,NA,80.625,0
IMN,2018,Europe & Central Asia,Isle of Man,570,40.5263157894737,84073,0.552233889715099,47.412,52.588,NA,NA,NA,NA,NA,NA,8108785332.31474,96449.339649052,1.65050263205406,NA,NA,NA,NA,NA,NA,NA,NA,0,NA,NA,NA,NA,NA
IND,2018,South Asia,India,2973190,52.6088141020251,1352642283,1.03782784787162,65.97,34.03,17.857,2.222,6,69.416,9.25603886697997,1.79982544579379,2590898738237.41,1915.43527124637,5.43307745098798,3.94506866416981,43.5986571563322,19.941240676408,23.6574164799241,1.55926352274079,43.3300018310547,2462010009.76563,86.94256319,2.23321722000001,2.43392206663758,10.7885428293228,NA,71.875,0
IRQ,2018,Middle East & North Africa,Iraq,434128,11.5173405078686,38433604,2.31845313270607,29.527,70.473,29.075,3.672,6,70.454,5.7018507081499,4.89519536080978,191221824965.135,4975.38104844748,0.28170531508249,0.36744148893681,65.8017917701083,40.8026420265318,24.9991497435766,-2.14854834807913,18.8199996948242,2300540039.0625,95.04015497,45.0348600726527,2.85159946518623,15.8794898494183,NA,45,0
IRN,2018,Middle East & North Africa,"Iran, Islamic Rep.",1628760,9.01728922615978,81800204,1.38647833501238,25.102,74.898,18.783,2.137,6,76.479,8.91934646271858,7.69301259933288,425620324116.955,5203.16947029808,-7.31991052661751,18.0141183371874,65.0508409919591,33.2282760096373,31.8225649823217,0.806164818465891,17.6900005340576,166410003.662109,108.4623938,23.6464116126951,2.45625050479328,12.248729256761,3500,31.25,0
ISL,2018,Europe & Central Asia,Iceland,100830,1.20003967073292,352721,2.67814276922904,6.187,93.813,12,1.71,6,82.8609756097561,22.6317638334136,6.23722432177273,20351810853.2383,57699.458929971,2.12030149363669,2.68291768267388,89.9533244102811,46.6386619657391,43.314662444542,-2.370719437878,4.03000020980835,NA,122.1696222,1.9042506419563e-4,NA,24.1371009059231,100,100,1
ITA,2018,Europe & Central Asia,Italy,297730,22.5808618547006,60421760,-0.190063640113791,29.562,70.438,7.3,1.29,6,83.3463414634146,35.594434525286,5.37637433931087,1908933681964.96,31593.4802621599,1.11781661979235,1.13748763600395,60.3035512426617,31.3535542007886,28.9499970418731,2.11525548165585,3.75999999046326,NA,137.466947,0.103771521673344,1.35954275146944,18.8808660673035,NA,97.5,1
JAM,2018,Latin America & Caribbean,Jamaica,10830,11.0803324099723,2934853,0.47833817688853,44.326,55.674,16.103,1.979,6,74.368,13.041117286152,2.89963415544152,14802050818.6874,5043.54079018179,1.40370907994962,3.7366388215216,89.9779060412351,38.5638482851901,51.414057756045,4.92423084532786,16.2299995422363,100209999.084473,101.0265271,1.4618821167612,1.34909410742407,13.4379511959792,970,68.125,0
JOR,2018,Middle East & North Africa,Jordan,88780,2.26402342870016,9965322,1.81748233928602,9.021,90.979,21.979,2.761,6,74.405,6.21323245154703,2.47859527268662,40955006291.3653,4109.75242860846,0.0981917027262398,4.46231108475485,88.5315171676213,35.1547480791817,53.3767690884397,2.22427809381336,2.57999992370605,2526010009.76563,87.62148885,0.718264601171759,4.63577193790349,17.0581934137748,100,31.875,0
JPN,2018,East Asia & Pacific,Japan,364500,11.363511659808,126529100,-0.202670345017896,8.384,91.616,7.4,1.42,6,84.2109756097561,46.1708625837332,8.7422577098865,4578913522439.24,36188.6200284301,0.762860909889355,0.989094598021806,36.6389267257065,18.3294509642036,18.3094757615029,0.502082815354621,3.49000000953674,NA,141.4069924,0.0359547196131729,0.940993691708374,19.5805890653115,100,78.75,1
KEN,2018,Sub-Saharan Africa,Kenya,569140,10.1908142109147,51392570,2.30574364203494,72.97,27.03,28.748,3.492,6,66.342,4.04153607471211,0.358028407608337,80133540731.9138,1559.24369479701,3.22142919254497,4.68981976129857,34.4147531767425,12.541975333359,21.8727778433835,1.76341539957728,55.0800018310547,2490929931.64063,96.32021675,1.32667130462484,1.26640880282782,12.3486893953272,22000,80.625,0
KGZ,2018,Europe & Central Asia,Kyrgyz Republic,191800,6.71532846715329,6322800,1.99032207024617,63.649,36.351,27.1,3.3,7,71.4,7.11700397304888,1.73973556019485,7572253083.98869,1197.6107237282,1.7132091060235,1.54266145238431,98.8755599017608,31.6017300051143,67.2738298966465,1.74369127894699,20.4300003051758,415959991.455078,138.5660601,4.65279247542531,1.57112217458223,17.1697001118399,100,76.875,0
KHM,2018,East Asia & Pacific,Cambodia,176520,22.1561296170406,16249795,1.49034315597302,76.612,23.388,22.464,2.503,6,69.57,7.11300931626673,0.686777894736518,22194442188.284,1365.8290574302,5.87938583851239,2.45908515380133,124.898612832521,61.5957275117758,63.3028853207447,13.0744980659541,36.3800010681152,783299987.792969,119.4915172,0.872103586520541,2.22485237535631,4.9262731711361,1400,75,0
KIR,2018,East Asia & Pacific,Kiribati,810,2.46913580246914,115842,1.46875398423395,45.943,54.057,27.887,3.569,6,68.116,6.53274934729574,0.690595811536403,188363866.255797,1626.04121351321,2.26287969511236,0.564030491493466,96.7116535577931,9.46581999806438,87.2458335597287,-0.571733488712417,NA,75050003.0517578,46.04176198,0.041513572386133,NA,72.6144635524675,NA,76.25,0
COM,2018,Sub-Saharan Africa,Comoros,1861,35.4648038688877,832322,2.23941634435226,71.035,28.965,31.881,4.205,6,64.118,5.23371677955362,0.31237910327974,1073936725.31831,1290.28996628506,1.347332748425,NA,42.996153341343,12.909022989086,30.087130352257,0.477150042035581,34.9900016784668,90940002.4414063,59.94110452,1.46385141629581,NA,10.2296889355558,100,65,0
KNA,2018,Latin America & Caribbean,St. Kitts and Nevis,260,19.2307692307692,52438,0.769573260355873,69.224,30.776,NA,NA,5,NA,NA,4.95823639345513,1084750516.46091,20686.3441866758,1.91268111292277,-1.03712214131567,NA,NA,NA,3.71359105352706,NA,NA,136.5229496,0,NA,NA,NA,71.25,0
PRK,2018,East Asia & Pacific,"Korea, Dem. People's Rep.",120410,19.5166514409102,25549606,0.469955192788577,38.101,61.899,13.89,1.904,7,72.095,13.2473374603235,0.709208588187231,NA,NA,NA,NA,NA,NA,NA,NA,44.5400009155273,120510002.13623,NA,NA,NA,NA,NA,NA,NA
KOR,2018,East Asia & Pacific,"Korea, Rep.",97520,14.0894175553733,51585058,0.433519027613049,18.541,81.459,6.4,0.977,6,82.6268292682927,19.8580475670753,12.229704190698,1601903713673.82,31053.6379289101,2.46224621613314,1.47583935002643,78.9888655134363,41.7132908430894,37.2755746703469,0.706300893808141,5,NA,129.6727883,0.0219952915841536,2.50303525682717,16.0517273115489,NA,85,1
KWT,2018,Middle East & North Africa,Kuwait,17820,0.448933782267116,4137314,1.98243711082377,0,100,13.939,2.082,6,75.398,3.35983305430511,21.6227243085731,113763086691.711,27496.8461885443,-0.741247102578228,0.543133148199589,103.115458424135,57.4954949230184,45.6199635011166,-0.0154705438387974,1.86000001430511,NA,171.6053322,44.6634721999127,5.09995314880082,23.0543493490628,NA,29.375,0
CYM,2018,Latin America & Caribbean,Cayman Islands,240,0.833333333333333,64172,1.23870690281221,0,100,9.9,NA,5,NA,NA,NA,5226032281.29125,81437.8900656244,2.91163927489984,NA,117.28151729728,71.6883355965865,45.5931817006935,3.14423902409054,NA,NA,NA,0,NA,2.11429633947072,NA,NA,NA
KAZ,2018,Europe & Central Asia,Kazakhstan,2699700,11.0191502759566,18276452,1.31452298457883,42.572,57.428,21.77,2.84,7,73.15,11.5231817791784,12.0619691393056,202016241185.495,11053.3620631343,2.74053637969105,6.01913096570673,63.5279565118188,37.6252184252873,25.9027380865315,0.0465089087481511,15.7700004577637,79930000.3051758,142.2824428,21.7844822030408,0.876907255486956,8.32120070703086,500,69.375,1
LAO,2018,East Asia & Pacific,Lao PDR,230800,6.7157712305026,7061498,1.54795306869369,64.996,35.004,23.549,2.667,6,67.61,6.43571619307216,2.66090849278722,17534840493.2613,2483.1615746774,4.61595537084567,2.04039266890198,NA,NA,NA,7.48564437536693,62.3699989318848,588669982.910156,51.86337704,3.96148362884468,NA,NA,500,88.125,0
LBN,2018,Middle East & North Africa,Lebanon,10230,12.9032258064516,6859408,0.585360849269362,11.407,88.593,17.545,2.087,6,78.875,10.4666418976415,4.03970721671608,50383271292.7582,7345.13405424466,-2.27589099867723,6.07698907889605,67.7946802197507,20.6138557995166,47.1808244202341,4.80859010885868,11.6899995803833,1422180053.71094,64.49805872,9.3528234882241e-4,4.95276149396637,15.22543408348,100,52.5,0
LCA,2018,Latin America & Caribbean,St. Lucia,610,4.91803278688525,181890,0.515372718122712,81.322,18.678,12,1.436,5,76.057,13.6838229089152,2.14415305954148,1996393087.00344,10975.8265270407,2.39733075575063,1.93561893150608,NA,NA,NA,2.20432908627751,11.3500003814697,8560000.4196167,101.6795958,0.011838856904982,NA,NA,NA,83.75,0
LIE,2018,Europe & Central Asia,Liechtenstein,160,13.5,37918,0.298456436961338,85.662,14.338,9.9,1.58,7,83.0414634146342,NA,3.69217785748193,NA,NA,NA,NA,NA,NA,NA,-1275.1899856739,NA,NA,124.695331,0.00311286633473741,NA,NA,NA,NA,NA
LKA,2018,South Asia,Sri Lanka,61864,22.1712142764774,21670000,1.04839295829763,81.524,18.476,15.831,2.199,5,76.812,16.0313126480588,0.998154130133826,90088341599.9213,4157.28387632309,2.1949597721197,2.13503773713198,53.507489150221,23.0385226437983,30.4689665064227,1.83491153361291,25.5,-247369995.117188,142.6507235,0.0689197716885732,1.84297753096693,9.17125068776678,200,65.625,0
LBR,2018,Sub-Saharan Africa,Liberia,96320,5.19102990033223,4818976,2.45258690738409,48.849,51.151,33.042,4.315,6,63.73,5.8492212516756,0.273917114341304,3292571599.13518,683.251296361547,-1.29322546515751,23.5635148953742,NA,NA,NA,3.77268493884788,42.7799987792969,573229980.46875,NA,14.0468893199329,1.19065989677454,NA,1700,81.25,0
LSO,2018,Sub-Saharan Africa,Lesotho,30360,14.1403162055336,2108327,0.799793018141496,71.847,28.153,26.808,3.141,6,53.705,7.85650852931963,1.21897599376188,2338674200.23699,1109.25591724481,-2.00999694354861,4.75180301624742,145.53884510921,49.6268803572593,95.9119647519503,1.62576308196126,44.9099998474121,153690002.441406,75.0424507,3.27550088735117,1.7886028744585,38.7275991800726,5100,78.125,0
LTU,2018,Europe & Central Asia,Lithuania,62630,33.7697589014849,2801543,-0.954190459209969,32.321,67.679,10,1.63,7,75.6804878048781,30.1242359735911,4.13700592851868,46067411257.316,16443.5852875776,4.99035385554106,2.69792779208397,148.592096509788,75.2061038251665,73.3859926846218,2.4182692335002,7.17999982833862,NA,134.3918317,0.365901187940358,1.96741914187761,16.3709727580278,NA,93.75,1
LUX,2018,Europe & Central Asia,Luxembourg,2430,25.561316872428,607950,1.92883751398765,9.01900000000001,90.981,10.3,1.38,6,82.2951219512195,20.2794998918126,15.3302080763221,65173358594.4511,107201.839944816,0.0557319419873323,1.52819524307373,360.132136323845,196.419701758415,163.71243456543,-23.5064490150199,1.04999995231628,NA,132.1649331,0.0129512376465991,0.586416143798194,16.7425126908052,NA,100,1
LVA,2018,Europe & Central Asia,Latvia,62090,20.8568207440812,1927174,-0.779138396192231,31.858,68.142,10,1.6,7,74.7829268292683,31.3374145730437,3.95916507798465,29983505203.5851,15558.2761097779,4.80286694592556,2.53445424186602,123.655350997319,61.4779651580068,62.1773858393124,1.24257767251278,6.96999979019165,NA,107.3489247,0.980535705825529,2.0622774151559,18.1873662341568,NA,100,1
LBY,2018,Middle East & North Africa,Libya,1759540,0.977528217602328,6678565,1.47585263915873,19.898,80.102,18.829,2.24,6,72.724,6.52715078881004,8.82524913660345,39472915524.8697,5910.38876238678,13.4460867409219,NA,92.7726154291814,56.9490768206505,35.8235386085309,0,16.9599990844727,303440002.441406,NA,43.3579429787043,NA,NA,100,50,0
MAR,2018,Middle East & North Africa,Morocco,446300,16.7546493390096,36029089,1.25076295051273,37.547,62.453,18.937,2.415,6,76.453,10.6610359949827,1.85072678357202,109958978323.143,3004.63222965656,1.84461699689066,1.8039167114189,87.9757826828681,38.7774783641854,49.1983043186827,3.00127049551751,34.1500015258789,818200012.207031,124.1715549,1.36815078736442,3.11858755477666,19.0135349578651,530,75.625,0
MCO,2018,Europe & Central Asia,Monaco,2.027,NA,38682,0.752527100059372,0,100,5.9,NA,6,NA,NA,NA,6623286014.83072,171223.980529205,5.16191339520333,NA,NA,NA,NA,NA,NA,NA,84.50700584,0,NA,NA,NA,NA,NA
MDA,2018,Europe & Central Asia,Moldova,32885.3,51.1383505700115,2708214,-1.71854141941543,57.371,42.629,10.1,1.262,7,71.808,15.7829832185762,3.17183206349277,8830205885.88111,3260.52737556231,6.10943256779568,3.04505397337068,85.8662253827237,30.1387050579514,55.7275203247723,2.56102780586585,24.4599990844727,230509994.506836,89.75768174,0.252731905489842,0.326375109622501,15.1910907563676,500,87.5,1
MNE,2018,Europe & Central Asia,Montenegro,13450,0.684014869888476,622227,-0.0234613531527775,33.187,66.813,11.7,1.76,6,76.8414634146342,22.4123499076355,4.0499689020245,4591102091.32374,7378.50027614317,5.10254439807166,2.61122378263797,109.609296759902,42.8750002680603,66.7342964918413,8.82337249641355,8.02000045776367,156210006.713867,180.6938097,1.24524001257754,1.43362922962842,18.5044594510554,100,78.75,1
MAF,2018,Latin America & Caribbean,St. Martin (French part),50,NA,37264,1.88268261727287,NA,NA,14.7,1.81,NA,79.8219512195122,NA,NA,NA,NA,NA,NA,NA,NA,NA,NA,NA,NA,NA,NA,NA,NA,NA,NA,NA
MDG,2018,Sub-Saharan Africa,Madagascar,581800,5.15641113784806,26262313,2.66951722668417,62.809,37.191,32.657,4.077,6,66.681,5.30075448377044,0.128320761389143,12629254614.1071,480.888892539933,0.476010182448789,8.59422958870474,67.8415046681922,31.5360236543858,36.3054810138063,4.44792804733339,64.6800003051758,695840026.855469,40.57034123,4.77136418369221,0.605686110902832,13.603305250949,1600,69.375,0
MHL,2018,East Asia & Pacific,Marshall Islands,180,11.1111111111111,58412,0.616496178310496,22.969,77.031,NA,NA,6,NA,NA,3.25275628295556,199155300,3409.49291241526,2.93818083190456,NA,124.783506755077,38.8988798626646,85.884626892412,4.40096564516322,NA,54389999.3896484,NA,0,NA,56.1036676476123,NA,56.25,0
MKD,2018,Europe & Central Asia,North Macedonia,25220,16.5741475019826,2076217,0.0826362901268217,42.037,57.963,10.3,1.42,6,76.6487804878049,19.5812112874672,3.54972529364705,10764550800.8128,5184.69447115249,2.79561511891441,1.45831298507127,133.215207648008,60.3751373173263,72.8400703306813,5.11494789384992,15.7200002670288,170179992.675781,94.53430868,0.998362055636303,0.943108732670231,14.2837255892918,NA,85,0
MLI,2018,Sub-Saharan Africa,Mali,1220190,5.25409977134708,19077755,3.00806522834665,57.644,42.356,41.543,5.877,7,58.893,5.01954938094502,0.294583927721055,15301000869.7067,802.033618195994,1.64255983514556,0.299546507387888,60.1447828038175,24.5223744016967,35.6224084021207,2.73604859837949,63,1499569946.28906,115.0846727,7.49954445721815,2.80694470654841,15.877219836205,5200,60.625,0
MMR,2018,East Asia & Pacific,Myanmar,652790,16.9737587891971,53708318,0.608451681137062,69.421,30.579,17.552,2.154,5,66.867,8.52634820788101,0.605492802809427,78394970758.0075,1459.64300647076,5.759520090802,6.87232865662918,62.4489070251423,28.3597133642041,34.0891936609382,2.63340938815779,48.1699981689453,1712050048.82813,113.8444919,6.43939468579379,2.30745700609346,18.398604533914,NA,58.75,0
MNG,2018,East Asia & Pacific,Mongolia,1557255,0.852397327348443,3170214,1.7959102043121,31.555,68.445,24.131,2.895,6,69.689,6.23375735358204,6.72509805331754,13422599495.6528,4233.9726894313,5.82715120700583,6.81243594195042,126.355873240656,58.1647822763909,68.1910909642654,14.8088800078253,26.6599998474121,333519989.013672,133.1783386,20.9546545247867,0.730921185734901,12.6929848142403,100,85,1
MAC,2018,East Asia & Pacific,"Macao SAR, China",32.9,NA,631633,1.4439607580844,0,100,11.058,1.217,6,84.118,13.8202050220382,NA,52389965631.9723,82943.6803206488,4.93835210738143,3.00446293166949,115.630664847193,82.5299193561036,33.1007454910897,2.77491858098367,0.400000005960464,NA,345.3245224,3.7584622187481e-4,NA,9.42182426845746,NA,NA,NA
MNP,2018,East Asia & Pacific,Northern Mariana Islands,460,2.17391304347826,56889,0.592374927349641,8.38200000000001,91.618,NA,NA,NA,NA,NA,NA,1168109090.90909,20533.1275098717,-19.8213790200896,NA,108.909370199693,50.7680491551459,58.1413210445469,NA,NA,NA,NA,0,NA,NA,NA,NA,NA
MRT,2018,Sub-Saharan Africa,Mauritania,1030700,0.388085766954497,4403312,2.78008863129266,46.328,53.672,33.694,4.561,6,64.704,5.53249565701911,0.908407126272224,6936590983.80618,1575.3121704313,1.66083209679408,3.04891482875157,82.2013034941211,34.2762366853613,47.9250668087598,10.5091825332997,31.5200004577637,448380004.882813,103.7060504,4.37772282963607,2.11248208745744,12.3582174058795,500,48.125,0
MLT,2018,Middle East & North Africa,Malta,320,28.34375,484630,3.49195540302534,5.38800000000001,94.612,9.2,1.23,5,82.4487804878049,31.1276714611721,3.19831624125622,13129078609.2481,27090.9324830243,1.56979969325337,1.15782362451512,268.904310398389,142.476446176766,126.427864221622,30.0365383032122,1,NA,140.2039395,0,0.452927414359119,15.9758123341375,NA,88.75,0
MUS,2018,Sub-Saharan Africa,Mauritius,2030,36.9458128078818,1265303,0.0545472669534157,59.207,40.793,10.2,1.41,5,74.4163414634146,16.2219992491419,3.26404031287368,13077980211.1764,10335.8485763302,3.70309459271954,3.2160538314458,94.9841664311718,40.963437338963,54.0207290922087,3.24716512065223,6.19999980926514,69180000.3051758,151.3591149,0.0023805384255634,0.162491818266823,15.3095234137341,790,89.375,0
MDV,2018,South Asia,Maldives,300,13,515704,3.81549331609073,60.192,39.808,14.199,1.87,6,78.627,4.86322962449898,3.70367497634302,5065522982.52095,9822.5396400279,4.07540942819782,-0.133373386117525,153.832554237169,70.1131851868006,83.7193690503689,10.8594997763163,8.60999965667725,131429992.675781,166.3642921,0.00258454458808727,NA,14.7820982855427,NA,73.75,0
MWI,2018,Sub-Saharan Africa,Malawi,94280,38.1841323716589,18143215,2.64174528787889,83.063,16.937,34.118,4.209,6,63.798,4.94915323446308,0.0865337262442186,7091106971.76413,390.8407066644,1.67003366205537,12.420178108921,NA,NA,NA,0.779423469311901,76.6399993896484,1279310058.59375,39.00579484,7.1192576666006,0.847025846481545,NA,15000,77.5,0
MEX,2018,Latin America & Caribbean,Mexico,1943950,12.2971269837187,126190782,1.12641479134149,19.844,80.156,17.602,2.129,6,74.992,10.9087035469333,3.74147772536983,1255065357728.63,9945.77684548009,1.05031421707116,4.89935015356549,80.5593842287784,39.2575517289021,41.3018324998763,3.08418083004171,12.8100004196167,549299987.792969,95.22511421,2.96360944763592,0.47751740669545,11.5703277782178,5000,88.75,0
MYS,2018,East Asia & Pacific,Malaysia,328550,2.51407700502207,31528033,1.35196001397349,23.964,76.036,16.752,2.001,6,75.997,9.62275480658998,7.6002204133699,349191140699.014,11075.5764782095,3.43515895806416,0.884709160571244,130.402647607338,68.5550091175333,61.8476384898049,2.31456942039031,10.6300001144409,-34549999.2370605,134.5259947,8.16103181991117,0.960665250318955,11.9694562634691,1900,50,0
MOZ,2018,Sub-Saharan Africa,Mozambique,786380,7.18482158752766,29496009,2.91361831836918,64.012,35.988,37.52,4.852,6,60.163,5.51268144309595,0.225115201178573,17772233412.3772,602.530105424678,0.473340200048128,3.91133439990733,127.204156877743,44.8700028830136,82.334153994729,11.3032189160978,70.5899963378906,1823510009.76563,47.71577872,15.6063346239089,1.33533654635569,21.8375105412456,41000,82.5,0
NAM,2018,Sub-Saharan Africa,Namibia,823290,0.971711061715799,2448300,1.88328489392289,49.968,50.032,28.639,3.396,7,63.373,6.11573881650585,1.73589837846669,11341482622.8834,4632.39089281682,-0.825493378477319,4.29159105337873,81.7138667856396,35.8825652135406,45.831301572099,1.71299267803583,22.5900001525879,159449996.948242,112.7023597,1.93995779764123,3.14065956263564,25.3675244742329,3300,86.25,0
NCL,2018,East Asia & Pacific,New Caledonia,18280,0.326586433260394,270650,0.240451424461215,29.317,70.683,14.2,1.97,6,77.4341463414634,13.4746461752192,NA,NA,NA,NA,NA,NA,NA,NA,2.53700904236694,1.92999994754791,NA,NA,NA,NA,NA,NA,NA,NA
NER,2018,Sub-Saharan Africa,Niger,1266700,13.9733164916713,22442831,3.81673672075794,83.575,16.425,46.079,6.913,7,62.024,5.47231206084262,0.102037038018956,11527239152.5743,513.626785879833,3.19595439522324,2.96760366004454,38.134113223509,11.8352698611252,26.2988433623838,3.63849343946544,72.8600006103516,1199520019.53125,NA,6.67374351778569,2.47194055775459,15.2088304647425,1200,56.875,0
NGA,2018,Sub-Saharan Africa,Nigeria,910770,37.3310495514784,195874685,2.586551303075,49.656,50.344,37.905,5.387,6,54.332,5.14625155109573,0.667110198543523,492074893435.56,2512.1923919651,-0.679724707768486,12.0947315505318,33.0078334908649,15.4968891804996,17.5109443103654,0.195182772580418,35.5299987792969,3304949951.17188,88.18424125,11.4589518720651,0.506944514455417,5.60432946025276,49000,63.125,0
NIC,2018,Latin America & Caribbean,Nicaragua,120340,12.4979225527672,6465502,1.25537577858764,41.478,58.522,20.641,2.404,6,74.275,8.12924774801218,0.805815232908442,13487252998.9628,2086.0333813156,-4.56925348119202,4.94723728039882,93.9842525815839,42.2769034619016,51.7073491196823,6.43059172530585,30.3299999237061,353760009.765625,115.0959067,1.32116756685718,0.622743176013952,14.8026219743642,500,86.25,0
NLD,2018,Europe & Central Asia,Netherlands,33670,30.3237303237303,17231624,0.583933408920832,8.51000000000001,91.49,9.8,1.59,6,81.8121951219512,29.6715380749259,8.7728237338512,824133764145.055,47826.8191172843,1.76493726416223,1.70349794744475,158.823210208957,84.6834636757465,74.1397465332105,-37.7123994590413,2.09999990463257,NA,123.7312099,0.372942247103952,1.2166741818661,24.3687555475738,100,97.5,0
NOR,2018,Europe & Central Asia,Norway,365107.85,2.19992530974067,5311916,0.660090844249,17.752,82.248,10.4,1.56,6,82.7585365853659,26.0684467996609,7.0313611886935,403459047225.38,75953.5819514803,0.453550486030423,2.76483134528794,70.2096288584372,37.9716930695855,32.2379357888517,-1.29618383212857,2.10999989509583,NA,107.1737116,8.10435508410414,1.72624440755227,23.245195419117,100,96.875,1
NPL,2018,South Asia,Nepal,143350,14.7450296477154,28095712,1.66177642022913,80.26,19.74,19.887,1.917,5,70.478,8.96937793741373,0.428179218238,28695046273.5598,1021.33187703376,5.84871082835983,4.0611633875107,48.4473869456381,7.81564102171194,40.631745923926204,0.206157202265139,65.0800018310547,1452260009.76563,139.4463618,0.478761672939822,1.53923402794861,8.06153627735693,780,71.875,0
NRU,2018,East Asia & Pacific,Nauru,20,NA,10678,0.950371773207882,0,100,NA,NA,6,NA,NA,6.55553474433414,89620006.418409,8392.95808376184,5.09401596169923,NA,105.625,26.25,79.375,NA,NA,37529998.7792969,NA,0,NA,NA,NA,NA,NA
NZL,2018,East Asia & Pacific,New Zealand,263310,1.86472219057385,4900600,1.79124016759035,13.462,86.538,11.84,1.71,5,81.8585365853659,24.1945104105127,6.5726645716851,197515553618.438,40304.3614288941,1.37354364665912,1.59829703801698,55.4934288816221,27.5925026326857,27.9009262489363,1.18576050569788,5.90999984741211,NA,133.2242352,1.7008292427625,1.23108197029517,18.1105956227321,100,94.375,1
OMN,2018,Middle East & North Africa,Oman,309500,0.247689822294023,4829476,3.44516591013401,15.461,84.539,19.189,2.888,6,77.633,3.17511039209216,15.1921243629744,84001727416.2074,17393.5489929358,-2.14297956471468,0.881302104009536,89.2792178262847,50.6213051386994,38.6579126875853,6.49272396543883,4.1399998664856,NA,139.9674164,28.9923109240442,9.5429582801597,21.5586630286494,NA,35.625,0
PAN,2018,Latin America & Caribbean,Panama,74177,7.61691629480836,4176868,1.69263129326398,32.291,67.709,18.976,2.461,6,78.329,12.5009462748529,2.42765632047745,62154564175.7151,14880.6627778793,1.94510324446577,0.761578359399943,89.990506051278,42.79096398337,47.199542067908,8.11228963185989,14.210000038147,39099998.4741211,137.0014238,0.105277665006213,0,11.5448188568551,500,79.375,0
PER,2018,Latin America & Caribbean,Peru,1280000,2.679453125,31989265,1.7182682912873,22.093,77.907,17.949,2.254,6,76.516,12.2327114094271,1.69681922982601,210307558791.895,6574.31669004882,2.19794844938977,1.50915423024742,48.6363897341678,25.1947331151557,23.4416566190121,2.78286221010075,27.7900009155273,450760009.765625,131.7778873,5.93932307014774,1.17498635616252,13.0787654098213,1300,95,0
PYF,2018,East Asia & Pacific,French Polynesia,3520,0.710227272727273,277673,0.565206883686247,38.166,61.834,14.684,1.941,6,77.462,12.0246122988368,NA,NA,NA,2.6857110948952,NA,NA,NA,NA,NA,7.03999996185303,NA,109.0010408,NA,NA,NA,NA,NA,NA
PNG,2018,East Asia & Pacific,Papua New Guinea,452860,0.662456388287771,8606324,1.97474647313459,86.831,13.169,27.073,3.564,7,64.263,5.67227011323842,0.866804456815709,23659798307.4477,2749.11777751427,-2.22916792257401,4.37448921453166,NA,NA,NA,4.70620740433816,57.3199996948242,790330017.089844,49.96326538,13.8535443267558,0.376216770473365,NA,500,60,0
PHL,2018,East Asia & Pacific,Philippines,298170,18.7476942683704,106651394,1.39596533979435,53.093,46.907,20.546,2.576,6,71.095,8.014734531231,1.3336909595387,373379468918.565,3500.93378918765,4.86730872952965,5.21160460595185,72.163398299407,30.2136053733484,41.9497929260586,2.86833662668495,24.2900009155273,547340026.855469,126.2046486,0.919484637749902,0.819584673820235,12.042783651653,610,78.75,0
PAK,2018,South Asia,Pakistan,770880,39.5742528019925,212228288,2.05754609472119,63.334,36.666,28.25,3.51,5,67.114,7.13829705702113,0.981820104961691,318956056854.94,1502.89134337709,3.68103446177759,5.07805725868917,29.043321842986,8.97196644517372,20.0713553978123,0.552186659626438,37.4199981689453,1386930053.71094,72.55706103,1.24140516447116,4.12913136448543,11.71362267408,6900,52.5,0
POL,2018,Europe & Central Asia,Poland,306170,35.9571479896789,37974750,-2.0013278283841e-4,39.942,60.058,10.2,1.46,7,77.6024390243903,25.979298562723,8.23547225459022,544288897731.795,14332.9158910011,5.35391420222633,1.81295156542681,107.420264852903,55.2414620408144,52.1788028120883,3.0002804923747,9.61999988555908,NA,127.3299496,0.80187588935792,2.04957212987643,17.7346804584373,NA,93.75,1
PRI,2018,Latin America & Caribbean,Puerto Rico,8870,5.65952649379932,3193354,-4.0483910336329,6.422,93.578,6.7,1.035,6,79.7781951219512,28.9581637826047,NA,95013024204.3275,29753.3640818799,-0.18737030505585,NA,106.055288580629,60.0186276938321,46.0366608867971,NA,1.10000002384186,NA,109.563442,0,NA,7.97879613574437,NA,81.25,0
PSE,2018,Middle East & North Africa,West Bank and Gaza,6020,NA,4569087,2.5330114844554,23.836,76.164,29.282,3.643,6,73.895,5.40975708371987,NA,15616200000,3417.79440837962,-1.30481419195327,-0.195107773730686,71.4012754506469,15.961564454493,55.439710996154,1.29446294401352,6.32000017166138,2296110107.42188,89.97575355,0,NA,21.9910792180185,NA,38.125,0
PRT,2018,Europe & Central Asia,Portugal,91605.6,10.0341027186111,10283822,-0.160104021146769,34.789,65.211,8.5,1.42,6,81.3243902439024,33.9904961338509,4.84061276050869,216552789892.193,21057.6174784232,3.01412372965098,0.99371568346825,86.4287609308408,43.4457190264876,42.9830419043532,3.23799499125134,6.03999996185303,NA,115.6330424,0.172468968744031,1.79596979596337,16.9771278210589,500,97.5,1
PLW,2018,East Asia & Pacific,Palau,460,0.652173913043478,17911,0.571110174925296,20.07,79.93,14,NA,6,NA,NA,16.191167439004,270731351.711026,15115.3677466935,-0.676091287518872,2.10970464135021,NA,NA,NA,7.55180892167193,NA,84540000.9155273,NA,0,NA,NA,NA,56.25,0
PRY,2018,Latin America & Caribbean,Paraguay,397300,11.9154291467405,6956069,1.2878740141998,38.415,61.585,20.571,2.429,6,74.131,10.0269520993293,1.21045377784493,40841037917.5024,5871.28131096779,1.88363182374449,3.97561015740691,72.5285860685284,36.9452303590837,35.5833557094447,0.818799598783171,20.0799999237061,164509994.506836,106.9525792,1.4272808832119,0.957366156716319,11.5202342968007,500,94.375,0
QAT,2018,Middle East & North Africa,Qatar,11490,1.21845082680592,2781682,2.0687541103032,0.864999999999995,99.135,9.541,1.866,6,80.1,1.61015839216531,32.4156391708326,166227185730.265,59757.7960853415,-0.837914028240689,0.255815382724374,91.838448978201,55.9418631716143,35.8965858065867,-1.19249695201383,1.21000003814697,NA,141.8558268,22.1953820901062,NA,16.2809888444084,100,29.375,0
ROU,2018,Europe & Central Asia,Romania,230080,37.7520862308762,19473970,-0.587493307403584,46.002,53.998,10.4,1.76,6,75.3585365853659,27.7326534292132,3.84513275926788,208644413683.726,10714.0153591551,5.09011110670698,4.62548443137781,87.1366571453939,41.8616969020051,45.2749602433887,3.0413480951196,22.3099994659424,NA,116.0354133,1.04894568913535,1.80524172597542,16.8271938898541,500,90.625,1
SRB,2018,Europe & Central Asia,Serbia,87460,29.5335010290418,6982604,-0.546351968633598,43.908,56.092,9.2,1.49,7,75.890243902439,27.8116005021231,6.52192219406972,43721764447.4752,6261.52713908381,5.0675948814029,1.95984076293803,109.494865710998,50.4345612977047,59.0603044132937,8.04076379354097,15.9300003051758,1070020019.53125,121.0748239,1.3928362012076,1.61493759611063,16.5396316552388,100,93.75,1
RUS,2018,Europe & Central Asia,Russian Federation,16376870,7.42809828740168,144477859,-0.0130668924933287,25.567,74.433,10.9,1.579,7,72.6621951219512,21.768942784368,11.1266183699469,1430115105089.32,9739.8999158678,2.81552569192898,2.87829723647886,51.5809246610087,30.7932713033152,20.7876533576935,0.530060761129424,5.88000011444092,NA,157.431312,15.2888621987539,3.69251875943369,17.7103866606187,NA,73.125,1
RWA,2018,Sub-Saharan Africa,Rwanda,24670,46.6842318605594,12301969,2.64406078348327,82.789,17.211,31.696,4.044,7,68.7,5.14694427950384,0.0877908243794144,10215916012.4694,830.429341227361,5.74614049530018,-0.311210160390642,55.7645252608571,21.1005975147837,34.6639277460734,3.79856510711318,63.3499984741211,1119660034.17969,78.85411036,4.50867056501961,1.25174035173425,14.7328359945623,2900,78.125,0
SAU,2018,Middle East & North Africa,Saudi Arabia,2149690,1.59883518088655,33702757,1.8010622175453,16.156,83.844,17.798,2.319,6,74.998,4.62583215686378,15.2687805332958,676339470191.761,20067.778733703,0.605723335699551,2.45814158007533,66.6867663118935,40.0391406245797,26.6476256873138,0.539985957167189,2.51999998092651,NA,122.5733112,29.6625096675509,9.46920102452611,24.6181129339209,100,38.125,0
SLB,2018,East Asia & Pacific,Solomon Islands,27990,0.714540907466953,652856,2.61108522453765,76.251,23.749,32.439,4.403,6,72.835,6.40846607025965,0.566740598232995,1515367565.95713,2321.13600236059,1.26530359076786,3.46147484973745,91.2394186232231,43.4595112601821,47.779907363041,1.58723196301377,37.9099998474121,195559997.558594,73.83377983,23.440538443042,NA,NA,NA,56.875,0
SYC,2018,Sub-Saharan Africa,Seychelles,460,0.326086956521739,96762,0.954291917891324,43.309,56.691,17.1,2.41,6,72.8414634146341,11.043986595134,6.40747400839172,1535313668.74881,15866.9071407041,0.804608597076964,3.70291839111564,186.869306617992,86.1856405040245,100.683666113968,19.8789488089943,NA,NA,184.2980143,0.124116569609426,1.38004626804357,23.4360661752753,NA,76.25,0
SDN,2018,Sub-Saharan Africa,Sudan,1849233.715,10.7196617924522,41801532,2.39225797194196,65.358,34.642,32.177,4.407,6,65.095,6.40521844440025,0.483235877575013,52455031754.9093,1254.85907442123,-4.98142712901878,63.2925073455883,1.29505355246102,0.611168056311933,0.683885496149084,3.66804785378847,38.9500007629395,967489990.234375,72.00791416,6.05870344304143,1.78345741926471,23.0275660794121,2400,29.375,0
SWE,2018,Europe & Central Asia,Sweden,407310,6.26058775870958,10175214,1.16164515996039,12.569,87.431,11.4,1.76,7,82.5585365853659,32.2443213849414,3.53800912688421,539113433181.757,52983.0068617482,0.772577449000039,1.95353530127029,89.1311983954621,45.6830615126713,43.4481368827908,-0.171454533603003,1.73000001907349,NA,126.6219452,0.420386869014139,1.03224609210767,26.0593881166604,NA,100,1
SGP,2018,East Asia & Pacific,Singapore,709,0.78984485190409,5638676,0.469704298714121,0,100,8.8,1.14,6,83.2975609756098,15.0322991301549,8.39913483236136,344278295024.731,61056.5840322677,3.01247744349737,0.438620118446782,325.34228814694,177.06134536353,148.280942783411,22.1050195130437,0.0599999986588955,NA,148.821563,1.885695767561e-4,2.83550081526403,10.0000611290456,100,82.5,1
SVN,2018,Europe & Central Asia,Slovenia,20136.4,9.02743290757037,2073894,0.362584395134764,45.459,54.541,9.4,1.6,6,81.3780487804878,29.9930959806215,6.77469533158397,48687502648.7562,23476.3698861929,4.04458737932572,1.73860861988181,161.185074675484,84.8152032316064,76.3698714438778,2.83979988625356,5.48000001907349,NA,118.6742271,0.264229722689482,0.978150097256643,18.2725263854206,NA,93.75,1
SVK,2018,Europe & Central Asia,Slovak Republic,48080,28.0366056572379,5446771,0.138508159611326,46.274,53.726,10.6,1.54,6,77.2658536585366,22.6758486438799,6.05863547411852,96572067461.2605,17730.150113023,3.6507463416053,2.51403712883808,190.698594899212,96.2887867213636,94.4098081778484,2.13122935057041,2.28999996185303,NA,132.801823,0.277579363097378,1.22674017395086,18.627676570283,NA,94.375,1
SLE,2018,Sub-Saharan Africa,Sierra Leone,72180,21.9451371571072,7650149,2.13663626508494,57.945,42.055,33.406,4.263,6,54.309,5.29990222039341,0.133330736434022,4823284725.67196,630.482455396876,1.27738952655478,16.0327898535814,56.6958306351663,17.4672993262746,39.2285313088917,6.13069806263831,55.3600006103516,507980010.986328,83.07224041,8.20565176107881,0.751992568713766,9.2405640383603,3600,63.125,0
SMR,2018,Europe & Central Asia,San Marino,60,33.0833333333333,33784,0.335038486999643,2.774,97.226,6.8,NA,6,NA,NA,NA,1478921148.04195,43775.7858170124,1.20511638524026,NA,309.487956436918,166.597497668983,142.890458767935,NA,NA,NA,113.9558976,0,NA,19.4112752308576,NA,80,0
SEN,2018,Sub-Saharan Africa,Senegal,192530,16.6207863709552,15854324,2.78187970760459,52.808,47.192,34.523,4.625,6,67.665,5.7314380435055,0.621912356528099,21565674237.7591,1360.23927843023,3.29534615117551,0.46098564246427,61.7898394793183,22.9490914783308,38.8407480009875,3.66765836743912,30.8299999237061,998940002.441406,104.450641,2.76583091234786,1.65824007839249,13.7846307930863,1600,63.75,0
SOM,2018,Sub-Saharan Africa,Somalia,627340,1.75343513884018,15008225,2.83192542389384,55.029,44.971,41.753,6.072,6,57.068,5.68408576460327,0.0459747904898814,6384748042.2603,425.416599382026,4.6722676697127,NA,106.688502734909,19.1259907978794,87.5625119370295,6.97355159717939,80.4899978637695,1575180053.71094,50.99230249,NA,NA,8.37509874080506,540,46.875,0
SUR,2018,Latin America & Caribbean,Suriname,156000,0.397435897435897,575987,0.957016884778029,33.94,66.06,18.542,2.418,6,71.57,10.4764162123726,3.61119261372218,5195656627.74022,9020.44078727509,3.94868880728451,NA,NA,NA,NA,3.27709314838352,8.02000045776367,14180000.3051758,130.604698,22.638456885082,NA,NA,200,63.125,0
SSD,2018,Sub-Saharan Africa,South Sudan,631928.123,NA,10975924,0.595340534474696,80.385,19.615,35.01,4.696,6,57.604,6.20371928783501,0.125729733551362,NA,NA,NA,83.5015294921999,NA,NA,NA,NA,60.8400001525879,1577500000,17.45870759,NA,3.64989257499063,NA,9200,67.5,0
STP,2018,Sub-Saharan Africa,Sao Tome and Principe,960,4.16666666666667,211032,1.88756148214117,27.197,72.803,31.538,4.321,6,70.17,5.36277328515466,0.663406497592782,351971392.289827,1667.85791865606,1.02033794510234,7.85706431333533,NA,NA,NA,5.74847846816378,19.6100006103516,46259998.3215332,77.05612525,2.23506673168025,NA,NA,100,68.75,0
SLV,2018,Latin America & Caribbean,El Salvador,20720,30.2606177606178,6420740,0.509273429616579,27.977,72.023,18.253,2.039,7,73.096,12.8321331839085,1.0606254107782,25172679891.0741,3920.52627751227,1.9119532499339,1.09033000581896,75.6336168879956,28.9343737810256,46.69924310697,1.58620478716365,16.7099990844727,253440002.441406,146.9221022,0.655778351622531,1.12802193173899,16.1096582163919,590,88.75,0
SXM,2018,Latin America & Caribbean,Sint Maarten (Dutch part),34,NA,40895,0.788033880779993,0,100,NA,NA,6,NA,NA,NA,1108000824.03352,27093.7968953056,-7.33313118963186,NA,171.72478793591,67.4835061262959,104.241281809614,-4.04184728652215,NA,NA,NA,0,NA,NA,NA,NA,NA
SYR,2018,Middle East & North Africa,Syrian Arab Republic,183630,25.3880084953439,16945062,-0.884869262656999,45.838,54.162,23.685,2.808,6,71.779,7.02785743264744,1.64708751139417,15678283832.2679,925.242045869642,2.37767882977195,NA,50.6198026205142,14.9054565062558,35.7143461142584,NA,10.6599998474121,9997000000,101.0895154,NA,NA,15.950880562217,100,36.875,0
SWZ,2018,Sub-Saharan Africa,Eswatini,17200,10.1744186046512,1136274,1.014213397419,76.201,23.799,26.342,2.99,6,59.401,6.9369444719014,0.959275667664665,4289003978.11407,3774.62124286402,1.33859129669773,4.81506167461507,84.7688830050067,40.4420425982215,44.3268404067852,0.667267364258762,12.5,121300003.051758,NA,3.064026314111,2.03576226988797,23.0722763951713,2800,43.75,0
TCA,2018,Latin America & Caribbean,Turks and Caicos Islands,950,1.05263157894737,37667,1.47362360716631,6.902,93.098,NA,NA,6,NA,NA,NA,1040500783.85448,27623.6701583477,4.06605759859266,NA,NA,NA,NA,3.79337356649161,NA,NA,NA,0.00274318810702064,NA,NA,NA,NA,NA
TCD,2018,Sub-Saharan Africa,Chad,1259200,4.12960609911055,15477727,3.02350454795029,76.941,23.059,42.172,5.747,6,53.977,4.92233117628981,0.0691315979407054,10195006847.3059,658.688891935225,-0.674920920026565,4.27462198610544,74.2047537321657,36.1906824485852,38.0140712835805,4.10075324631691,75.3899993896484,875159973.144531,45.12373876,24.6201871784022,2.33946854618029,3.60339327694371,3200,66.25,0
TGO,2018,Sub-Saharan Africa,Togo,54390,48.7221915793344,7889095,2.44590389318048,58.298,41.702,33.113,4.32,6,60.76,5.14278249806897,0.286471388670057,4834325004.35888,612.785751009321,2.43974208945798,0.928170503538593,56.6889341889665,23.943475257357,32.7454589316095,-2.54453890986984,33.0999984741211,296959991.455078,77.88610174,6.17540913486715,1.96333243100018,14.9382766051538,3900,84.375,0
THA,2018,East Asia & Pacific,Thailand,510890,32.9033647164752,69428454,0.315406676202042,50.051,49.949,10.344,1.525,6,76.931,16.7589606198584,3.71403920358071,450539094020.301,6489.25718582616,3.86148228881737,1.06389754183022,120.876104737669,64.856468486664,56.0196362510046,2.60285044954352,32.1399993896484,-419350006.103516,180.1826119,2.15518218053842,1.35757399741359,16.1740284280277,16000,75,0
TJK,2018,Europe & Central Asia,Tajikistan,138790,5.05656027091289,9100847,2.45355241672442,72.866,27.134,30.761,3.585,7,70.879,5.02025502049233,0.805419539521981,10189698258.0971,1119.64284841807,4.99210090647853,NA,55.8461114113303,14.3754784742862,41.470632937044,2.84432481729144,45.7599983215332,403570007.324219,109.8800275,4.54311493000062,1.08230201615246,11.2210663784563,500,78.75,1
TLS,2018,East Asia & Pacific,Timor-Leste,14870,10.4236718224613,1267975,1.96841777174323,69.422,30.578,29.424,4.023,6,69.26,7.45470543207926,0.504741812732901,1586777700.47875,1251.42664522467,-2.62331202144843,2.29424307036244,62.4159135669821,2.87991574088934,59.5359978260927,3.02584662682702,40.5400009155273,207649993.896484,115.8141255,73.2454147536064,0.762205692726996,55.5554531345316,100,86.25,0
TKM,2018,Europe & Central Asia,Turkmenistan,469930,4.12827442385036,5850902,1.60634794553413,48.407,51.593,23.831,2.786,6,68.073,6.83639354491651,12.2596481704872,43000964982.7593,7349.45910609327,4.50768703055272,NA,35.1596941385908,22.6638117732813,12.4958823653095,4.89948824038576,21.6900005340576,20459999.0844727,160.2659146,24.0717213231671,NA,NA,NA,NA,NA
TUN,2018,Middle East & North Africa,Tunisia,155360,16.7803810504634,11565203,1.14586285100402,31.055,68.945,17.564,2.197,6,76.505,12.3169317613357,2.59225886480332,48518929510.4004,4195.2510051402,1.34297688771908,7.3075917603165,104.298038206801,45.6782556103054,58.6197825964959,2.32308345366815,14.2799997329712,806780029.296875,127.7071968,2.73905648950888,2.11338486121235,18.0903772884617,200,64.375,0
TON,2018,East Asia & Pacific,Tonga,720,27.7777777777778,103199,1.16667421428571,76.869,23.131,24.303,3.556,6,70.801,10.1543648563779,1.84110311146426,482638835.660302,4676.77822130352,-0.863365350326134,5.03209691984875,87.5352920193543,21.3974866646463,66.137805354708,4.06987540084299,19.8500003814697,87769996.6430664,104.5941258,0.0405716362184802,NA,19.2079288546778,NA,58.75,0
TUR,2018,Europe & Central Asia,Turkey,769630,25.6265997947065,82340090,1.49723204842519,24.857,75.143,16.027,2.069,6,77.437,12.6866241454705,5.0154183703224,988642300211.803,12006.8158804758,1.44952251842886,16.3324638988929,62.5543694272866,31.1528780424886,31.401491384798,1.64707293514047,18.4300003051758,1189800048.82813,97.30132788,0.352995509515902,2.52400302598215,14.6846310432206,NA,82.5,0
TTO,2018,Latin America & Caribbean,Trinidad and Tobago,5130,4.87329434697856,1389841,0.416814325359264,46.816,53.184,12.937,1.725,5,73.38,15.5928402047149,12.7784401237264,22872883185.6935,16457.1941579602,-0.350171817474873,1.01856930188828,NA,NA,NA,-2.95687532475417,3.10999989509583,NA,141.9293402,10.2645014193786,0.687787710419977,NA,500,75,0
TUV,2018,East Asia & Pacific,Tuvalu,30,NA,11505,1.22432661828226,37.613,62.387,NA,NA,6,NA,NA,0.869187309865276,39017966.0329094,3391.39209325592,1.25271621034332,NA,NA,NA,NA,0.70174894877193,NA,20190000.5340576,73.86166145,0,NA,NA,NA,NA,NA
TZA,2018,Sub-Saharan Africa,Tanzania,885800,15.240460600587,56313444,2.97948065987158,66.224,33.776,36.7,4.892,7,65.015,4.88044341080953,0.20563473262264,57011856118.7153,1042.98771692291,2.35508345813247,3.49445848856184,32.642609983094,14.7391434287158,17.9034665543783,1.70440977350521,65.6699981689453,2455000000,77.24135223,3.46039026903139,1.05523659705002,8.11258644436051,36000,81.25,0
UKR,2018,Europe & Central Asia,Ukraine,579400,56.7621677597515,44622518,-0.466425620896808,30.648,69.352,8.7,1.301,6,71.5826829268293,24.2568017451101,4.15418063140229,98783526701.4211,2336.9763289031,4.0163856007363,10.9518559353179,99.1998150718675,45.2352356625927,53.9645794092748,3.80087103565933,14.4200000762939,1223170043.94531,127.753861,2.55213450461695,3.19235326531891,20.7717491381349,4200,79.375,0
UGA,2018,Sub-Saharan Africa,Uganda,200520,34.4105326152005,42729032,3.72516390592513,76.226,23.774,38.135,4.955,6,62.973,3.79629278699564,0.143462178127508,37204541627.5275,870.708740313319,2.41677913677158,2.62397505207709,36.6384056006915,15.0870530613121,21.5513525393794,3.20512811057536,72.4499969482422,1945469970.70313,57.27260732,7.94856376406693,1.22563154674203,8.6360727301436,25000,70,0
USA,2018,North America,United States,9147420,17.2438567377468,326838199,0.526435395564053,17.744,82.256,11.6,1.7295,6,78.6390243902439,24.1399756283929,15.2408745833286,19551981480000,59821.5922735518,2.45567919884604,2.44258329692818,27.4754813169651,12.2915199559729,15.1839613609922,1.03976540830663,1.37000000476837,NA,106.4646825,0.671772158655275,3.31624880838269,13.9211932837505,NA,91.25,1
URY,2018,Latin America & Caribbean,Uruguay,175020,11.2952805393669,3449290,0.367270798048567,4.666,95.334,13.857,1.973,6,77.77,22.9406971602247,1.8902440792163,55319478843.3587,16037.9321087408,0.109558005853614,7.60653360377044,47.8253503398475,26.3964363013547,21.4289140384928,2.82909080166964,8.35999965667725,NA,129.2781837,2.13108212920714,2.13394863623092,NA,200,88.75,0
UZB,2018,Europe & Central Asia,Uzbekistan,440555,9.2258628321095,32956100,1.73698637655233,49.522,50.478,23.3,2.604,7,71.573,6.60609793585833,3.4011912817354,100427399822.586,3047.30838365541,3.54079676338269,NA,71.526143200207,26.9618975737415,44.5642456264655,1.18686912904352,26.6499996185303,557960021.972656,71.51737128,17.980987808264,3.5554825523167,13.4625673116377,810,64.375,1
VCT,2018,Latin America & Caribbean,St. Vincent and the Grenadines,390,5.12820512820513,110210,0.349034148811457,47.802,52.198,14.24,1.891,5,72.415,14.1300569533945,2.54060430088014,794228154.665432,7206.49809151104,1.80377924585939,2.32414485367923,NA,NA,NA,5.12582139924625,10.3199996948242,18149999.6185303,102.0252062,0.0225707287092419,NA,NA,NA,68.125,0
VEN,2018,Latin America & Caribbean,"Venezuela, RB",882050,2.94767870302137,28887117,-1.76833073456765,11.792,88.208,17.881,2.272,6,72.128,11.1685772712153,4.782754886893,NA,NA,NA,NA,NA,NA,NA,NA,7.53999996185303,149009994.506836,71.76613811,NA,NA,NA,3700,85,0
VGB,2018,Latin America & Caribbean,British Virgin Islands,150,6.66666666666667,29795,0.76817196579097,52.277,47.723,NA,NA,5,NA,NA,NA,NA,NA,NA,NA,NA,NA,NA,NA,NA,NA,134.0648279,NA,NA,NA,NA,NA,NA
VIR,2018,Latin America & Caribbean,Virgin Islands (U.S.),350,2.85714285714286,107001,-0.261338011929093,4.279,95.721,12.6,2.06,6,79.5195121951219,31.6214435643261,NA,3752913553.89541,35073.6306566799,1.85313503226421,NA,159.846153846154,53.4615384615385,106.384615384615,NA,1.97000002861023,NA,NA,NA,NA,42.5384615384615,NA,NA,NA
VNM,2018,East Asia & Pacific,Vietnam,310070,22.5378140419905,95545959,0.994310472332801,64.081,35.919,16.745,2.049,6,75.317,10.4597171100117,2.69880592228919,234736473566.404,2456.79122406845,6.01639837930368,3.53962805942641,208.306665858343,105.831805095761,102.474860762582,6.32101748866722,38.7000007629395,1647770019.53125,147.1952734,4.55403195636295,2.28456986005062,6.47005628677604,4000,78.75,0
VUT,2018,East Asia & Pacific,Vanuatu,12190,1.64068908941756,292675,2.48242519027756,74.726,25.274,29.595,3.782,6,70.323,6.32953505780587,0.615016656701119,837054151.279562,2860.01247554305,0.377254096136937,2.3309637956687,116.633753758522,56.6105327921724,60.0232209663494,4.10870468514392,57.6399993896484,130929992.675781,85.90542572,0.617186465877511,NA,NA,NA,55.625,0
WSM,2018,East Asia & Pacific,Samoa,2830,11.4840989399293,196128,0.393373450356795,81.757,18.243,24.378,3.877,5,73.187,8.43978306664874,1.63158753467124,850255553.431403,4335.20738207397,-1.62092175286475,4.19745888663745,84.4275521735577,34.1899654884467,50.237586685111,2.03503188766765,30.8500003814697,128100006.103516,50.98685049,0.283458817194118,NA,NA,NA,75,0
YEM,2018,Middle East & North Africa,"Yemen, Rep.",527970,2.07909540314791,28498683,2.3570444080705,63.358,36.642,30.453,3.792,6,66.096,5.00143935706196,0.326681762802864,36789669148.9415,1290.92523850809,-1.5945638098916,NA,49.3034944226832,6.05657010161868,43.2469243210645,-1.30563960731548,28.3099994659424,7985339843.75,53.67893316,4.43804454546911,NA,NA,500,26.875,0
ZAF,2018,Sub-Saharan Africa,South Africa,1213090,9.89209374407505,57792520,1.36370321600461,33.645,66.355,20.51,2.405,7,63.857,8.10640507783263,7.4966448945296,358307364996.503,6199.89169872681,0.113021477550987,4.51716522786587,54.5075835750773,27.4885881268174,27.0189954482599,1.37571218998329,5.15999984741211,921140014.648438,159.9306644,3.59819035702039,0.984961398491524,19.3716099871843,86000,88.125,0
ZMB,2018,Sub-Saharan Africa,Zambia,743390,5.11171794078478,17351714,2.91265326328102,56.479,43.521,36.192,4.633,7,63.51,3.96433459014408,0.446065443448411,23747586257.2512,1368.60175641733,1.04803356100132,7.49457192728511,74.8883695274665,37.9574045480394,36.9309649794271,1.55231396923024,50.1100006103516,1000440002.44141,89.15704437,11.307756859589,1.4094623913248,12.7086628266733,26000,78.75,0
ZWE,2018,Sub-Saharan Africa,Zimbabwe,386850,10.3399250355435,14438812,1.41038154233327,67.791,32.209,30.676,3.615,6,61.195,5.37788787847802,0.849792905399696,22077324353.2946,1529.0263737276,3.35616607123501,10.6188658669575,69.4470213226408,28.0497570808049,41.3972642418359,3.9627036899328,66.0199966430664,794510009.765625,89.40486891,4.36378216647211,1.22279496677105,11.9185397472219,23000,86.875,0
